{"assets":{"F87CF61DA88843A319E10636174A3B95":{"type":"texture","index":11,"assetRequest":{"type":"slide","state":"contents","slide":"9CA651F6-73E4-4BA0-8944-45D4F6B3E010"},"url":{"web":"assets/F87CF61DA88843A319E10636174A3B95.svg"},"width":223,"height":42},"C412DF5C1BFAA77AD8C06A290D624B16":{"type":"texture","index":13,"assetRequest":{"type":"slide","state":"contents","slide":"9CA651F6-73E4-4BA0-8944-45D4F6B3E010"},"url":{"web":"assets/C412DF5C1BFAA77AD8C06A290D624B16.svg"},"width":426,"height":42},"BB082AC764FB4D950B797C979BC0FA5A":{"type":"texture","index":7,"assetRequest":{"type":"slide","state":"contents","slide":"9CA651F6-73E4-4BA0-8944-45D4F6B3E010"},"url":{"web":"assets/BB082AC764FB4D950B797C979BC0FA5A.svg"},"width":250,"height":157},"8557721B21EAE7A160AEA8043843105F":{"type":"texture","index":4,"assetRequest":{"type":"slide","state":"contents","slide":"9CA651F6-73E4-4BA0-8944-45D4F6B3E010"},"url":{"web":"assets/8557721B21EAE7A160AEA8043843105F.svg"},"width":590,"height":53},"DB8451458D98EFA7506DBEBC2B1323F0":{"type":"texture","index":2,"assetRequest":{"type":"slide","state":"contents","slide":"9CA651F6-73E4-4BA0-8944-45D4F6B3E010"},"url":{"web":"assets/DB8451458D98EFA7506DBEBC2B1323F0.svg"},"width":1024,"height":768},"DEB9769EDE936497E12533FDEF940264":{"type":"texture","index":3,"assetRequest":{"type":"slide","state":"contents","slide":"9CA651F6-73E4-4BA0-8944-45D4F6B3E010"},"url":{"web":"assets/DEB9769EDE936497E12533FDEF940264.svg"},"width":294,"height":24},"593E206575F248496DFDFB43E256EC77":{"type":"texture","index":6,"assetRequest":{"type":"slide","state":"contents","slide":"9CA651F6-73E4-4BA0-8944-45D4F6B3E010"},"url":{"web":"assets/593E206575F248496DFDFB43E256EC77.svg"},"width":239,"height":104},"CE64E670FD7AD2A2143F49F21908E982":{"type":"texture","index":10,"assetRequest":{"type":"slide","state":"contents","slide":"9CA651F6-73E4-4BA0-8944-45D4F6B3E010"},"url":{"web":"assets/CE64E670FD7AD2A2143F49F21908E982.svg"},"width":297,"height":53},"135F4C1ECC27B4223FEF0B9BFAB814D3":{"type":"texture","index":14,"assetRequest":{"type":"slide","state":"outgoing","slide":"9CA651F6-73E4-4BA0-8944-45D4F6B3E010"},"url":{"web":"assets/135F4C1ECC27B4223FEF0B9BFAB814D3.svg"},"width":1024,"height":768},"183D037ED518A51DEE3F76BF97E2ED41":{"type":"texture","index":8,"assetRequest":{"type":"slide","state":"contents","slide":"9CA651F6-73E4-4BA0-8944-45D4F6B3E010"},"url":{"web":"assets/183D037ED518A51DEE3F76BF97E2ED41.svg"},"width":415,"height":53},"2B15A5C273A53D653445C112835C6D7A":{"type":"texture","index":12,"assetRequest":{"type":"slide","state":"contents","slide":"9CA651F6-73E4-4BA0-8944-45D4F6B3E010"},"url":{"web":"assets/2B15A5C273A53D653445C112835C6D7A.svg"},"width":181,"height":42},"0AEEF1F24698032F5A02AAE8825E869E":{"type":"texture","index":15,"assetRequest":{"type":"slide","state":"incoming","slide":"2119B582-5430-419E-9B92-61CCA4E7AB03"},"url":{"web":"assets/0AEEF1F24698032F5A02AAE8825E869E.svg"},"width":1024,"height":768},"510EE74262EDF507304B7EA05C148B32":{"type":"texture","index":5,"assetRequest":{"type":"slide","state":"contents","slide":"9CA651F6-73E4-4BA0-8944-45D4F6B3E010"},"url":{"web":"assets/510EE74262EDF507304B7EA05C148B32.svg"},"width":13,"height":17},"254DD00BFB4AE2469D5C760A6981ED91":{"type":"texture","index":9,"assetRequest":{"type":"slide","state":"contents","slide":"9CA651F6-73E4-4BA0-8944-45D4F6B3E010"},"url":{"web":"assets/254DD00BFB4AE2469D5C760A6981ED91.svg"},"width":208,"height":53}},"events":[{"effects":[{"beginTime":0,"baseLayer":{"animations":[],"initialState":{"affineTransform":[1,0,0,1,0,0],"masksToBounds":false,"rotation":0,"scale":1,"position":{"pointX":243.8891396522522,"pointY":406.074254989624},"width":354.35826587677,"sublayerTransform":[1,0,0,0,0,1,0,0,0,0,1,0,0,0,0,1],"contentsRect":{"y":0,"x":0,"width":1,"height":1},"opacity":1,"edgeAntialiasingMask":251658240,"height":65.73469161987305,"hidden":false,"anchorPoint":{"pointX":0.5,"pointY":0.5}},"objectID":"E498EF31-11BE-4854-B50A-86FF83C2EB3C","layers":[{"animations":[],"initialState":{"affineTransform":[1,0,0,1,0,0],"masksToBounds":false,"rotation":0,"scale":1,"position":{"pointX":445.2899932861328,"pointY":10.7930908203125},"width":354.35826587677,"sublayerTransform":[1,0,0,0,0,1,0,0,0,0,1,-0.0004922987690640373,0,0,0,1],"contentsRect":{"y":0,"x":0,"width":1,"height":1},"opacity":1,"edgeAntialiasingMask":251658240,"height":65.73469161987305,"hidden":false,"anchorPoint":{"pointX":1.256609584608885,"pointY":0.1641917008255883}},"layers":[{"animations":[{"timeOffset":0,"from":{"scalar":true},"beginTime":1e-100,"repeatCount":0,"fillMode":"both","property":"hidden","autoreverses":false,"duration":0.01,"to":{"scalar":false}}],"layers":[],"initialState":{"affineTransform":[1,0,0,1,0,0],"masksToBounds":false,"rotation":0,"scale":1,"position":{"pointX":93.78999328613281,"pointY":38.7930908203125},"width":181,"sublayerTransform":[1,0,0,0,0,1,0,0,0,0,1,0,0,0,0,1],"contentsRect":{"y":0,"x":0,"width":1,"height":1},"opacity":1,"edgeAntialiasingMask":0,"height":42,"hidden":true,"anchorPoint":{"pointX":0.5,"pointY":0.5}},"texture":"2B15A5C273A53D653445C112835C6D7A"}]}]},"effects":[],"duration":0.01,"type":"buildIn","name":"apple:appear","objectID":"E498EF31-11BE-4854-B50A-86FF83C2EB3C"},{"beginTime":0,"baseLayer":{"animations":[],"initialState":{"affineTransform":[1,0,0,1,0,0],"masksToBounds":false,"rotation":0,"scale":1,"position":{"pointX":443.0203757286072,"pointY":516.6472949981689},"width":619.3921918869019,"sublayerTransform":[1,0,0,0,0,1,0,0,0,0,1,0,0,0,0,1],"contentsRect":{"y":0,"x":0,"width":1,"height":1},"opacity":1,"edgeAntialiasingMask":251658240,"height":170.8057594299316,"hidden":false,"anchorPoint":{"pointX":0.5,"pointY":0.5}},"objectID":"CFEBA635-1BD1-48E6-866B-BF762FC696FC","layers":[{"animations":[],"initialState":{"affineTransform":[1,0,0,1,0,0],"masksToBounds":false,"rotation":0,"scale":1,"position":{"pointX":378.6757202148438,"pointY":-47.24441528320312},"width":619.3921918869019,"sublayerTransform":[1,0,0,0,0,1,0,0,0,0,1,-0.0004922987690640373,0,0,0,1],"contentsRect":{"y":0,"x":0,"width":1,"height":1},"opacity":1,"edgeAntialiasingMask":251658240,"height":170.8057594299316,"hidden":false,"anchorPoint":{"pointX":0.6113666351867545,"pointY":-0.2765973199081957}},"layers":[{"animations":[{"timeOffset":0,"from":{"scalar":true},"beginTime":1e-100,"repeatCount":0,"fillMode":"both","property":"hidden","autoreverses":false,"duration":0.01,"to":{"scalar":false}}],"layers":[],"initialState":{"affineTransform":[1,0,0,1,0,0],"masksToBounds":false,"rotation":0,"scale":1,"position":{"pointX":211.1757202148438,"pointY":30.25558471679688},"width":415,"sublayerTransform":[1,0,0,0,0,1,0,0,0,0,1,0,0,0,0,1],"contentsRect":{"y":0,"x":0,"width":1,"height":1},"opacity":1,"edgeAntialiasingMask":0,"height":53,"hidden":true,"anchorPoint":{"pointX":0.5,"pointY":0.5}},"texture":"183D037ED518A51DEE3F76BF97E2ED41"}]},{"animations":[],"layers":[],"initialState":{"affineTransform":[1,0,0,1,0,0],"masksToBounds":false,"rotation":0,"scale":1,"position":{"pointX":107.6757202148438,"pointY":82.25558471679688},"width":208,"sublayerTransform":[1,0,0,0,0,1,0,0,0,0,1,0,0,0,0,1],"contentsRect":{"y":0,"x":0,"width":1,"height":1},"opacity":1,"edgeAntialiasingMask":0,"height":53,"hidden":true,"anchorPoint":{"pointX":0.5,"pointY":0.5}},"texture":"254DD00BFB4AE2469D5C760A6981ED91"},{"animations":[],"layers":[],"initialState":{"affineTransform":[1,0,0,1,0,0],"masksToBounds":false,"rotation":0,"scale":1,"position":{"pointX":152.1757202148438,"pointY":134.2555847167969},"width":297,"sublayerTransform":[1,0,0,0,0,1,0,0,0,0,1,0,0,0,0,1],"contentsRect":{"y":0,"x":0,"width":1,"height":1},"opacity":1,"edgeAntialiasingMask":0,"height":53,"hidden":true,"anchorPoint":{"pointX":0.5,"pointY":0.5}},"texture":"CE64E670FD7AD2A2143F49F21908E982"}]},"effects":[{"beginTime":0,"baseLayer":{"animations":[],"initialState":{"affineTransform":[1,0,0,1,0,0],"masksToBounds":false,"rotation":0,"scale":1,"position":{"pointX":443.0203757286072,"pointY":516.6472949981689},"width":619.3921918869019,"sublayerTransform":[1,0,0,0,0,1,0,0,0,0,1,0,0,0,0,1],"contentsRect":{"y":0,"x":0,"width":1,"height":1},"opacity":1,"edgeAntialiasingMask":251658240,"height":170.8057594299316,"hidden":false,"anchorPoint":{"pointX":0.5,"pointY":0.5}},"objectID":"CFEBA635-1BD1-48E6-866B-BF762FC696FC","layers":[{"animations":[],"layers":[],"initialState":{"affineTransform":[1,0,0,1,0,0],"masksToBounds":false,"rotation":0,"scale":1,"position":{"pointX":211.1757202148438,"pointY":30.25558471679688},"width":415,"sublayerTransform":[1,0,0,0,0,1,0,0,0,0,1,0,0,0,0,1],"contentsRect":{"y":0,"x":0,"width":1,"height":1},"opacity":1,"edgeAntialiasingMask":0,"height":53,"hidden":false,"anchorPoint":{"pointX":0.5,"pointY":0.5}},"texture":"183D037ED518A51DEE3F76BF97E2ED41"},{"animations":[],"initialState":{"affineTransform":[1,0,0,1,0,0],"masksToBounds":false,"rotation":0,"scale":1,"position":{"pointX":378.6757202148438,"pointY":-47.24441528320312},"width":619.3921918869019,"sublayerTransform":[1,0,0,0,0,1,0,0,0,0,1,-0.0004922987690640373,0,0,0,1],"contentsRect":{"y":0,"x":0,"width":1,"height":1},"opacity":1,"edgeAntialiasingMask":251658240,"height":170.8057594299316,"hidden":false,"anchorPoint":{"pointX":0.6113666351867545,"pointY":-0.2765973199081957}},"layers":[{"animations":[{"timeOffset":0,"from":{"scalar":true},"beginTime":1e-100,"repeatCount":0,"fillMode":"both","property":"hidden","autoreverses":false,"duration":0.01,"to":{"scalar":false}}],"layers":[],"initialState":{"affineTransform":[1,0,0,1,0,0],"masksToBounds":false,"rotation":0,"scale":1,"position":{"pointX":107.6757202148438,"pointY":82.25558471679688},"width":208,"sublayerTransform":[1,0,0,0,0,1,0,0,0,0,1,0,0,0,0,1],"contentsRect":{"y":0,"x":0,"width":1,"height":1},"opacity":1,"edgeAntialiasingMask":0,"height":53,"hidden":true,"anchorPoint":{"pointX":0.5,"pointY":0.5}},"texture":"254DD00BFB4AE2469D5C760A6981ED91"}]},{"animations":[],"layers":[],"initialState":{"affineTransform":[1,0,0,1,0,0],"masksToBounds":false,"rotation":0,"scale":1,"position":{"pointX":152.1757202148438,"pointY":134.2555847167969},"width":297,"sublayerTransform":[1,0,0,0,0,1,0,0,0,0,1,0,0,0,0,1],"contentsRect":{"y":0,"x":0,"width":1,"height":1},"opacity":1,"edgeAntialiasingMask":0,"height":53,"hidden":true,"anchorPoint":{"pointX":0.5,"pointY":0.5}},"texture":"CE64E670FD7AD2A2143F49F21908E982"}]},"effects":[{"beginTime":0,"baseLayer":{"animations":[],"initialState":{"affineTransform":[1,0,0,1,0,0],"masksToBounds":false,"rotation":0,"scale":1,"position":{"pointX":443.0203757286072,"pointY":516.6472949981689},"width":619.3921918869019,"sublayerTransform":[1,0,0,0,0,1,0,0,0,0,1,0,0,0,0,1],"contentsRect":{"y":0,"x":0,"width":1,"height":1},"opacity":1,"edgeAntialiasingMask":251658240,"height":170.8057594299316,"hidden":false,"anchorPoint":{"pointX":0.5,"pointY":0.5}},"objectID":"CFEBA635-1BD1-48E6-866B-BF762FC696FC","layers":[{"animations":[],"layers":[],"initialState":{"affineTransform":[1,0,0,1,0,0],"masksToBounds":false,"rotation":0,"scale":1,"position":{"pointX":211.1757202148438,"pointY":30.25558471679688},"width":415,"sublayerTransform":[1,0,0,0,0,1,0,0,0,0,1,0,0,0,0,1],"contentsRect":{"y":0,"x":0,"width":1,"height":1},"opacity":1,"edgeAntialiasingMask":0,"height":53,"hidden":false,"anchorPoint":{"pointX":0.5,"pointY":0.5}},"texture":"183D037ED518A51DEE3F76BF97E2ED41"},{"animations":[],"layers":[],"initialState":{"affineTransform":[1,0,0,1,0,0],"masksToBounds":false,"rotation":0,"scale":1,"position":{"pointX":107.6757202148438,"pointY":82.25558471679688},"width":208,"sublayerTransform":[1,0,0,0,0,1,0,0,0,0,1,0,0,0,0,1],"contentsRect":{"y":0,"x":0,"width":1,"height":1},"opacity":1,"edgeAntialiasingMask":0,"height":53,"hidden":false,"anchorPoint":{"pointX":0.5,"pointY":0.5}},"texture":"254DD00BFB4AE2469D5C760A6981ED91"},{"animations":[],"initialState":{"affineTransform":[1,0,0,1,0,0],"masksToBounds":false,"rotation":0,"scale":1,"position":{"pointX":378.6757202148438,"pointY":-47.24441528320312},"width":619.3921918869019,"sublayerTransform":[1,0,0,0,0,1,0,0,0,0,1,-0.0004922987690640373,0,0,0,1],"contentsRect":{"y":0,"x":0,"width":1,"height":1},"opacity":1,"edgeAntialiasingMask":251658240,"height":170.8057594299316,"hidden":false,"anchorPoint":{"pointX":0.6113666351867545,"pointY":-0.2765973199081957}},"layers":[{"animations":[{"timeOffset":0,"from":{"scalar":true},"beginTime":1e-100,"repeatCount":0,"fillMode":"both","property":"hidden","autoreverses":false,"duration":0.01,"to":{"scalar":false}}],"layers":[],"initialState":{"affineTransform":[1,0,0,1,0,0],"masksToBounds":false,"rotation":0,"scale":1,"position":{"pointX":152.1757202148438,"pointY":134.2555847167969},"width":297,"sublayerTransform":[1,0,0,0,0,1,0,0,0,0,1,0,0,0,0,1],"contentsRect":{"y":0,"x":0,"width":1,"height":1},"opacity":1,"edgeAntialiasingMask":0,"height":53,"hidden":true,"anchorPoint":{"pointX":0.5,"pointY":0.5}},"texture":"CE64E670FD7AD2A2143F49F21908E982"}]}]},"effects":[],"duration":0.01,"type":"buildIn","name":"apple:appear","objectID":"CFEBA635-1BD1-48E6-866B-BF762FC696FC"}],"duration":0.01,"type":"buildIn","name":"apple:appear","objectID":"CFEBA635-1BD1-48E6-866B-BF762FC696FC"}],"duration":0.01,"type":"buildIn","name":"apple:appear","objectID":"CFEBA635-1BD1-48E6-866B-BF762FC696FC"}],"automaticPlay":false,"hyperlinks":[],"accessibility":[{"text":"Finale","targetRectangle":{"y":196.0240631103516,"x":208.7372376918793,"width":101.346,"height":52}},{"text":"Sibelius","targetRectangle":{"y":248.0240631103516,"x":208.7372376918793,"width":130.15,"height":52}},{"text":"MuseScore","targetRectangle":{"y":300.0240631103516,"x":208.7372376918793,"width":187.302,"height":52}},{"text":"￼","targetRectangle":{"y":721.5918579101562,"x":35.27275237441063,"width":10.008,"height":25}},{"text":"pasted-image.tif","targetRectangle":{"y":-319.1939392089844,"x":-285.0513916015625,"width":236,"height":101}},{"text":"Tools for music engraving","targetRectangle":{"y":42,"x":73.38327026367188,"width":590.4000000000001,"height":68}},{"text":"Applications","targetRectangle":{"y":140.4775695800781,"x":79.29444122314453,"width":219.64,"height":52}},{"text":"Guido Music Notation Language","targetRectangle":{"y":720.5918582081795,"x":366.2300028800964,"width":291.54,"height":27}}],"baseLayer":{"animations":[],"initialState":{"affineTransform":[1,0,0,1,0,0],"masksToBounds":false,"rotation":0,"scale":1,"position":{"pointX":512,"pointY":384},"width":1024,"sublayerTransform":[1,0,0,0,0,1,0,0,0,0,1,0,0,0,0,1],"contentsRect":{"y":0,"x":0,"width":1,"height":1},"opacity":1,"edgeAntialiasingMask":251658240,"height":768,"hidden":false,"anchorPoint":{"pointX":0.5,"pointY":0.5}},"layers":[{"animations":[],"initialState":{"affineTransform":[1,0,0,1,0,0],"masksToBounds":false,"rotation":0,"scale":1,"position":{"pointX":512,"pointY":384},"width":1024,"sublayerTransform":[1,0,0,0,0,1,0,0,0,0,1,0,0,0,0,1],"contentsRect":{"y":0,"x":0,"width":1,"height":1},"opacity":1,"edgeAntialiasingMask":251658240,"height":768,"hidden":false,"anchorPoint":{"pointX":0.5,"pointY":0.5}},"layers":[{"animations":[],"initialState":{"affineTransform":[1,0,0,1,0,0],"masksToBounds":false,"rotation":0,"scale":1,"position":{"pointX":512,"pointY":384},"width":1024,"sublayerTransform":[1,0,0,0,0,1,0,0,0,0,1,0,0,0,0,1],"contentsRect":{"y":0,"x":0,"width":1,"height":1},"opacity":1,"edgeAntialiasingMask":251658240,"height":768,"hidden":false,"anchorPoint":{"pointX":0.5,"pointY":0.5}},"layers":[{"animations":[],"layers":[],"initialState":{"affineTransform":[1,0,0,1,0,0],"masksToBounds":false,"rotation":0,"scale":1,"position":{"pointX":512,"pointY":384},"width":1024,"sublayerTransform":[1,0,0,0,0,1,0,0,0,0,1,0,0,0,0,1],"contentsRect":{"y":0,"x":0,"width":1,"height":1},"opacity":1,"edgeAntialiasingMask":0,"height":768,"hidden":false,"anchorPoint":{"pointX":0.5,"pointY":0.5}},"texture":"DB8451458D98EFA7506DBEBC2B1323F0"}]}]},{"animations":[],"initialState":{"affineTransform":[1,0,0,1,0,0],"masksToBounds":false,"rotation":0,"scale":1,"position":{"pointX":512,"pointY":384},"width":1024,"sublayerTransform":[1,0,0,0,0,1,0,0,0,0,1,0,0,0,0,1],"contentsRect":{"y":0,"x":0,"width":1,"height":1},"opacity":1,"edgeAntialiasingMask":251658240,"height":768,"hidden":false,"anchorPoint":{"pointX":0.5,"pointY":0.5}},"layers":[{"animations":[],"initialState":{"affineTransform":[1,0,0,1,0,0],"masksToBounds":false,"rotation":0,"scale":1,"position":{"pointX":512,"pointY":734.0918579101562},"width":300.5399942398071,"sublayerTransform":[1,0,0,0,0,1,0,0,0,0,1,0,0,0,0,1],"contentsRect":{"y":0,"x":0,"width":1,"height":1},"opacity":1,"edgeAntialiasingMask":251658240,"height":34.99999940395355,"hidden":false,"anchorPoint":{"pointX":0.5,"pointY":0.5}},"objectID":"F0819768-63D4-4A98-95FB-4BC9F675CE66","layers":[{"animations":[],"layers":[],"initialState":{"affineTransform":[1,0,0,1,0,0],"masksToBounds":false,"rotation":0,"scale":1,"position":{"pointX":150.2699971199036,"pointY":18.40814179182053},"width":294,"sublayerTransform":[1,0,0,0,0,1,0,0,0,0,1,0,0,0,0,1],"contentsRect":{"y":0,"x":0,"width":1,"height":1},"opacity":1,"edgeAntialiasingMask":0,"height":24,"hidden":false,"anchorPoint":{"pointX":0.5,"pointY":0.5}},"texture":"DEB9769EDE936497E12533FDEF940264"}]}]},{"animations":[],"initialState":{"affineTransform":[1,0,0,1,0,0],"masksToBounds":false,"rotation":0,"scale":1,"position":{"pointX":512,"pointY":384},"width":1024,"sublayerTransform":[1,0,0,0,0,1,0,0,0,0,1,0,0,0,0,1],"contentsRect":{"y":0,"x":0,"width":1,"height":1},"opacity":1,"edgeAntialiasingMask":251658240,"height":768,"hidden":false,"anchorPoint":{"pointX":0.5,"pointY":0.5}},"layers":[{"animations":[],"initialState":{"affineTransform":[1,0,0,1,0,0],"masksToBounds":false,"rotation":0,"scale":1,"position":{"pointX":511.8040823936462,"pointY":69.49999928474426},"width":884.8416242599487,"sublayerTransform":[1,0,0,0,0,1,0,0,0,0,1,0,0,0,0,1],"contentsRect":{"y":0,"x":0,"width":1,"height":1},"opacity":1,"edgeAntialiasingMask":251658240,"height":88.99999856948853,"hidden":false,"anchorPoint":{"pointX":0.5,"pointY":0.5}},"objectID":"634D2A0B-3B98-4D54-A2A1-29266A5C7ABD","layers":[{"animations":[],"layers":[],"initialState":{"affineTransform":[1,0,0,1,0,0],"masksToBounds":false,"rotation":0,"scale":1,"position":{"pointX":297.6167297363281,"pointY":53.5},"width":590,"sublayerTransform":[1,0,0,0,0,1,0,0,0,0,1,0,0,0,0,1],"contentsRect":{"y":0,"x":0,"width":1,"height":1},"opacity":1,"edgeAntialiasingMask":0,"height":53,"hidden":false,"anchorPoint":{"pointX":0.5,"pointY":0.5}},"texture":"8557721B21EAE7A160AEA8043843105F"}]}]},{"animations":[],"initialState":{"affineTransform":[1,0,0,1,0,0],"masksToBounds":false,"rotation":0,"scale":1,"position":{"pointX":512,"pointY":384},"width":1024,"sublayerTransform":[1,0,0,0,0,1,0,0,0,0,1,0,0,0,0,1],"contentsRect":{"y":0,"x":0,"width":1,"height":1},"opacity":1,"edgeAntialiasingMask":251658240,"height":768,"hidden":false,"anchorPoint":{"pointX":0.5,"pointY":0.5}},"layers":[{"animations":[],"initialState":{"affineTransform":[1,0,0,1,0,0],"masksToBounds":false,"rotation":0,"scale":1,"position":{"pointX":40.27675247192383,"pointY":734.0918585658073},"width":19.0080001950264,"sublayerTransform":[1,0,0,0,0,1,0,0,0,0,1,0,0,0,0,1],"contentsRect":{"y":0,"x":0,"width":1,"height":1},"opacity":1,"edgeAntialiasingMask":251658240,"height":33.00000131130219,"hidden":false,"anchorPoint":{"pointX":0.5,"pointY":0.5}},"objectID":"22A191F3-113C-4097-96E7-9379DFE1D6A4","layers":[{"animations":[],"layers":[],"initialState":{"affineTransform":[1,0,0,1,0,0],"masksToBounds":false,"rotation":0,"scale":1,"position":{"pointX":8.727247625589371,"pointY":15.90814208984375},"width":13,"sublayerTransform":[1,0,0,0,0,1,0,0,0,0,1,0,0,0,0,1],"contentsRect":{"y":0,"x":0,"width":1,"height":1},"opacity":1,"edgeAntialiasingMask":0,"height":17,"hidden":false,"anchorPoint":{"pointX":0.5,"pointY":0.5}},"texture":"510EE74262EDF507304B7EA05C148B32"}]}]},{"animations":[],"initialState":{"affineTransform":[1,0,0,1,0,0],"masksToBounds":false,"rotation":0,"scale":1,"position":{"pointX":512,"pointY":384},"width":1024,"sublayerTransform":[1,0,0,0,0,1,0,0,0,0,1,0,0,0,0,1],"contentsRect":{"y":0,"x":0,"width":1,"height":1},"opacity":1,"edgeAntialiasingMask":251658240,"height":768,"hidden":false,"anchorPoint":{"pointX":0.5,"pointY":0.5}},"layers":[{"animations":[],"initialState":{"affineTransform":[1,0,0,1,0,0],"masksToBounds":false,"rotation":0,"scale":1,"position":{"pointX":-167.0513916015625,"pointY":-268.6939392089844},"width":236,"sublayerTransform":[1,0,0,0,0,1,0,0,0,0,1,0,0,0,0,1],"contentsRect":{"y":0,"x":0,"width":1,"height":1},"opacity":1,"edgeAntialiasingMask":251658240,"height":101,"hidden":false,"anchorPoint":{"pointX":0.5,"pointY":0.5}},"objectID":"58616723-C3A1-4D89-AD9A-79DDA4E7548D","layers":[{"animations":[],"layers":[],"initialState":{"affineTransform":[1,0,0,1,0,0],"masksToBounds":false,"rotation":0,"scale":1,"position":{"pointX":117.5513916015625,"pointY":50.19393920898438},"width":239,"sublayerTransform":[1,0,0,0,0,1,0,0,0,0,1,0,0,0,0,1],"contentsRect":{"y":0,"x":0,"width":1,"height":1},"opacity":1,"edgeAntialiasingMask":0,"height":104,"hidden":false,"anchorPoint":{"pointX":0.5,"pointY":0.5}},"texture":"593E206575F248496DFDFB43E256EC77"}]}]},{"animations":[],"initialState":{"affineTransform":[1,0,0,1,0,0],"masksToBounds":false,"rotation":0,"scale":1,"position":{"pointX":512,"pointY":384},"width":1024,"sublayerTransform":[1,0,0,0,0,1,0,0,0,0,1,0,0,0,0,1],"contentsRect":{"y":0,"x":0,"width":1,"height":1},"opacity":1,"edgeAntialiasingMask":251658240,"height":768,"hidden":false,"anchorPoint":{"pointX":0.5,"pointY":0.5}},"layers":[{"animations":[],"initialState":{"affineTransform":[1,0,0,1,0,0],"masksToBounds":false,"rotation":0,"scale":1,"position":{"pointX":420.5556983947754,"pointY":282.9704102277756},"width":556.0005569458008,"sublayerTransform":[1,0,0,0,0,1,0,0,0,0,1,0,0,0,0,1],"contentsRect":{"y":0,"x":0,"width":1,"height":1},"opacity":1,"edgeAntialiasingMask":251658240,"height":181.892694234848,"hidden":false,"anchorPoint":{"pointX":0.5,"pointY":0.5}},"objectID":"43CE3627-012B-48AE-957F-270659F6DA0C","layers":[{"animations":[],"layers":[],"initialState":{"affineTransform":[1,0,0,1,0,0],"masksToBounds":false,"rotation":0,"scale":1,"position":{"pointX":128.444580078125,"pointY":82.47593688964844},"width":250,"sublayerTransform":[1,0,0,0,0,1,0,0,0,0,1,0,0,0,0,1],"contentsRect":{"y":0,"x":0,"width":1,"height":1},"opacity":1,"edgeAntialiasingMask":0,"height":157,"hidden":false,"anchorPoint":{"pointX":0.5,"pointY":0.5}},"texture":"BB082AC764FB4D950B797C979BC0FA5A"}]}]},{"animations":[],"initialState":{"affineTransform":[1,0,0,1,0,0],"masksToBounds":false,"rotation":0,"scale":1,"position":{"pointX":512,"pointY":384},"width":1024,"sublayerTransform":[1,0,0,0,0,1,0,0,0,0,1,0,0,0,0,1],"contentsRect":{"y":0,"x":0,"width":1,"height":1},"opacity":1,"edgeAntialiasingMask":251658240,"height":768,"hidden":false,"anchorPoint":{"pointX":0.5,"pointY":0.5}},"layers":[{"animations":[],"initialState":{"affineTransform":[1,0,0,1,0,0],"masksToBounds":false,"rotation":0,"scale":1,"position":{"pointX":443.0203757286072,"pointY":516.6472949981689},"width":619.3921918869019,"sublayerTransform":[1,0,0,0,0,1,0,0,0,0,1,0,0,0,0,1],"contentsRect":{"y":0,"x":0,"width":1,"height":1},"opacity":1,"edgeAntialiasingMask":251658240,"height":170.8057594299316,"hidden":false,"anchorPoint":{"pointX":0.5,"pointY":0.5}},"objectID":"CFEBA635-1BD1-48E6-866B-BF762FC696FC","layers":[{"animations":[],"layers":[],"initialState":{"affineTransform":[1,0,0,1,0,0],"masksToBounds":false,"rotation":0,"scale":1,"position":{"pointX":211.1757202148438,"pointY":30.25558471679688},"width":415,"sublayerTransform":[1,0,0,0,0,1,0,0,0,0,1,0,0,0,0,1],"contentsRect":{"y":0,"x":0,"width":1,"height":1},"opacity":1,"edgeAntialiasingMask":0,"height":53,"hidden":true,"anchorPoint":{"pointX":0.5,"pointY":0.5}},"texture":"183D037ED518A51DEE3F76BF97E2ED41"},{"animations":[],"layers":[],"initialState":{"affineTransform":[1,0,0,1,0,0],"masksToBounds":false,"rotation":0,"scale":1,"position":{"pointX":107.6757202148438,"pointY":82.25558471679688},"width":208,"sublayerTransform":[1,0,0,0,0,1,0,0,0,0,1,0,0,0,0,1],"contentsRect":{"y":0,"x":0,"width":1,"height":1},"opacity":1,"edgeAntialiasingMask":0,"height":53,"hidden":true,"anchorPoint":{"pointX":0.5,"pointY":0.5}},"texture":"254DD00BFB4AE2469D5C760A6981ED91"},{"animations":[],"layers":[],"initialState":{"affineTransform":[1,0,0,1,0,0],"masksToBounds":false,"rotation":0,"scale":1,"position":{"pointX":152.1757202148438,"pointY":134.2555847167969},"width":297,"sublayerTransform":[1,0,0,0,0,1,0,0,0,0,1,0,0,0,0,1],"contentsRect":{"y":0,"x":0,"width":1,"height":1},"opacity":1,"edgeAntialiasingMask":0,"height":53,"hidden":true,"anchorPoint":{"pointX":0.5,"pointY":0.5}},"texture":"CE64E670FD7AD2A2143F49F21908E982"}]}]},{"animations":[],"initialState":{"affineTransform":[1,0,0,1,0,0],"masksToBounds":false,"rotation":0,"scale":1,"position":{"pointX":512,"pointY":384},"width":1024,"sublayerTransform":[1,0,0,0,0,1,0,0,0,0,1,0,0,0,0,1],"contentsRect":{"y":0,"x":0,"width":1,"height":1},"opacity":1,"edgeAntialiasingMask":251658240,"height":768,"hidden":false,"anchorPoint":{"pointX":0.5,"pointY":0.5}},"layers":[{"animations":[],"initialState":{"affineTransform":[1,0,0,1,0,0],"masksToBounds":false,"rotation":0,"scale":1,"position":{"pointX":252.4735741615295,"pointY":163.3449153900146},"width":354.35826587677,"sublayerTransform":[1,0,0,0,0,1,0,0,0,0,1,0,0,0,0,1],"contentsRect":{"y":0,"x":0,"width":1,"height":1},"opacity":1,"edgeAntialiasingMask":251658240,"height":65.73469161987305,"hidden":false,"anchorPoint":{"pointX":0.5,"pointY":0.5}},"objectID":"5D657171-ACF1-4692-8EFE-C7C9373D8892","layers":[{"animations":[],"layers":[],"initialState":{"affineTransform":[1,0,0,1,0,0],"masksToBounds":false,"rotation":0,"scale":1,"position":{"pointX":113.2055587768555,"pointY":38.52243041992188},"width":223,"sublayerTransform":[1,0,0,0,0,1,0,0,0,0,1,0,0,0,0,1],"contentsRect":{"y":0,"x":0,"width":1,"height":1},"opacity":1,"edgeAntialiasingMask":0,"height":42,"hidden":false,"anchorPoint":{"pointX":0.5,"pointY":0.5}},"texture":"F87CF61DA88843A319E10636174A3B95"}]}]},{"animations":[],"initialState":{"affineTransform":[1,0,0,1,0,0],"masksToBounds":false,"rotation":0,"scale":1,"position":{"pointX":512,"pointY":384},"width":1024,"sublayerTransform":[1,0,0,0,0,1,0,0,0,0,1,0,0,0,0,1],"contentsRect":{"y":0,"x":0,"width":1,"height":1},"opacity":1,"edgeAntialiasingMask":251658240,"height":768,"hidden":false,"anchorPoint":{"pointX":0.5,"pointY":0.5}},"layers":[{"animations":[],"initialState":{"affineTransform":[1,0,0,1,0,0],"masksToBounds":false,"rotation":0,"scale":1,"position":{"pointX":243.8891396522522,"pointY":406.074254989624},"width":354.35826587677,"sublayerTransform":[1,0,0,0,0,1,0,0,0,0,1,0,0,0,0,1],"contentsRect":{"y":0,"x":0,"width":1,"height":1},"opacity":1,"edgeAntialiasingMask":251658240,"height":65.73469161987305,"hidden":false,"anchorPoint":{"pointX":0.5,"pointY":0.5}},"objectID":"E498EF31-11BE-4854-B50A-86FF83C2EB3C","layers":[{"animations":[],"layers":[],"initialState":{"affineTransform":[1,0,0,1,0,0],"masksToBounds":false,"rotation":0,"scale":1,"position":{"pointX":93.78999328613281,"pointY":38.7930908203125},"width":181,"sublayerTransform":[1,0,0,0,0,1,0,0,0,0,1,0,0,0,0,1],"contentsRect":{"y":0,"x":0,"width":1,"height":1},"opacity":1,"edgeAntialiasingMask":0,"height":42,"hidden":true,"anchorPoint":{"pointX":0.5,"pointY":0.5}},"texture":"2B15A5C273A53D653445C112835C6D7A"}]}]},{"animations":[],"initialState":{"affineTransform":[1,0,0,1,0,0],"masksToBounds":false,"rotation":0,"scale":1,"position":{"pointX":512,"pointY":384},"width":1024,"sublayerTransform":[1,0,0,0,0,1,0,0,0,0,1,0,0,0,0,1],"contentsRect":{"y":0,"x":0,"width":1,"height":1},"opacity":1,"edgeAntialiasingMask":251658240,"height":768,"hidden":false,"anchorPoint":{"pointX":0.5,"pointY":0.5}},"layers":[{"animations":[],"initialState":{"affineTransform":[1,0,0,1,0,0],"masksToBounds":false,"rotation":0,"scale":1,"position":{"pointX":325.5346708297729,"pointY":648.8035640716553},"width":500.4804592132568,"sublayerTransform":[1,0,0,0,0,1,0,0,0,0,1,0,0,0,0,1],"contentsRect":{"y":0,"x":0,"width":1,"height":1},"opacity":1,"edgeAntialiasingMask":251658240,"height":65.73469161987305,"hidden":false,"anchorPoint":{"pointX":0.5,"pointY":0.5}},"objectID":"F809F9FC-BB8E-4D14-8773-5B378C66D9AD","layers":[{"animations":[],"layers":[],"initialState":{"affineTransform":[1,0,0,1,0,0],"masksToBounds":false,"rotation":0,"scale":1,"position":{"pointX":215.7055587768555,"pointY":38.06378173828125},"width":426,"sublayerTransform":[1,0,0,0,0,1,0,0,0,0,1,0,0,0,0,1],"contentsRect":{"y":0,"x":0,"width":1,"height":1},"opacity":1,"edgeAntialiasingMask":0,"height":42,"hidden":true,"anchorPoint":{"pointX":0.5,"pointY":0.5}},"texture":"C412DF5C1BFAA77AD8C06A290D624B16"}]}]}]}},{"effects":[{"beginTime":0,"baseLayer":{"animations":[],"initialState":{"affineTransform":[1,0,0,1,0,0],"masksToBounds":false,"rotation":0,"scale":1,"position":{"pointX":325.5346708297729,"pointY":648.8035640716553},"width":500.4804592132568,"sublayerTransform":[1,0,0,0,0,1,0,0,0,0,1,0,0,0,0,1],"contentsRect":{"y":0,"x":0,"width":1,"height":1},"opacity":1,"edgeAntialiasingMask":251658240,"height":65.73469161987305,"hidden":false,"anchorPoint":{"pointX":0.5,"pointY":0.5}},"objectID":"F809F9FC-BB8E-4D14-8773-5B378C66D9AD","layers":[{"animations":[],"initialState":{"affineTransform":[1,0,0,1,0,0],"masksToBounds":false,"rotation":0,"scale":1,"position":{"pointX":436.7055587768555,"pointY":-231.9362182617188},"width":500.4804592132568,"sublayerTransform":[1,0,0,0,0,1,0,0,0,0,1,-0.0004922987690640373,0,0,0,1],"contentsRect":{"y":0,"x":0,"width":1,"height":1},"opacity":1,"edgeAntialiasingMask":251658240,"height":65.73469161987305,"hidden":false,"anchorPoint":{"pointX":0.8725726464192949,"pointY":-3.528368545530673}},"layers":[{"animations":[{"timeOffset":0,"from":{"scalar":true},"beginTime":1e-100,"repeatCount":0,"fillMode":"both","property":"hidden","autoreverses":false,"duration":0.01,"to":{"scalar":false}}],"layers":[],"initialState":{"affineTransform":[1,0,0,1,0,0],"masksToBounds":false,"rotation":0,"scale":1,"position":{"pointX":215.7055587768555,"pointY":38.06378173828125},"width":426,"sublayerTransform":[1,0,0,0,0,1,0,0,0,0,1,0,0,0,0,1],"contentsRect":{"y":0,"x":0,"width":1,"height":1},"opacity":1,"edgeAntialiasingMask":0,"height":42,"hidden":true,"anchorPoint":{"pointX":0.5,"pointY":0.5}},"texture":"C412DF5C1BFAA77AD8C06A290D624B16"}]}]},"effects":[],"duration":0.01,"type":"buildIn","name":"apple:appear","objectID":"F809F9FC-BB8E-4D14-8773-5B378C66D9AD"}],"automaticPlay":false,"hyperlinks":[],"accessibility":[{"text":"Finale","targetRectangle":{"y":196.0240631103516,"x":208.7372376918793,"width":101.346,"height":52}},{"text":"Sibelius","targetRectangle":{"y":248.0240631103516,"x":208.7372376918793,"width":130.15,"height":52}},{"text":"MuseScore","targetRectangle":{"y":300.0240631103516,"x":208.7372376918793,"width":187.302,"height":52}},{"text":"￼","targetRectangle":{"y":721.5918579101562,"x":35.27275237441063,"width":10.008,"height":25}},{"text":"pasted-image.tif","targetRectangle":{"y":-319.1939392089844,"x":-285.0513916015625,"width":236,"height":101}},{"text":"TeX based compilers","targetRectangle":{"y":435.2444152832031,"x":199.5060975551605,"width":351.8799999999999,"height":52}},{"text":"Lilypond","targetRectangle":{"y":487.2444152832031,"x":199.5060975551605,"width":145.654,"height":52}},{"text":"Guido Engine","targetRectangle":{"y":539.2444152832031,"x":199.5060975551605,"width":234.384,"height":52}},{"text":"Tools for music engraving","targetRectangle":{"y":42,"x":73.38327026367188,"width":590.4000000000001,"height":68}},{"text":"Applications","targetRectangle":{"y":140.4775695800781,"x":79.29444122314453,"width":219.64,"height":52}},{"text":"Guido Music Notation Language","targetRectangle":{"y":720.5918582081795,"x":366.2300028800964,"width":291.54,"height":27}},{"text":"Compilers","targetRectangle":{"y":383.2069091796875,"x":70.71000671386719,"width":179.93,"height":52}}],"baseLayer":{"animations":[],"initialState":{"affineTransform":[1,0,0,1,0,0],"masksToBounds":false,"rotation":0,"scale":1,"position":{"pointX":512,"pointY":384},"width":1024,"sublayerTransform":[1,0,0,0,0,1,0,0,0,0,1,0,0,0,0,1],"contentsRect":{"y":0,"x":0,"width":1,"height":1},"opacity":1,"edgeAntialiasingMask":251658240,"height":768,"hidden":false,"anchorPoint":{"pointX":0.5,"pointY":0.5}},"layers":[{"animations":[],"initialState":{"affineTransform":[1,0,0,1,0,0],"masksToBounds":false,"rotation":0,"scale":1,"position":{"pointX":512,"pointY":384},"width":1024,"sublayerTransform":[1,0,0,0,0,1,0,0,0,0,1,0,0,0,0,1],"contentsRect":{"y":0,"x":0,"width":1,"height":1},"opacity":1,"edgeAntialiasingMask":251658240,"height":768,"hidden":false,"anchorPoint":{"pointX":0.5,"pointY":0.5}},"layers":[{"animations":[],"initialState":{"affineTransform":[1,0,0,1,0,0],"masksToBounds":false,"rotation":0,"scale":1,"position":{"pointX":512,"pointY":384},"width":1024,"sublayerTransform":[1,0,0,0,0,1,0,0,0,0,1,0,0,0,0,1],"contentsRect":{"y":0,"x":0,"width":1,"height":1},"opacity":1,"edgeAntialiasingMask":251658240,"height":768,"hidden":false,"anchorPoint":{"pointX":0.5,"pointY":0.5}},"layers":[{"animations":[],"layers":[],"initialState":{"affineTransform":[1,0,0,1,0,0],"masksToBounds":false,"rotation":0,"scale":1,"position":{"pointX":512,"pointY":384},"width":1024,"sublayerTransform":[1,0,0,0,0,1,0,0,0,0,1,0,0,0,0,1],"contentsRect":{"y":0,"x":0,"width":1,"height":1},"opacity":1,"edgeAntialiasingMask":0,"height":768,"hidden":false,"anchorPoint":{"pointX":0.5,"pointY":0.5}},"texture":"DB8451458D98EFA7506DBEBC2B1323F0"}]}]},{"animations":[],"initialState":{"affineTransform":[1,0,0,1,0,0],"masksToBounds":false,"rotation":0,"scale":1,"position":{"pointX":512,"pointY":384},"width":1024,"sublayerTransform":[1,0,0,0,0,1,0,0,0,0,1,0,0,0,0,1],"contentsRect":{"y":0,"x":0,"width":1,"height":1},"opacity":1,"edgeAntialiasingMask":251658240,"height":768,"hidden":false,"anchorPoint":{"pointX":0.5,"pointY":0.5}},"layers":[{"animations":[],"initialState":{"affineTransform":[1,0,0,1,0,0],"masksToBounds":false,"rotation":0,"scale":1,"position":{"pointX":512,"pointY":734.0918579101562},"width":300.5399942398071,"sublayerTransform":[1,0,0,0,0,1,0,0,0,0,1,0,0,0,0,1],"contentsRect":{"y":0,"x":0,"width":1,"height":1},"opacity":1,"edgeAntialiasingMask":251658240,"height":34.99999940395355,"hidden":false,"anchorPoint":{"pointX":0.5,"pointY":0.5}},"objectID":"F0819768-63D4-4A98-95FB-4BC9F675CE66","layers":[{"animations":[],"layers":[],"initialState":{"affineTransform":[1,0,0,1,0,0],"masksToBounds":false,"rotation":0,"scale":1,"position":{"pointX":150.2699971199036,"pointY":18.40814179182053},"width":294,"sublayerTransform":[1,0,0,0,0,1,0,0,0,0,1,0,0,0,0,1],"contentsRect":{"y":0,"x":0,"width":1,"height":1},"opacity":1,"edgeAntialiasingMask":0,"height":24,"hidden":false,"anchorPoint":{"pointX":0.5,"pointY":0.5}},"texture":"DEB9769EDE936497E12533FDEF940264"}]}]},{"animations":[],"initialState":{"affineTransform":[1,0,0,1,0,0],"masksToBounds":false,"rotation":0,"scale":1,"position":{"pointX":512,"pointY":384},"width":1024,"sublayerTransform":[1,0,0,0,0,1,0,0,0,0,1,0,0,0,0,1],"contentsRect":{"y":0,"x":0,"width":1,"height":1},"opacity":1,"edgeAntialiasingMask":251658240,"height":768,"hidden":false,"anchorPoint":{"pointX":0.5,"pointY":0.5}},"layers":[{"animations":[],"initialState":{"affineTransform":[1,0,0,1,0,0],"masksToBounds":false,"rotation":0,"scale":1,"position":{"pointX":511.8040823936462,"pointY":69.49999928474426},"width":884.8416242599487,"sublayerTransform":[1,0,0,0,0,1,0,0,0,0,1,0,0,0,0,1],"contentsRect":{"y":0,"x":0,"width":1,"height":1},"opacity":1,"edgeAntialiasingMask":251658240,"height":88.99999856948853,"hidden":false,"anchorPoint":{"pointX":0.5,"pointY":0.5}},"objectID":"634D2A0B-3B98-4D54-A2A1-29266A5C7ABD","layers":[{"animations":[],"layers":[],"initialState":{"affineTransform":[1,0,0,1,0,0],"masksToBounds":false,"rotation":0,"scale":1,"position":{"pointX":297.6167297363281,"pointY":53.5},"width":590,"sublayerTransform":[1,0,0,0,0,1,0,0,0,0,1,0,0,0,0,1],"contentsRect":{"y":0,"x":0,"width":1,"height":1},"opacity":1,"edgeAntialiasingMask":0,"height":53,"hidden":false,"anchorPoint":{"pointX":0.5,"pointY":0.5}},"texture":"8557721B21EAE7A160AEA8043843105F"}]}]},{"animations":[],"initialState":{"affineTransform":[1,0,0,1,0,0],"masksToBounds":false,"rotation":0,"scale":1,"position":{"pointX":512,"pointY":384},"width":1024,"sublayerTransform":[1,0,0,0,0,1,0,0,0,0,1,0,0,0,0,1],"contentsRect":{"y":0,"x":0,"width":1,"height":1},"opacity":1,"edgeAntialiasingMask":251658240,"height":768,"hidden":false,"anchorPoint":{"pointX":0.5,"pointY":0.5}},"layers":[{"animations":[],"initialState":{"affineTransform":[1,0,0,1,0,0],"masksToBounds":false,"rotation":0,"scale":1,"position":{"pointX":40.27675247192383,"pointY":734.0918585658073},"width":19.0080001950264,"sublayerTransform":[1,0,0,0,0,1,0,0,0,0,1,0,0,0,0,1],"contentsRect":{"y":0,"x":0,"width":1,"height":1},"opacity":1,"edgeAntialiasingMask":251658240,"height":33.00000131130219,"hidden":false,"anchorPoint":{"pointX":0.5,"pointY":0.5}},"objectID":"22A191F3-113C-4097-96E7-9379DFE1D6A4","layers":[{"animations":[],"layers":[],"initialState":{"affineTransform":[1,0,0,1,0,0],"masksToBounds":false,"rotation":0,"scale":1,"position":{"pointX":8.727247625589371,"pointY":15.90814208984375},"width":13,"sublayerTransform":[1,0,0,0,0,1,0,0,0,0,1,0,0,0,0,1],"contentsRect":{"y":0,"x":0,"width":1,"height":1},"opacity":1,"edgeAntialiasingMask":0,"height":17,"hidden":false,"anchorPoint":{"pointX":0.5,"pointY":0.5}},"texture":"510EE74262EDF507304B7EA05C148B32"}]}]},{"animations":[],"initialState":{"affineTransform":[1,0,0,1,0,0],"masksToBounds":false,"rotation":0,"scale":1,"position":{"pointX":512,"pointY":384},"width":1024,"sublayerTransform":[1,0,0,0,0,1,0,0,0,0,1,0,0,0,0,1],"contentsRect":{"y":0,"x":0,"width":1,"height":1},"opacity":1,"edgeAntialiasingMask":251658240,"height":768,"hidden":false,"anchorPoint":{"pointX":0.5,"pointY":0.5}},"layers":[{"animations":[],"initialState":{"affineTransform":[1,0,0,1,0,0],"masksToBounds":false,"rotation":0,"scale":1,"position":{"pointX":-167.0513916015625,"pointY":-268.6939392089844},"width":236,"sublayerTransform":[1,0,0,0,0,1,0,0,0,0,1,0,0,0,0,1],"contentsRect":{"y":0,"x":0,"width":1,"height":1},"opacity":1,"edgeAntialiasingMask":251658240,"height":101,"hidden":false,"anchorPoint":{"pointX":0.5,"pointY":0.5}},"objectID":"58616723-C3A1-4D89-AD9A-79DDA4E7548D","layers":[{"animations":[],"layers":[],"initialState":{"affineTransform":[1,0,0,1,0,0],"masksToBounds":false,"rotation":0,"scale":1,"position":{"pointX":117.5513916015625,"pointY":50.19393920898438},"width":239,"sublayerTransform":[1,0,0,0,0,1,0,0,0,0,1,0,0,0,0,1],"contentsRect":{"y":0,"x":0,"width":1,"height":1},"opacity":1,"edgeAntialiasingMask":0,"height":104,"hidden":false,"anchorPoint":{"pointX":0.5,"pointY":0.5}},"texture":"593E206575F248496DFDFB43E256EC77"}]}]},{"animations":[],"initialState":{"affineTransform":[1,0,0,1,0,0],"masksToBounds":false,"rotation":0,"scale":1,"position":{"pointX":512,"pointY":384},"width":1024,"sublayerTransform":[1,0,0,0,0,1,0,0,0,0,1,0,0,0,0,1],"contentsRect":{"y":0,"x":0,"width":1,"height":1},"opacity":1,"edgeAntialiasingMask":251658240,"height":768,"hidden":false,"anchorPoint":{"pointX":0.5,"pointY":0.5}},"layers":[{"animations":[],"initialState":{"affineTransform":[1,0,0,1,0,0],"masksToBounds":false,"rotation":0,"scale":1,"position":{"pointX":420.5556983947754,"pointY":282.9704102277756},"width":556.0005569458008,"sublayerTransform":[1,0,0,0,0,1,0,0,0,0,1,0,0,0,0,1],"contentsRect":{"y":0,"x":0,"width":1,"height":1},"opacity":1,"edgeAntialiasingMask":251658240,"height":181.892694234848,"hidden":false,"anchorPoint":{"pointX":0.5,"pointY":0.5}},"objectID":"43CE3627-012B-48AE-957F-270659F6DA0C","layers":[{"animations":[],"layers":[],"initialState":{"affineTransform":[1,0,0,1,0,0],"masksToBounds":false,"rotation":0,"scale":1,"position":{"pointX":128.444580078125,"pointY":82.47593688964844},"width":250,"sublayerTransform":[1,0,0,0,0,1,0,0,0,0,1,0,0,0,0,1],"contentsRect":{"y":0,"x":0,"width":1,"height":1},"opacity":1,"edgeAntialiasingMask":0,"height":157,"hidden":false,"anchorPoint":{"pointX":0.5,"pointY":0.5}},"texture":"BB082AC764FB4D950B797C979BC0FA5A"}]}]},{"animations":[],"initialState":{"affineTransform":[1,0,0,1,0,0],"masksToBounds":false,"rotation":0,"scale":1,"position":{"pointX":512,"pointY":384},"width":1024,"sublayerTransform":[1,0,0,0,0,1,0,0,0,0,1,0,0,0,0,1],"contentsRect":{"y":0,"x":0,"width":1,"height":1},"opacity":1,"edgeAntialiasingMask":251658240,"height":768,"hidden":false,"anchorPoint":{"pointX":0.5,"pointY":0.5}},"layers":[{"animations":[],"initialState":{"affineTransform":[1,0,0,1,0,0],"masksToBounds":false,"rotation":0,"scale":1,"position":{"pointX":443.0203757286072,"pointY":516.6472949981689},"width":619.3921918869019,"sublayerTransform":[1,0,0,0,0,1,0,0,0,0,1,0,0,0,0,1],"contentsRect":{"y":0,"x":0,"width":1,"height":1},"opacity":1,"edgeAntialiasingMask":251658240,"height":170.8057594299316,"hidden":false,"anchorPoint":{"pointX":0.5,"pointY":0.5}},"objectID":"CFEBA635-1BD1-48E6-866B-BF762FC696FC","layers":[{"animations":[],"layers":[],"initialState":{"affineTransform":[1,0,0,1,0,0],"masksToBounds":false,"rotation":0,"scale":1,"position":{"pointX":211.1757202148438,"pointY":30.25558471679688},"width":415,"sublayerTransform":[1,0,0,0,0,1,0,0,0,0,1,0,0,0,0,1],"contentsRect":{"y":0,"x":0,"width":1,"height":1},"opacity":1,"edgeAntialiasingMask":0,"height":53,"hidden":false,"anchorPoint":{"pointX":0.5,"pointY":0.5}},"texture":"183D037ED518A51DEE3F76BF97E2ED41"},{"animations":[],"layers":[],"initialState":{"affineTransform":[1,0,0,1,0,0],"masksToBounds":false,"rotation":0,"scale":1,"position":{"pointX":107.6757202148438,"pointY":82.25558471679688},"width":208,"sublayerTransform":[1,0,0,0,0,1,0,0,0,0,1,0,0,0,0,1],"contentsRect":{"y":0,"x":0,"width":1,"height":1},"opacity":1,"edgeAntialiasingMask":0,"height":53,"hidden":false,"anchorPoint":{"pointX":0.5,"pointY":0.5}},"texture":"254DD00BFB4AE2469D5C760A6981ED91"},{"animations":[],"layers":[],"initialState":{"affineTransform":[1,0,0,1,0,0],"masksToBounds":false,"rotation":0,"scale":1,"position":{"pointX":152.1757202148438,"pointY":134.2555847167969},"width":297,"sublayerTransform":[1,0,0,0,0,1,0,0,0,0,1,0,0,0,0,1],"contentsRect":{"y":0,"x":0,"width":1,"height":1},"opacity":1,"edgeAntialiasingMask":0,"height":53,"hidden":false,"anchorPoint":{"pointX":0.5,"pointY":0.5}},"texture":"CE64E670FD7AD2A2143F49F21908E982"}]}]},{"animations":[],"initialState":{"affineTransform":[1,0,0,1,0,0],"masksToBounds":false,"rotation":0,"scale":1,"position":{"pointX":512,"pointY":384},"width":1024,"sublayerTransform":[1,0,0,0,0,1,0,0,0,0,1,0,0,0,0,1],"contentsRect":{"y":0,"x":0,"width":1,"height":1},"opacity":1,"edgeAntialiasingMask":251658240,"height":768,"hidden":false,"anchorPoint":{"pointX":0.5,"pointY":0.5}},"layers":[{"animations":[],"initialState":{"affineTransform":[1,0,0,1,0,0],"masksToBounds":false,"rotation":0,"scale":1,"position":{"pointX":252.4735741615295,"pointY":163.3449153900146},"width":354.35826587677,"sublayerTransform":[1,0,0,0,0,1,0,0,0,0,1,0,0,0,0,1],"contentsRect":{"y":0,"x":0,"width":1,"height":1},"opacity":1,"edgeAntialiasingMask":251658240,"height":65.73469161987305,"hidden":false,"anchorPoint":{"pointX":0.5,"pointY":0.5}},"objectID":"5D657171-ACF1-4692-8EFE-C7C9373D8892","layers":[{"animations":[],"layers":[],"initialState":{"affineTransform":[1,0,0,1,0,0],"masksToBounds":false,"rotation":0,"scale":1,"position":{"pointX":113.2055587768555,"pointY":38.52243041992188},"width":223,"sublayerTransform":[1,0,0,0,0,1,0,0,0,0,1,0,0,0,0,1],"contentsRect":{"y":0,"x":0,"width":1,"height":1},"opacity":1,"edgeAntialiasingMask":0,"height":42,"hidden":false,"anchorPoint":{"pointX":0.5,"pointY":0.5}},"texture":"F87CF61DA88843A319E10636174A3B95"}]}]},{"animations":[],"initialState":{"affineTransform":[1,0,0,1,0,0],"masksToBounds":false,"rotation":0,"scale":1,"position":{"pointX":512,"pointY":384},"width":1024,"sublayerTransform":[1,0,0,0,0,1,0,0,0,0,1,0,0,0,0,1],"contentsRect":{"y":0,"x":0,"width":1,"height":1},"opacity":1,"edgeAntialiasingMask":251658240,"height":768,"hidden":false,"anchorPoint":{"pointX":0.5,"pointY":0.5}},"layers":[{"animations":[],"initialState":{"affineTransform":[1,0,0,1,0,0],"masksToBounds":false,"rotation":0,"scale":1,"position":{"pointX":243.8891396522522,"pointY":406.074254989624},"width":354.35826587677,"sublayerTransform":[1,0,0,0,0,1,0,0,0,0,1,0,0,0,0,1],"contentsRect":{"y":0,"x":0,"width":1,"height":1},"opacity":1,"edgeAntialiasingMask":251658240,"height":65.73469161987305,"hidden":false,"anchorPoint":{"pointX":0.5,"pointY":0.5}},"objectID":"E498EF31-11BE-4854-B50A-86FF83C2EB3C","layers":[{"animations":[],"layers":[],"initialState":{"affineTransform":[1,0,0,1,0,0],"masksToBounds":false,"rotation":0,"scale":1,"position":{"pointX":93.78999328613281,"pointY":38.7930908203125},"width":181,"sublayerTransform":[1,0,0,0,0,1,0,0,0,0,1,0,0,0,0,1],"contentsRect":{"y":0,"x":0,"width":1,"height":1},"opacity":1,"edgeAntialiasingMask":0,"height":42,"hidden":false,"anchorPoint":{"pointX":0.5,"pointY":0.5}},"texture":"2B15A5C273A53D653445C112835C6D7A"}]}]},{"animations":[],"initialState":{"affineTransform":[1,0,0,1,0,0],"masksToBounds":false,"rotation":0,"scale":1,"position":{"pointX":512,"pointY":384},"width":1024,"sublayerTransform":[1,0,0,0,0,1,0,0,0,0,1,0,0,0,0,1],"contentsRect":{"y":0,"x":0,"width":1,"height":1},"opacity":1,"edgeAntialiasingMask":251658240,"height":768,"hidden":false,"anchorPoint":{"pointX":0.5,"pointY":0.5}},"layers":[{"animations":[],"initialState":{"affineTransform":[1,0,0,1,0,0],"masksToBounds":false,"rotation":0,"scale":1,"position":{"pointX":325.5346708297729,"pointY":648.8035640716553},"width":500.4804592132568,"sublayerTransform":[1,0,0,0,0,1,0,0,0,0,1,0,0,0,0,1],"contentsRect":{"y":0,"x":0,"width":1,"height":1},"opacity":1,"edgeAntialiasingMask":251658240,"height":65.73469161987305,"hidden":false,"anchorPoint":{"pointX":0.5,"pointY":0.5}},"objectID":"F809F9FC-BB8E-4D14-8773-5B378C66D9AD","layers":[{"animations":[],"layers":[],"initialState":{"affineTransform":[1,0,0,1,0,0],"masksToBounds":false,"rotation":0,"scale":1,"position":{"pointX":215.7055587768555,"pointY":38.06378173828125},"width":426,"sublayerTransform":[1,0,0,0,0,1,0,0,0,0,1,0,0,0,0,1],"contentsRect":{"y":0,"x":0,"width":1,"height":1},"opacity":1,"edgeAntialiasingMask":0,"height":42,"hidden":true,"anchorPoint":{"pointX":0.5,"pointY":0.5}},"texture":"C412DF5C1BFAA77AD8C06A290D624B16"}]}]}]}},{"effects":[{"beginTime":0,"baseLayer":{"animations":[],"initialState":{"affineTransform":[1,0,0,1,0,0],"masksToBounds":false,"rotation":0,"scale":1,"position":{"pointX":512,"pointY":384},"width":1024,"sublayerTransform":[1,0,0,0,0,1,0,0,0,0,1,0,0,0,0,1],"contentsRect":{"y":0,"x":0,"width":1,"height":1},"opacity":1,"edgeAntialiasingMask":251658240,"height":768,"hidden":false,"anchorPoint":{"pointX":0.5,"pointY":0.5}},"objectID":"0","layers":[{"animations":[],"initialState":{"affineTransform":[1,0,0,1,0,0],"masksToBounds":false,"rotation":0,"scale":1,"position":{"pointX":512,"pointY":384},"width":1024,"sublayerTransform":[1,0,0,0,0,1,0,0,0,0,1,-0.0004922987690640373,0,0,0,1],"contentsRect":{"y":0,"x":0,"width":1,"height":1},"opacity":1,"edgeAntialiasingMask":251658240,"height":768,"hidden":false,"anchorPoint":{"pointX":0.5,"pointY":0.5}},"layers":[{"animations":[],"layers":[],"initialState":{"affineTransform":[1,0,0,1,0,0],"masksToBounds":false,"rotation":0,"scale":1,"position":{"pointX":512,"pointY":384},"width":1024,"sublayerTransform":[1,0,0,0,0,1,0,0,0,0,1,0,0,0,0,1],"contentsRect":{"y":0,"x":0,"width":1,"height":1},"opacity":1,"edgeAntialiasingMask":0,"height":768,"hidden":false,"anchorPoint":{"pointX":0.5,"pointY":0.5}},"texture":"0AEEF1F24698032F5A02AAE8825E869E"},{"animations":[{"timeOffset":0,"from":{"scalar":1},"beginTime":0,"repeatCount":0,"fillMode":"both","duration":1,"autoreverses":false,"timingFunction":"EaseInEaseOut","property":"opacity","to":{"scalar":0}}],"layers":[],"initialState":{"affineTransform":[1,0,0,1,0,0],"masksToBounds":false,"rotation":0,"scale":1,"position":{"pointX":512,"pointY":384},"width":1024,"sublayerTransform":[1,0,0,0,0,1,0,0,0,0,1,0,0,0,0,1],"contentsRect":{"y":0,"x":0,"width":1,"height":1},"opacity":1,"edgeAntialiasingMask":0,"height":768,"hidden":false,"anchorPoint":{"pointX":0.5,"pointY":0.5}},"texture":"135F4C1ECC27B4223FEF0B9BFAB814D3"}]}]},"effects":[],"duration":1,"type":"transition","name":"apple:dissolve","objectID":"0"}],"automaticPlay":false,"hyperlinks":[],"accessibility":[{"text":"Finale","targetRectangle":{"y":196.0240631103516,"x":208.7372376918793,"width":101.346,"height":52}},{"text":"Sibelius","targetRectangle":{"y":248.0240631103516,"x":208.7372376918793,"width":130.15,"height":52}},{"text":"MuseScore","targetRectangle":{"y":300.0240631103516,"x":208.7372376918793,"width":187.302,"height":52}},{"text":"Web based applications","targetRectangle":{"y":625.9362182617188,"x":79.29444122314453,"width":423.244,"height":52}},{"text":"￼","targetRectangle":{"y":721.5918579101562,"x":35.27275237441063,"width":10.008,"height":25}},{"text":"pasted-image.tif","targetRectangle":{"y":-319.1939392089844,"x":-285.0513916015625,"width":236,"height":101}},{"text":"TeX based compilers","targetRectangle":{"y":435.2444152832031,"x":199.5060975551605,"width":351.8799999999999,"height":52}},{"text":"Lilypond","targetRectangle":{"y":487.2444152832031,"x":199.5060975551605,"width":145.654,"height":52}},{"text":"Guido Engine","targetRectangle":{"y":539.2444152832031,"x":199.5060975551605,"width":234.384,"height":52}},{"text":"Tools for music engraving","targetRectangle":{"y":42,"x":73.38327026367188,"width":590.4000000000001,"height":68}},{"text":"Applications","targetRectangle":{"y":140.4775695800781,"x":79.29444122314453,"width":219.64,"height":52}},{"text":"Guido Music Notation Language","targetRectangle":{"y":720.5918582081795,"x":366.2300028800964,"width":291.54,"height":27}},{"text":"Compilers","targetRectangle":{"y":383.2069091796875,"x":70.71000671386719,"width":179.93,"height":52}}],"baseLayer":{"animations":[],"initialState":{"affineTransform":[1,0,0,1,0,0],"masksToBounds":false,"rotation":0,"scale":1,"position":{"pointX":512,"pointY":384},"width":1024,"sublayerTransform":[1,0,0,0,0,1,0,0,0,0,1,0,0,0,0,1],"contentsRect":{"y":0,"x":0,"width":1,"height":1},"opacity":1,"edgeAntialiasingMask":251658240,"height":768,"hidden":false,"anchorPoint":{"pointX":0.5,"pointY":0.5}},"objectID":"0","layers":[{"animations":[],"initialState":{"affineTransform":[1,0,0,1,0,0],"masksToBounds":false,"rotation":0,"scale":1,"position":{"pointX":512,"pointY":384},"width":1024,"sublayerTransform":[1,0,0,0,0,1,0,0,0,0,1,-0.0004922987690640373,0,0,0,1],"contentsRect":{"y":0,"x":0,"width":1,"height":1},"opacity":1,"edgeAntialiasingMask":251658240,"height":768,"hidden":false,"anchorPoint":{"pointX":0.5,"pointY":0.5}},"layers":[{"animations":[],"layers":[],"initialState":{"affineTransform":[1,0,0,1,0,0],"masksToBounds":false,"rotation":0,"scale":1,"position":{"pointX":512,"pointY":384},"width":1024,"sublayerTransform":[1,0,0,0,0,1,0,0,0,0,1,0,0,0,0,1],"contentsRect":{"y":0,"x":0,"width":1,"height":1},"opacity":1,"edgeAntialiasingMask":0,"height":768,"hidden":false,"anchorPoint":{"pointX":0.5,"pointY":0.5}},"texture":"135F4C1ECC27B4223FEF0B9BFAB814D3"}]}]}}]}