{"assets":{"4FCC11D44B6D73C6687102CB49EFE6CA":{"type":"texture","index":1883,"assetRequest":{"type":"slide","state":"outgoing","slide":"1DEF5A41-6AFA-48DE-805C-15573AB1B0B2"},"url":{"web":"assets/4FCC11D44B6D73C6687102CB49EFE6CA.svg"},"width":1024,"height":768},"5BFD5FAE606E113DE82D96A4D4771A94":{"type":"texture","index":1884,"assetRequest":{"type":"slide","state":"incoming","slide":"42C91C6B-042C-4D2E-B67B-F7FE9B9848D7"},"url":{"web":"assets/5BFD5FAE606E113DE82D96A4D4771A94.svg"},"width":1024,"height":768}},"events":[{"effects":[{"beginTime":0,"baseLayer":{"animations":[],"initialState":{"affineTransform":[1,0,0,1,0,0],"masksToBounds":false,"rotation":0,"scale":1,"position":{"pointX":512,"pointY":384},"width":1024,"sublayerTransform":[1,0,0,0,0,1,0,0,0,0,1,0,0,0,0,1],"contentsRect":{"y":0,"x":0,"width":1,"height":1},"opacity":1,"edgeAntialiasingMask":251658240,"height":768,"hidden":false,"anchorPoint":{"pointX":0.5,"pointY":0.5}},"objectID":"0","layers":[{"animations":[],"initialState":{"affineTransform":[1,0,0,1,0,0],"masksToBounds":false,"rotation":0,"scale":1,"position":{"pointX":512,"pointY":384},"width":1024,"sublayerTransform":[1,0,0,0,0,1,0,0,0,0,1,-0.0004922987690640373,0,0,0,1],"contentsRect":{"y":0,"x":0,"width":1,"height":1},"opacity":1,"edgeAntialiasingMask":251658240,"height":768,"hidden":false,"anchorPoint":{"pointX":0.5,"pointY":0.5}},"layers":[{"animations":[],"layers":[],"initialState":{"affineTransform":[1,0,0,1,0,0],"masksToBounds":false,"rotation":0,"scale":1,"position":{"pointX":512,"pointY":384},"width":1024,"sublayerTransform":[1,0,0,0,0,1,0,0,0,0,1,0,0,0,0,1],"contentsRect":{"y":0,"x":0,"width":1,"height":1},"opacity":1,"edgeAntialiasingMask":0,"height":768,"hidden":false,"anchorPoint":{"pointX":0.5,"pointY":0.5}},"texture":"5BFD5FAE606E113DE82D96A4D4771A94"},{"animations":[{"timeOffset":0,"from":{"scalar":1},"beginTime":0,"repeatCount":0,"fillMode":"both","duration":1,"autoreverses":false,"timingFunction":"EaseInEaseOut","property":"opacity","to":{"scalar":0}}],"layers":[],"initialState":{"affineTransform":[1,0,0,1,0,0],"masksToBounds":false,"rotation":0,"scale":1,"position":{"pointX":512,"pointY":384},"width":1024,"sublayerTransform":[1,0,0,0,0,1,0,0,0,0,1,0,0,0,0,1],"contentsRect":{"y":0,"x":0,"width":1,"height":1},"opacity":1,"edgeAntialiasingMask":0,"height":768,"hidden":false,"anchorPoint":{"pointX":0.5,"pointY":0.5}},"texture":"4FCC11D44B6D73C6687102CB49EFE6CA"}]}]},"effects":[],"duration":1,"type":"transition","name":"apple:dissolve","objectID":"0"}],"automaticPlay":false,"hyperlinks":[],"accessibility":[{"text":"pasted-image.tif","targetRectangle":{"y":-319.1939392089844,"x":-285.0513916015625,"width":236,"height":101}},{"text":"￼","targetRectangle":{"y":721.5918579101562,"x":30.26875245571136,"width":20.016,"height":25}},{"text":"An environment for the design of interactive augmented music scores","targetRectangle":{"y":107.1785278320312,"x":74.31984863281264,"width":853.0499999999997,"height":38}},{"text":"/ITL/scene/ctrl watch mouseDown  (","targetRectangle":{"y":429.5388746261597,"x":96.47293853759766,"width":489.6796875,"height":29}},{"text":"\t\t/ITL/scene/ctrl push,","targetRectangle":{"y":458.5388746261597,"x":96.47293853759766,"width":374.44921875,"height":29}},{"text":"\t\t/ITL/scene/cursor tempo 0,","targetRectangle":{"y":487.5388746261597,"x":96.47293853759766,"width":446.4609375,"height":29}},{"text":"\t\t/ITL/scene/ctrl set txt \"Start\",","targetRectangle":{"y":516.5388746261597,"x":96.47293853759766,"width":532.875,"height":29}},{"text":"\t\t/ITL/scene/ctrl watch mouseDown (","targetRectangle":{"y":545.5388746261597,"x":96.47293853759766,"width":547.27734375,"height":29}},{"text":"\t\t\t/ITL/scene/cursor tempo 80,","targetRectangle":{"y":574.5388746261597,"x":96.47293853759766,"width":496.86328125,"height":29}},{"text":"\t\t\t/ITL/scene/ctrl set txt \"Stop\",","targetRectangle":{"y":603.5388746261597,"x":96.47293853759766,"width":554.47265625,"height":29}},{"text":"\t\t\t/ITL/scene/ctrl pop ) );","targetRectangle":{"y":632.5388746261597,"x":96.47293853759766,"width":453.65625,"height":29}},{"text":"on next mouse down","targetRectangle":{"y":542.746276974678,"x":649.0515747070312,"width":298.3447265625,"height":36}},{"text":"change the text","targetRectangle":{"y":600.688903927803,"x":682.6323852539062,"width":220.048828125,"height":36}},{"text":"/ITL/scene/ctrl watch mouseEnter (/ITL/scene/ctrl red 240);","targetRectangle":{"y":364.8630670160055,"x":99.55910491943359,"width":708.115234375,"height":24}},{"text":"/ITL/scene/ctrl watch mouseLeave (/ITL/scene/ctrl red 0);","targetRectangle":{"y":388.8630670160055,"x":99.55910491943359,"width":684.111328125,"height":24}},{"text":"INScore","targetRectangle":{"y":38,"x":73.57918548583984,"width":193.662,"height":72}},{"text":"# let's add a simple text that will be used as a controller","targetRectangle":{"y":244.1872551143169,"x":99.55910491943359,"width":708.115234375,"height":24}},{"text":"/ITL/scene/ctrl set txt \"Stop\";","targetRectangle":{"y":268.1872551143169,"x":99.55910491943359,"width":372.060546875,"height":24}},{"text":"/ITL/scene/ctrl scale 3;","targetRectangle":{"y":292.1872551143169,"x":99.55910491943359,"width":288.046875,"height":24}},{"text":"/ITL/scene/ctrl y 0.5;","targetRectangle":{"y":316.1872551143169,"x":99.55910491943359,"width":264.04296875,"height":24}},{"text":"/ITL/scene/ctrl fontFamily Capitals;","targetRectangle":{"y":340.1872551143169,"x":99.55910491943359,"width":432.0703125,"height":24}},{"text":"An interaction sample (sample3.inscore)","targetRectangle":{"y":157.3436279296875,"x":77.40677642822266,"width":590.042,"height":46}}],"baseLayer":{"animations":[],"initialState":{"affineTransform":[1,0,0,1,0,0],"masksToBounds":false,"rotation":0,"scale":1,"position":{"pointX":512,"pointY":384},"width":1024,"sublayerTransform":[1,0,0,0,0,1,0,0,0,0,1,0,0,0,0,1],"contentsRect":{"y":0,"x":0,"width":1,"height":1},"opacity":1,"edgeAntialiasingMask":251658240,"height":768,"hidden":false,"anchorPoint":{"pointX":0.5,"pointY":0.5}},"objectID":"0","layers":[{"animations":[],"initialState":{"affineTransform":[1,0,0,1,0,0],"masksToBounds":false,"rotation":0,"scale":1,"position":{"pointX":512,"pointY":384},"width":1024,"sublayerTransform":[1,0,0,0,0,1,0,0,0,0,1,-0.0004922987690640373,0,0,0,1],"contentsRect":{"y":0,"x":0,"width":1,"height":1},"opacity":1,"edgeAntialiasingMask":251658240,"height":768,"hidden":false,"anchorPoint":{"pointX":0.5,"pointY":0.5}},"layers":[{"animations":[],"layers":[],"initialState":{"affineTransform":[1,0,0,1,0,0],"masksToBounds":false,"rotation":0,"scale":1,"position":{"pointX":512,"pointY":384},"width":1024,"sublayerTransform":[1,0,0,0,0,1,0,0,0,0,1,0,0,0,0,1],"contentsRect":{"y":0,"x":0,"width":1,"height":1},"opacity":1,"edgeAntialiasingMask":0,"height":768,"hidden":false,"anchorPoint":{"pointX":0.5,"pointY":0.5}},"texture":"4FCC11D44B6D73C6687102CB49EFE6CA"}]}]}}]}