{"assets":{"A195FFC70B722049AFF55E5FCD5FB274":{"type":"texture","index":265,"assetRequest":{"type":"slide","state":"contents","slide":"122C586D-43AA-4B06-878C-6C80DDC82AB7"},"url":{"web":"assets/A195FFC70B722049AFF55E5FCD5FB274.svg"},"width":191,"height":42},"CF3E4BB8448AE7DF55DE8AD4A63D5297":{"type":"texture","index":266,"assetRequest":{"type":"slide","state":"contents","slide":"122C586D-43AA-4B06-878C-6C80DDC82AB7"},"url":{"web":"assets/CF3E4BB8448AE7DF55DE8AD4A63D5297.svg"},"width":23,"height":17},"DB8451458D98EFA7506DBEBC2B1323F0":{"type":"texture","index":264,"assetRequest":{"type":"slide","state":"contents","slide":"122C586D-43AA-4B06-878C-6C80DDC82AB7"},"url":{"web":"assets/DB8451458D98EFA7506DBEBC2B1323F0.svg"},"width":1024,"height":768},"91AC10A56F0D527314A14F51AB8D01A7":{"type":"texture","index":270,"assetRequest":{"type":"slide","state":"contents","slide":"122C586D-43AA-4B06-878C-6C80DDC82AB7"},"url":{"web":"assets/91AC10A56F0D527314A14F51AB8D01A7.svg"},"width":457,"height":84},"D7CD1503CE681EDF58989C4E5135B0D9":{"type":"texture","index":275,"assetRequest":{"type":"slide","state":"outgoing","slide":"122C586D-43AA-4B06-878C-6C80DDC82AB7"},"url":{"web":"assets/D7CD1503CE681EDF58989C4E5135B0D9.svg"},"width":1024,"height":768},"593E206575F248496DFDFB43E256EC77":{"type":"texture","index":268,"assetRequest":{"type":"slide","state":"contents","slide":"122C586D-43AA-4B06-878C-6C80DDC82AB7"},"url":{"web":"assets/593E206575F248496DFDFB43E256EC77.svg"},"width":239,"height":104},"FC7C62E542A09432144B644763938FBD":{"type":"texture","index":269,"assetRequest":{"type":"slide","state":"contents","slide":"122C586D-43AA-4B06-878C-6C80DDC82AB7"},"url":{"web":"assets/FC7C62E542A09432144B644763938FBD.svg"},"width":258,"height":36},"13805657EA1C4455D5BAEEC15E8B41F5":{"type":"texture","index":276,"assetRequest":{"type":"slide","state":"incoming","slide":"5DE98C76-D409-4C47-8752-10BCE2F4E269"},"url":{"web":"assets/13805657EA1C4455D5BAEEC15E8B41F5.svg"},"width":1024,"height":768},"30CD8C5826F7BD5C03B8F1952794A151":{"type":"texture","index":273,"assetRequest":{"type":"slide","state":"contents","slide":"122C586D-43AA-4B06-878C-6C80DDC82AB7"},"url":{"web":"assets/30CD8C5826F7BD5C03B8F1952794A151.svg"},"width":344,"height":263},"7ECE226CB4EA945ED4FA16AE860A5395":{"type":"texture","index":274,"assetRequest":{"type":"slide","state":"contents","slide":"122C586D-43AA-4B06-878C-6C80DDC82AB7"},"url":{"web":"assets/7ECE226CB4EA945ED4FA16AE860A5395.svg"},"width":139,"height":69},"1F8194CF7B1A28DD1C78E2A36A8D8463":{"type":"texture","index":271,"assetRequest":{"type":"slide","state":"contents","slide":"122C586D-43AA-4B06-878C-6C80DDC82AB7"},"url":{"web":"assets/1F8194CF7B1A28DD1C78E2A36A8D8463.svg"},"width":257,"height":167},"2F5273E48820B549F9C0D4E271FD3C8D":{"type":"texture","index":267,"assetRequest":{"type":"slide","state":"contents","slide":"122C586D-43AA-4B06-878C-6C80DDC82AB7"},"url":{"web":"assets/2F5273E48820B549F9C0D4E271FD3C8D.svg"},"width":857,"height":32},"A7F85F49829AD9B96B0ED7CAEA1428EC":{"type":"texture","index":272,"assetRequest":{"type":"slide","state":"contents","slide":"122C586D-43AA-4B06-878C-6C80DDC82AB7"},"url":{"web":"assets/A7F85F49829AD9B96B0ED7CAEA1428EC.svg"},"width":304,"height":42}},"events":[{"effects":[{"beginTime":0,"baseLayer":{"animations":[],"initialState":{"affineTransform":[1,0,0,1,0,0],"masksToBounds":false,"rotation":0,"scale":1,"position":{"pointX":776.0178680419922,"pointY":469.1671142578125},"width":341.1408386230469,"sublayerTransform":[1,0,0,0,0,1,0,0,0,0,1,0,0,0,0,1],"contentsRect":{"y":0,"x":0,"width":1,"height":1},"opacity":1,"edgeAntialiasingMask":251658240,"height":260.10888671875,"hidden":false,"anchorPoint":{"pointX":0.5,"pointY":0.5}},"objectID":"F9EE4A06-DAEC-4416-B9CE-D5CA8FE593F1","layers":[{"animations":[],"initialState":{"affineTransform":[1,0,0,1,0,0],"masksToBounds":false,"rotation":0,"scale":1,"position":{"pointX":-93.44744873046875,"pointY":44.8873291015625},"width":341.1408386230469,"sublayerTransform":[1,0,0,0,0,1,0,0,0,0,1,-0.0004922987690640373,0,0,0,1],"contentsRect":{"y":0,"x":0,"width":1,"height":1},"opacity":1,"edgeAntialiasingMask":251658240,"height":260.10888671875,"hidden":false,"anchorPoint":{"pointX":-0.2739263030121296,"pointY":0.1725713014569094}},"layers":[{"animations":[{"timeOffset":0,"beginTime":1e-100,"repeatCount":0,"animations":[{"timeOffset":0,"from":{"scalar":0},"beginTime":0,"repeatCount":0,"fillMode":"both","duration":0.5,"autoreverses":false,"timingFunction":"EaseInEaseOut","property":"opacity","to":{"scalar":1}},{"timeOffset":0,"from":{"scalar":false},"beginTime":0,"repeatCount":0,"fillMode":"forwards","property":"hidden","autoreverses":false,"duration":0.5,"to":{"scalar":false}}],"fillMode":"both","autoreverses":false,"duration":0.5}],"layers":[],"initialState":{"affineTransform":[1,0,0,1,0,0],"masksToBounds":false,"rotation":0,"scale":1,"position":{"pointX":170.5525512695312,"pointY":130.3873291015625},"width":344,"sublayerTransform":[1,0,0,0,0,1,0,0,0,0,1,0,0,0,0,1],"contentsRect":{"y":0,"x":0,"width":1,"height":1},"opacity":1,"edgeAntialiasingMask":0,"height":263,"hidden":true,"anchorPoint":{"pointX":0.5,"pointY":0.5}},"texture":"30CD8C5826F7BD5C03B8F1952794A151"}]}]},"effects":[],"duration":0.5,"type":"buildIn","attributes":{"direction":0},"name":"com.apple.iWork.Keynote.FromDarkness","objectID":"F9EE4A06-DAEC-4416-B9CE-D5CA8FE593F1"}],"automaticPlay":false,"hyperlinks":[],"accessibility":[{"text":"INScore","targetRectangle":{"y":38,"x":73.57918548583984,"width":193.662,"height":72}},{"text":"An environment for the design of interactive augmented music scores","targetRectangle":{"y":107.1785278320312,"x":74.31984863281264,"width":853.0499999999997,"height":38}},{"text":"Time space control","targetRectangle":{"y":341.3773803710938,"x":205,"width":305.0999999999999,"height":49}},{"text":"￼","targetRectangle":{"y":721.5918579101562,"x":30.26875245571136,"width":20.016,"height":25}},{"text":"Rational expressed as: ","targetRectangle":{"y":413.7784729003906,"x":643.6129140853882,"width":244.4879999999999,"height":33}},{"text":"n d","targetRectangle":{"y":446.7784729003906,"x":643.6129140853882,"width":34.68000000000006,"height":33}},{"text":"n (1)","targetRectangle":{"y":479.7784729003906,"x":643.6129140853882,"width":45.84000000000003,"height":33}},{"text":"float value","targetRectangle":{"y":512.7784729003906,"x":643.6129140853882,"width":110.664,"height":33}},{"text":"“n/d”","targetRectangle":{"y":545.7784729003906,"x":643.6129140853882,"width":61.79999999999995,"height":33}},{"text":"1 = ","targetRectangle":{"y":491.5000002980232,"x":829.1376951622963,"width":35.56000000000006,"height":27}},{"text":"Date forms","targetRectangle":{"y":343.1126708984375,"x":609.4474487304688,"width":177.948,"height":49}},{"text":"w","targetRectangle":{"y":424.5000021457672,"x":874.1562494039536,"width":25.6875,"height":159}},{"text":"Time position: ","targetRectangle":{"y":409.3178100585938,"x":241.0433187484741,"width":159.36,"height":33}},{"text":"(d)date, clock,","targetRectangle":{"y":442.3178100585938,"x":241.0433187484741,"width":150.288,"height":33}},{"text":"Duration: ","targetRectangle":{"y":508.3178100585938,"x":241.0433187484741,"width":106.2,"height":33}},{"text":"(d)duration, durclock","targetRectangle":{"y":541.3178100585938,"x":241.0433187484741,"width":220.464,"height":33}},{"text":"droppedImage.pdf","targetRectangle":{"y":186,"x":273,"width":455,"height":82}},{"text":"pasted-image.tif","targetRectangle":{"y":-319.1939392089844,"x":-285.0513916015625,"width":236,"height":101}},{"text":"Message strings","targetRectangle":{"y":157.3436279296875,"x":77.40677642822266,"width":256.87,"height":46}},{"text":"Speed: ","targetRectangle":{"y":602.3139643669128,"x":244.6486196517944,"width":85.77600000000001,"height":33}},{"text":"(d)tempo","targetRectangle":{"y":635.3139643669128,"x":244.6486196517944,"width":103.08,"height":33}}],"baseLayer":{"animations":[],"initialState":{"affineTransform":[1,0,0,1,0,0],"masksToBounds":false,"rotation":0,"scale":1,"position":{"pointX":512,"pointY":384},"width":1024,"sublayerTransform":[1,0,0,0,0,1,0,0,0,0,1,0,0,0,0,1],"contentsRect":{"y":0,"x":0,"width":1,"height":1},"opacity":1,"edgeAntialiasingMask":251658240,"height":768,"hidden":false,"anchorPoint":{"pointX":0.5,"pointY":0.5}},"layers":[{"animations":[],"initialState":{"affineTransform":[1,0,0,1,0,0],"masksToBounds":false,"rotation":0,"scale":1,"position":{"pointX":512,"pointY":384},"width":1024,"sublayerTransform":[1,0,0,0,0,1,0,0,0,0,1,0,0,0,0,1],"contentsRect":{"y":0,"x":0,"width":1,"height":1},"opacity":1,"edgeAntialiasingMask":251658240,"height":768,"hidden":false,"anchorPoint":{"pointX":0.5,"pointY":0.5}},"layers":[{"animations":[],"initialState":{"affineTransform":[1,0,0,1,0,0],"masksToBounds":false,"rotation":0,"scale":1,"position":{"pointX":512,"pointY":384},"width":1024,"sublayerTransform":[1,0,0,0,0,1,0,0,0,0,1,0,0,0,0,1],"contentsRect":{"y":0,"x":0,"width":1,"height":1},"opacity":1,"edgeAntialiasingMask":251658240,"height":768,"hidden":false,"anchorPoint":{"pointX":0.5,"pointY":0.5}},"layers":[{"animations":[],"layers":[],"initialState":{"affineTransform":[1,0,0,1,0,0],"masksToBounds":false,"rotation":0,"scale":1,"position":{"pointX":512,"pointY":384},"width":1024,"sublayerTransform":[1,0,0,0,0,1,0,0,0,0,1,0,0,0,0,1],"contentsRect":{"y":0,"x":0,"width":1,"height":1},"opacity":1,"edgeAntialiasingMask":0,"height":768,"hidden":false,"anchorPoint":{"pointX":0.5,"pointY":0.5}},"texture":"DB8451458D98EFA7506DBEBC2B1323F0"}]}]},{"animations":[],"initialState":{"affineTransform":[1,0,0,1,0,0],"masksToBounds":false,"rotation":0,"scale":1,"position":{"pointX":512,"pointY":384},"width":1024,"sublayerTransform":[1,0,0,0,0,1,0,0,0,0,1,0,0,0,0,1],"contentsRect":{"y":0,"x":0,"width":1,"height":1},"opacity":1,"edgeAntialiasingMask":251658240,"height":768,"hidden":false,"anchorPoint":{"pointX":0.5,"pointY":0.5}},"layers":[{"animations":[],"initialState":{"affineTransform":[1,0,0,1,0,0],"masksToBounds":false,"rotation":0,"scale":1,"position":{"pointX":511.9999976158142,"pointY":69.49999928474426},"width":884.8416242599487,"sublayerTransform":[1,0,0,0,0,1,0,0,0,0,1,0,0,0,0,1],"contentsRect":{"y":0,"x":0,"width":1,"height":1},"opacity":1,"edgeAntialiasingMask":251658240,"height":88.99999856948853,"hidden":false,"anchorPoint":{"pointX":0.5,"pointY":0.5}},"objectID":"DBE1CC84-72A7-4CF8-8D77-53B7AC10EA80","layers":[{"animations":[],"layers":[],"initialState":{"affineTransform":[1,0,0,1,0,0],"masksToBounds":false,"rotation":0,"scale":1,"position":{"pointX":101.9208145141602,"pointY":47},"width":191,"sublayerTransform":[1,0,0,0,0,1,0,0,0,0,1,0,0,0,0,1],"contentsRect":{"y":0,"x":0,"width":1,"height":1},"opacity":1,"edgeAntialiasingMask":0,"height":42,"hidden":false,"anchorPoint":{"pointX":0.5,"pointY":0.5}},"texture":"A195FFC70B722049AFF55E5FCD5FB274"}]}]},{"animations":[],"initialState":{"affineTransform":[1,0,0,1,0,0],"masksToBounds":false,"rotation":0,"scale":1,"position":{"pointX":512,"pointY":384},"width":1024,"sublayerTransform":[1,0,0,0,0,1,0,0,0,0,1,0,0,0,0,1],"contentsRect":{"y":0,"x":0,"width":1,"height":1},"opacity":1,"edgeAntialiasingMask":251658240,"height":768,"hidden":false,"anchorPoint":{"pointX":0.5,"pointY":0.5}},"layers":[{"animations":[],"initialState":{"affineTransform":[1,0,0,1,0,0],"masksToBounds":false,"rotation":0,"scale":1,"position":{"pointX":40.27675247192383,"pointY":734.0918585658073},"width":29.01600003242493,"sublayerTransform":[1,0,0,0,0,1,0,0,0,0,1,0,0,0,0,1],"contentsRect":{"y":0,"x":0,"width":1,"height":1},"opacity":1,"edgeAntialiasingMask":251658240,"height":33.00000131130219,"hidden":false,"anchorPoint":{"pointX":0.5,"pointY":0.5}},"objectID":"DF65809D-C6C1-4745-8D64-47168708C544","layers":[{"animations":[],"layers":[],"initialState":{"affineTransform":[1,0,0,1,0,0],"masksToBounds":false,"rotation":0,"scale":1,"position":{"pointX":13.73124754428864,"pointY":15.90814208984375},"width":23,"sublayerTransform":[1,0,0,0,0,1,0,0,0,0,1,0,0,0,0,1],"contentsRect":{"y":0,"x":0,"width":1,"height":1},"opacity":1,"edgeAntialiasingMask":0,"height":17,"hidden":false,"anchorPoint":{"pointX":0.5,"pointY":0.5}},"texture":"CF3E4BB8448AE7DF55DE8AD4A63D5297"}]}]},{"animations":[],"initialState":{"affineTransform":[1,0,0,1,0,0],"masksToBounds":false,"rotation":0,"scale":1,"position":{"pointX":512,"pointY":384},"width":1024,"sublayerTransform":[1,0,0,0,0,1,0,0,0,0,1,0,0,0,0,1],"contentsRect":{"y":0,"x":0,"width":1,"height":1},"opacity":1,"edgeAntialiasingMask":251658240,"height":768,"hidden":false,"anchorPoint":{"pointX":0.5,"pointY":0.5}},"layers":[{"animations":[],"initialState":{"affineTransform":[1,0,0,1,0,0],"masksToBounds":false,"rotation":0,"scale":1,"position":{"pointX":500.844831943512,"pointY":126.2444611787796},"width":862.9231233596802,"sublayerTransform":[1,0,0,0,0,1,0,0,0,0,1,0,0,0,0,1],"contentsRect":{"y":0,"x":0,"width":1,"height":1},"opacity":1,"edgeAntialiasingMask":251658240,"height":46.1318666934967,"hidden":false,"anchorPoint":{"pointX":0.5,"pointY":0.5}},"objectID":"D65BCD0E-66E8-4589-9037-F9EC02B11DB4","layers":[{"animations":[],"layers":[],"initialState":{"affineTransform":[1,0,0,1,0,0],"masksToBounds":false,"rotation":0,"scale":1,"position":{"pointX":431.1167297363281,"pointY":24.82147216796875},"width":857,"sublayerTransform":[1,0,0,0,0,1,0,0,0,0,1,0,0,0,0,1],"contentsRect":{"y":0,"x":0,"width":1,"height":1},"opacity":1,"edgeAntialiasingMask":0,"height":32,"hidden":false,"anchorPoint":{"pointX":0.5,"pointY":0.5}},"texture":"2F5273E48820B549F9C0D4E271FD3C8D"}]}]},{"animations":[],"initialState":{"affineTransform":[1,0,0,1,0,0],"masksToBounds":false,"rotation":0,"scale":1,"position":{"pointX":512,"pointY":384},"width":1024,"sublayerTransform":[1,0,0,0,0,1,0,0,0,0,1,0,0,0,0,1],"contentsRect":{"y":0,"x":0,"width":1,"height":1},"opacity":1,"edgeAntialiasingMask":251658240,"height":768,"hidden":false,"anchorPoint":{"pointX":0.5,"pointY":0.5}},"layers":[{"animations":[],"initialState":{"affineTransform":[1,0,0,1,0,0],"masksToBounds":false,"rotation":0,"scale":1,"position":{"pointX":-167.0513916015625,"pointY":-268.6939392089844},"width":236,"sublayerTransform":[1,0,0,0,0,1,0,0,0,0,1,0,0,0,0,1],"contentsRect":{"y":0,"x":0,"width":1,"height":1},"opacity":1,"edgeAntialiasingMask":251658240,"height":101,"hidden":false,"anchorPoint":{"pointX":0.5,"pointY":0.5}},"objectID":"CFF060B8-8A66-4A40-8D3F-1B3BB84FD2F6","layers":[{"animations":[],"layers":[],"initialState":{"affineTransform":[1,0,0,1,0,0],"masksToBounds":false,"rotation":0,"scale":1,"position":{"pointX":117.5513916015625,"pointY":50.19393920898438},"width":239,"sublayerTransform":[1,0,0,0,0,1,0,0,0,0,1,0,0,0,0,1],"contentsRect":{"y":0,"x":0,"width":1,"height":1},"opacity":1,"edgeAntialiasingMask":0,"height":104,"hidden":false,"anchorPoint":{"pointX":0.5,"pointY":0.5}},"texture":"593E206575F248496DFDFB43E256EC77"}]}]},{"animations":[],"initialState":{"affineTransform":[1,0,0,1,0,0],"masksToBounds":false,"rotation":0,"scale":1,"position":{"pointX":512,"pointY":384},"width":1024,"sublayerTransform":[1,0,0,0,0,1,0,0,0,0,1,0,0,0,0,1],"contentsRect":{"y":0,"x":0,"width":1,"height":1},"opacity":1,"edgeAntialiasingMask":251658240,"height":768,"hidden":false,"anchorPoint":{"pointX":0.5,"pointY":0.5}},"layers":[{"animations":[],"initialState":{"affineTransform":[1,0,0,1,0,0],"masksToBounds":false,"rotation":0,"scale":1,"position":{"pointX":216.6684951782227,"pointY":180.3436279296875},"width":286.5234375,"sublayerTransform":[1,0,0,0,0,1,0,0,0,0,1,0,0,0,0,1],"contentsRect":{"y":0,"x":0,"width":1,"height":1},"opacity":1,"edgeAntialiasingMask":251658240,"height":56,"hidden":false,"anchorPoint":{"pointX":0.5,"pointY":0.5}},"objectID":"05EBE532-7A4D-49EB-A757-CF7679A2F858","layers":[{"animations":[],"layers":[],"initialState":{"affineTransform":[1,0,0,1,0,0],"masksToBounds":false,"rotation":0,"scale":1,"position":{"pointX":133.5932235717773,"pointY":30.6563720703125},"width":258,"sublayerTransform":[1,0,0,0,0,1,0,0,0,0,1,0,0,0,0,1],"contentsRect":{"y":0,"x":0,"width":1,"height":1},"opacity":1,"edgeAntialiasingMask":0,"height":36,"hidden":false,"anchorPoint":{"pointX":0.5,"pointY":0.5}},"texture":"FC7C62E542A09432144B644763938FBD"}]}]},{"animations":[],"initialState":{"affineTransform":[1,0,0,1,0,0],"masksToBounds":false,"rotation":0,"scale":1,"position":{"pointX":512,"pointY":384},"width":1024,"sublayerTransform":[1,0,0,0,0,1,0,0,0,0,1,0,0,0,0,1],"contentsRect":{"y":0,"x":0,"width":1,"height":1},"opacity":1,"edgeAntialiasingMask":251658240,"height":768,"hidden":false,"anchorPoint":{"pointX":0.5,"pointY":0.5}},"layers":[{"animations":[],"initialState":{"affineTransform":[1,0,0,1,0,0],"masksToBounds":false,"rotation":0,"scale":1,"position":{"pointX":500.5,"pointY":227},"width":455,"sublayerTransform":[1,0,0,0,0,1,0,0,0,0,1,0,0,0,0,1],"contentsRect":{"y":0,"x":0,"width":1,"height":1},"opacity":1,"edgeAntialiasingMask":251658240,"height":82,"hidden":false,"anchorPoint":{"pointX":0.5,"pointY":0.5}},"objectID":"A819ABE6-1930-448A-A1BD-5225EDCEDB09","layers":[{"animations":[],"layers":[],"initialState":{"affineTransform":[1,0,0,1,0,0],"masksToBounds":false,"rotation":0,"scale":1,"position":{"pointX":227.5,"pointY":41},"width":457,"sublayerTransform":[1,0,0,0,0,1,0,0,0,0,1,0,0,0,0,1],"contentsRect":{"y":0,"x":0,"width":1,"height":1},"opacity":1,"edgeAntialiasingMask":0,"height":84,"hidden":false,"anchorPoint":{"pointX":0.5,"pointY":0.5}},"texture":"91AC10A56F0D527314A14F51AB8D01A7"}]}]},{"animations":[],"initialState":{"affineTransform":[1,0,0,1,0,0],"masksToBounds":false,"rotation":0,"scale":1,"position":{"pointX":512,"pointY":384},"width":1024,"sublayerTransform":[1,0,0,0,0,1,0,0,0,0,1,0,0,0,0,1],"contentsRect":{"y":0,"x":0,"width":1,"height":1},"opacity":1,"edgeAntialiasingMask":251658240,"height":768,"hidden":false,"anchorPoint":{"pointX":0.5,"pointY":0.5}},"layers":[{"animations":[],"initialState":{"affineTransform":[1,0,0,1,0,0],"masksToBounds":false,"rotation":0,"scale":1,"position":{"pointX":373.530998468399,"pointY":491.1372956633568},"width":340.9753575325012,"sublayerTransform":[1,0,0,0,0,1,0,0,0,0,1,0,0,0,0,1],"contentsRect":{"y":0,"x":0,"width":1,"height":1},"opacity":1,"edgeAntialiasingMask":251658240,"height":171.6389712095261,"hidden":false,"anchorPoint":{"pointX":0.5,"pointY":0.5}},"objectID":"74C0946E-3B4D-4D78-9988-7E2CA6BD3B5F","layers":[{"animations":[],"layers":[],"initialState":{"affineTransform":[1,0,0,1,0,0],"masksToBounds":false,"rotation":0,"scale":1,"position":{"pointX":132.4566802978516,"pointY":83.18218994140625},"width":257,"sublayerTransform":[1,0,0,0,0,1,0,0,0,0,1,0,0,0,0,1],"contentsRect":{"y":0,"x":0,"width":1,"height":1},"opacity":1,"edgeAntialiasingMask":0,"height":167,"hidden":false,"anchorPoint":{"pointX":0.5,"pointY":0.5}},"texture":"1F8194CF7B1A28DD1C78E2A36A8D8463"}]}]},{"animations":[],"initialState":{"affineTransform":[1,0,0,1,0,0],"masksToBounds":false,"rotation":0,"scale":1,"position":{"pointX":512,"pointY":384},"width":1024,"sublayerTransform":[1,0,0,0,0,1,0,0,0,0,1,0,0,0,0,1],"contentsRect":{"y":0,"x":0,"width":1,"height":1},"opacity":1,"edgeAntialiasingMask":251658240,"height":768,"hidden":false,"anchorPoint":{"pointX":0.5,"pointY":0.5}},"layers":[{"animations":[],"initialState":{"affineTransform":[1,0,0,1,0,0],"masksToBounds":false,"rotation":0,"scale":1,"position":{"pointX":357.7001921174233,"pointY":365.9838762283325},"width":313.4003842348466,"sublayerTransform":[1,0,0,0,0,1,0,0,0,0,1,0,0,0,0,1],"contentsRect":{"y":0,"x":0,"width":1,"height":1},"opacity":1,"edgeAntialiasingMask":251658240,"height":57.21299171447754,"hidden":false,"anchorPoint":{"pointX":0.5,"pointY":0.5}},"objectID":"FA491713-735C-4124-B4EE-5FE42CEBF791","layers":[{"animations":[],"layers":[],"initialState":{"affineTransform":[1,0,0,1,0,0],"masksToBounds":false,"rotation":0,"scale":1,"position":{"pointX":155,"pointY":31.62261962890625},"width":304,"sublayerTransform":[1,0,0,0,0,1,0,0,0,0,1,0,0,0,0,1],"contentsRect":{"y":0,"x":0,"width":1,"height":1},"opacity":1,"edgeAntialiasingMask":0,"height":42,"hidden":false,"anchorPoint":{"pointX":0.5,"pointY":0.5}},"texture":"A7F85F49829AD9B96B0ED7CAEA1428EC"}]}]},{"animations":[],"initialState":{"affineTransform":[1,0,0,1,0,0],"masksToBounds":false,"rotation":0,"scale":1,"position":{"pointX":512,"pointY":384},"width":1024,"sublayerTransform":[1,0,0,0,0,1,0,0,0,0,1,0,0,0,0,1],"contentsRect":{"y":0,"x":0,"width":1,"height":1},"opacity":1,"edgeAntialiasingMask":251658240,"height":768,"hidden":false,"anchorPoint":{"pointX":0.5,"pointY":0.5}},"layers":[{"animations":[],"initialState":{"affineTransform":[1,0,0,1,0,0],"masksToBounds":false,"rotation":0,"scale":1,"position":{"pointX":776.0178680419922,"pointY":469.1671142578125},"width":341.1408386230469,"sublayerTransform":[1,0,0,0,0,1,0,0,0,0,1,0,0,0,0,1],"contentsRect":{"y":0,"x":0,"width":1,"height":1},"opacity":1,"edgeAntialiasingMask":251658240,"height":260.10888671875,"hidden":false,"anchorPoint":{"pointX":0.5,"pointY":0.5}},"objectID":"F9EE4A06-DAEC-4416-B9CE-D5CA8FE593F1","layers":[{"animations":[],"layers":[],"initialState":{"affineTransform":[1,0,0,1,0,0],"masksToBounds":false,"rotation":0,"scale":1,"position":{"pointX":170.5525512695312,"pointY":130.3873291015625},"width":344,"sublayerTransform":[1,0,0,0,0,1,0,0,0,0,1,0,0,0,0,1],"contentsRect":{"y":0,"x":0,"width":1,"height":1},"opacity":1,"edgeAntialiasingMask":0,"height":263,"hidden":true,"anchorPoint":{"pointX":0.5,"pointY":0.5}},"texture":"30CD8C5826F7BD5C03B8F1952794A151"}]}]},{"animations":[],"initialState":{"affineTransform":[1,0,0,1,0,0],"masksToBounds":false,"rotation":0,"scale":1,"position":{"pointX":512,"pointY":384},"width":1024,"sublayerTransform":[1,0,0,0,0,1,0,0,0,0,1,0,0,0,0,1],"contentsRect":{"y":0,"x":0,"width":1,"height":1},"opacity":1,"edgeAntialiasingMask":251658240,"height":768,"hidden":false,"anchorPoint":{"pointX":0.5,"pointY":0.5}},"layers":[{"animations":[],"initialState":{"affineTransform":[1,0,0,1,0,0],"masksToBounds":false,"rotation":0,"scale":1,"position":{"pointX":279.6886172294617,"pointY":635.31396484375},"width":146.0799932479858,"sublayerTransform":[1,0,0,0,0,1,0,0,0,0,1,0,0,0,0,1],"contentsRect":{"y":0,"x":0,"width":1,"height":1},"opacity":1,"edgeAntialiasingMask":251658240,"height":74.00000095367432,"hidden":false,"anchorPoint":{"pointX":0.5,"pointY":0.5}},"objectID":"033979A5-76E7-4677-98AC-7DF628A8B41B","layers":[{"animations":[],"layers":[],"initialState":{"affineTransform":[1,0,0,1,0,0],"masksToBounds":false,"rotation":0,"scale":1,"position":{"pointX":72.85137939453125,"pointY":34.18603563308716},"width":139,"sublayerTransform":[1,0,0,0,0,1,0,0,0,0,1,0,0,0,0,1],"contentsRect":{"y":0,"x":0,"width":1,"height":1},"opacity":1,"edgeAntialiasingMask":0,"height":69,"hidden":false,"anchorPoint":{"pointX":0.5,"pointY":0.5}},"texture":"7ECE226CB4EA945ED4FA16AE860A5395"}]}]}]}},{"effects":[{"beginTime":0,"baseLayer":{"animations":[],"initialState":{"affineTransform":[1,0,0,1,0,0],"masksToBounds":false,"rotation":0,"scale":1,"position":{"pointX":512,"pointY":384},"width":1024,"sublayerTransform":[1,0,0,0,0,1,0,0,0,0,1,0,0,0,0,1],"contentsRect":{"y":0,"x":0,"width":1,"height":1},"opacity":1,"edgeAntialiasingMask":251658240,"height":768,"hidden":false,"anchorPoint":{"pointX":0.5,"pointY":0.5}},"objectID":"0","layers":[{"animations":[],"initialState":{"affineTransform":[1,0,0,1,0,0],"masksToBounds":false,"rotation":0,"scale":1,"position":{"pointX":512,"pointY":384},"width":1024,"sublayerTransform":[1,0,0,0,0,1,0,0,0,0,1,-0.0004922987690640373,0,0,0,1],"contentsRect":{"y":0,"x":0,"width":1,"height":1},"opacity":1,"edgeAntialiasingMask":251658240,"height":768,"hidden":false,"anchorPoint":{"pointX":0.5,"pointY":0.5}},"layers":[{"animations":[],"layers":[],"initialState":{"affineTransform":[1,0,0,1,0,0],"masksToBounds":false,"rotation":0,"scale":1,"position":{"pointX":512,"pointY":384},"width":1024,"sublayerTransform":[1,0,0,0,0,1,0,0,0,0,1,0,0,0,0,1],"contentsRect":{"y":0,"x":0,"width":1,"height":1},"opacity":1,"edgeAntialiasingMask":0,"height":768,"hidden":false,"anchorPoint":{"pointX":0.5,"pointY":0.5}},"texture":"13805657EA1C4455D5BAEEC15E8B41F5"},{"animations":[{"timeOffset":0,"from":{"scalar":1},"beginTime":0,"repeatCount":0,"fillMode":"both","duration":0.949999988079071,"autoreverses":false,"timingFunction":"EaseInEaseOut","property":"opacity","to":{"scalar":0}}],"layers":[],"initialState":{"affineTransform":[1,0,0,1,0,0],"masksToBounds":false,"rotation":0,"scale":1,"position":{"pointX":512,"pointY":384},"width":1024,"sublayerTransform":[1,0,0,0,0,1,0,0,0,0,1,0,0,0,0,1],"contentsRect":{"y":0,"x":0,"width":1,"height":1},"opacity":1,"edgeAntialiasingMask":0,"height":768,"hidden":false,"anchorPoint":{"pointX":0.5,"pointY":0.5}},"texture":"D7CD1503CE681EDF58989C4E5135B0D9"}]}]},"effects":[],"duration":0.949999988079071,"type":"transition","attributes":{"direction":12},"name":"apple:pageflip","objectID":"0"}],"automaticPlay":false,"hyperlinks":[],"accessibility":[{"text":"INScore","targetRectangle":{"y":38,"x":73.57918548583984,"width":193.662,"height":72}},{"text":"An environment for the design of interactive augmented music scores","targetRectangle":{"y":107.1785278320312,"x":74.31984863281264,"width":853.0499999999997,"height":38}},{"text":"Time space control","targetRectangle":{"y":341.3773803710938,"x":205,"width":305.0999999999999,"height":49}},{"text":"￼","targetRectangle":{"y":721.5918579101562,"x":30.26875245571136,"width":20.016,"height":25}},{"text":"Rational expressed as: ","targetRectangle":{"y":413.7784729003906,"x":643.6129140853882,"width":244.4879999999999,"height":33}},{"text":"n d","targetRectangle":{"y":446.7784729003906,"x":643.6129140853882,"width":34.68000000000006,"height":33}},{"text":"n (1)","targetRectangle":{"y":479.7784729003906,"x":643.6129140853882,"width":45.84000000000003,"height":33}},{"text":"float value","targetRectangle":{"y":512.7784729003906,"x":643.6129140853882,"width":110.664,"height":33}},{"text":"“n/d”","targetRectangle":{"y":545.7784729003906,"x":643.6129140853882,"width":61.79999999999995,"height":33}},{"text":"1 = ","targetRectangle":{"y":491.5000002980232,"x":829.1376951622963,"width":35.56000000000006,"height":27}},{"text":"Date forms","targetRectangle":{"y":343.1126708984375,"x":609.4474487304688,"width":177.948,"height":49}},{"text":"w","targetRectangle":{"y":424.5000021457672,"x":874.1562494039536,"width":25.6875,"height":159}},{"text":"Time position: ","targetRectangle":{"y":409.3178100585938,"x":241.0433187484741,"width":159.36,"height":33}},{"text":"(d)date, clock,","targetRectangle":{"y":442.3178100585938,"x":241.0433187484741,"width":150.288,"height":33}},{"text":"Duration: ","targetRectangle":{"y":508.3178100585938,"x":241.0433187484741,"width":106.2,"height":33}},{"text":"(d)duration, durclock","targetRectangle":{"y":541.3178100585938,"x":241.0433187484741,"width":220.464,"height":33}},{"text":"droppedImage.pdf","targetRectangle":{"y":186,"x":273,"width":455,"height":82}},{"text":"pasted-image.tif","targetRectangle":{"y":-319.1939392089844,"x":-285.0513916015625,"width":236,"height":101}},{"text":"Message strings","targetRectangle":{"y":157.3436279296875,"x":77.40677642822266,"width":256.87,"height":46}},{"text":"Speed: ","targetRectangle":{"y":602.3139643669128,"x":244.6486196517944,"width":85.77600000000001,"height":33}},{"text":"(d)tempo","targetRectangle":{"y":635.3139643669128,"x":244.6486196517944,"width":103.08,"height":33}}],"baseLayer":{"animations":[],"initialState":{"affineTransform":[1,0,0,1,0,0],"masksToBounds":false,"rotation":0,"scale":1,"position":{"pointX":512,"pointY":384},"width":1024,"sublayerTransform":[1,0,0,0,0,1,0,0,0,0,1,0,0,0,0,1],"contentsRect":{"y":0,"x":0,"width":1,"height":1},"opacity":1,"edgeAntialiasingMask":251658240,"height":768,"hidden":false,"anchorPoint":{"pointX":0.5,"pointY":0.5}},"objectID":"0","layers":[{"animations":[],"initialState":{"affineTransform":[1,0,0,1,0,0],"masksToBounds":false,"rotation":0,"scale":1,"position":{"pointX":512,"pointY":384},"width":1024,"sublayerTransform":[1,0,0,0,0,1,0,0,0,0,1,-0.0004922987690640373,0,0,0,1],"contentsRect":{"y":0,"x":0,"width":1,"height":1},"opacity":1,"edgeAntialiasingMask":251658240,"height":768,"hidden":false,"anchorPoint":{"pointX":0.5,"pointY":0.5}},"layers":[{"animations":[],"layers":[],"initialState":{"affineTransform":[1,0,0,1,0,0],"masksToBounds":false,"rotation":0,"scale":1,"position":{"pointX":512,"pointY":384},"width":1024,"sublayerTransform":[1,0,0,0,0,1,0,0,0,0,1,0,0,0,0,1],"contentsRect":{"y":0,"x":0,"width":1,"height":1},"opacity":1,"edgeAntialiasingMask":0,"height":768,"hidden":false,"anchorPoint":{"pointX":0.5,"pointY":0.5}},"texture":"D7CD1503CE681EDF58989C4E5135B0D9"}]}]}}]}