{"assets":{"LIGHT MUSIC de Thierry De Mey.mp4-0.0000-60.9433":{"type":"video","index":0,"assetRequest":{},"url":{"web":"assets/LIGHT MUSIC de Thierry De Mey.mp4-0.0000-60.9433.m4v","native":"assets/LIGHT MUSIC de Thierry De Mey.mp4-0.0000-60.9433.m4v"},"width":450,"height":360},"D3817FC24796344E8CB10C36DC7067A6":{"type":"texture","index":33,"assetRequest":{"type":"slide","state":"outgoing","slide":"04011D97-ECAB-4D96-BED1-068678BAA01E"},"url":{"web":"assets/D3817FC24796344E8CB10C36DC7067A6.svg"},"width":1024,"height":768},"1ED932689CE51313F9EF7B5913438BB7":{"type":"texture","index":30,"assetRequest":{"type":"slide","state":"contents","slide":"04011D97-ECAB-4D96-BED1-068678BAA01E"},"url":{"web":"assets/1ED932689CE51313F9EF7B5913438BB7.svg"},"width":465,"height":32},"21898186EF8A8FA047EAA6D89EBAB65D":{"type":"texture","index":28,"assetRequest":{"type":"slide","state":"contents","slide":"04011D97-ECAB-4D96-BED1-068678BAA01E"},"url":{"web":"assets/21898186EF8A8FA047EAA6D89EBAB65D.svg"},"width":598,"height":42},"D61B95B60E41BA622261F3F3386B83E5":{"type":"texture","index":31,"assetRequest":{"type":"slide","state":"contents","slide":"04011D97-ECAB-4D96-BED1-068678BAA01E"},"url":{"web":"assets/D61B95B60E41BA622261F3F3386B83E5.svg"},"width":452,"height":362},"A67861C607808AB17E54C860622932B2":{"type":"texture","index":29,"assetRequest":{"type":"slide","state":"contents","slide":"04011D97-ECAB-4D96-BED1-068678BAA01E"},"url":{"web":"assets/A67861C607808AB17E54C860622932B2.svg"},"width":13,"height":17},"EA7E14A01CD206BCD33D2F652162E218":{"type":"texture","index":34,"assetRequest":{"type":"slide","state":"incoming","slide":"65E789E5-76EA-47F5-A96D-B97EB12C4C88"},"url":{"web":"assets/EA7E14A01CD206BCD33D2F652162E218.svg"},"width":1024,"height":768},"DB8451458D98EFA7506DBEBC2B1323F0":{"type":"texture","index":26,"assetRequest":{"type":"slide","state":"contents","slide":"04011D97-ECAB-4D96-BED1-068678BAA01E"},"url":{"web":"assets/DB8451458D98EFA7506DBEBC2B1323F0.svg"},"width":1024,"height":768},"2C2B173AFA1AE851084E4FFE99B48F73":{"type":"texture","index":27,"assetRequest":{"type":"slide","state":"contents","slide":"04011D97-ECAB-4D96-BED1-068678BAA01E"},"url":{"web":"assets/2C2B173AFA1AE851084E4FFE99B48F73.svg"},"width":506,"height":25},"74BABC86F7AAEE8C1ED8B1EDACDA1B10":{"url":{"web":"assets/74BABC86F7AAEE8C1ED8B1EDACDA1B10.svg"},"height":360,"movie":"LIGHT MUSIC de Thierry De Mey.mp4-0.0000-60.9433","width":450,"type":"texture","assetRequest":{"byGlyphStyle":0,"deliveryStyle":0,"chunkIndex":1,"type":"chunk","chunkCount":1,"stageIndex":0,"stageCount":1},"index":32}},"events":[{"effects":[{"beginTime":0,"baseLayer":{"animations":[],"initialState":{"affineTransform":[1,0,0,1,0,0],"masksToBounds":false,"rotation":0,"scale":1,"position":{"pointX":512,"pointY":384},"width":450,"sublayerTransform":[1,0,0,0,0,1,0,0,0,0,1,0,0,0,0,1],"contentsRect":{"y":0,"x":0,"width":1,"height":1},"opacity":1,"edgeAntialiasingMask":251658240,"height":360,"hidden":false,"anchorPoint":{"pointX":0.5,"pointY":0.5}},"objectID":"BC4647D3-B546-46BF-B75B-0DBAA08BC354","layers":[{"animations":[],"initialState":{"affineTransform":[1,0,0,1,0,0],"masksToBounds":false,"rotation":0,"scale":1,"position":{"pointX":225,"pointY":180},"width":450,"sublayerTransform":[1,0,0,0,0,1,0,0,0,0,1,-0.0004922987690640373,0,0,0,1],"contentsRect":{"y":0,"x":0,"width":1,"height":1},"opacity":1,"edgeAntialiasingMask":251658240,"height":360,"hidden":false,"anchorPoint":{"pointX":0.5,"pointY":0.5}},"layers":[{"animations":[{"timeOffset":0,"beginTime":1e-100,"repeatCount":0,"animations":[{"timeOffset":0,"from":{"scalar":true},"beginTime":0,"repeatCount":0,"fillMode":"removed","property":"isPlaying","autoreverses":false,"duration":0.01,"to":{"scalar":true}},{"timeOffset":0,"from":{"scalar":false},"beginTime":0,"repeatCount":0,"fillMode":"removed","property":"hidden","autoreverses":false,"duration":0.01,"to":{"scalar":false}}],"fillMode":"both","autoreverses":false,"duration":0.01}],"layers":[],"initialState":{"affineTransform":[1,0,0,1,0,0],"masksToBounds":false,"rotation":0,"scale":1,"position":{"pointX":225,"pointY":180},"width":452,"sublayerTransform":[1,0,0,0,0,1,0,0,0,0,1,0,0,0,0,1],"contentsRect":{"y":0,"x":0,"width":1,"height":1},"opacity":1,"edgeAntialiasingMask":0,"height":362,"hidden":false,"anchorPoint":{"pointX":0.5,"pointY":0.5}},"texture":"D61B95B60E41BA622261F3F3386B83E5"}]}]},"effects":[{"beginTime":0,"baseLayer":{"animations":[],"initialState":{"affineTransform":[1,0,0,1,0,0],"masksToBounds":false,"rotation":0,"scale":1,"position":{"pointX":512,"pointY":384},"width":450,"sublayerTransform":[1,0,0,0,0,1,0,0,0,0,1,0,0,0,0,1],"contentsRect":{"y":0,"x":0,"width":1,"height":1},"opacity":1,"edgeAntialiasingMask":251658240,"height":360,"hidden":false,"anchorPoint":{"pointX":0.5,"pointY":0.5}},"objectID":"BC4647D3-B546-46BF-B75B-0DBAA08BC354","layers":[{"animations":[],"layers":[],"initialState":{"affineTransform":[1,0,0,1,0,0],"masksToBounds":false,"rotation":0,"scale":1,"position":{"pointX":225,"pointY":180},"width":452,"sublayerTransform":[1,0,0,0,0,1,0,0,0,0,1,0,0,0,0,1],"contentsRect":{"y":0,"x":0,"width":1,"height":1},"opacity":1,"edgeAntialiasingMask":0,"height":362,"hidden":true,"anchorPoint":{"pointX":0.5,"pointY":0.5}},"texture":"D61B95B60E41BA622261F3F3386B83E5"},{"animations":[],"layers":[],"initialState":{"affineTransform":[1,0,0,1,0,0],"masksToBounds":false,"rotation":0,"scale":1,"position":{"pointX":225,"pointY":180},"width":450,"sublayerTransform":[1,0,0,0,0,1,0,0,0,0,1,0,0,0,0,1],"contentsRect":{"y":0,"x":0,"width":1,"height":1},"opacity":1,"edgeAntialiasingMask":251658240,"height":360,"hidden":false,"anchorPoint":{"pointX":0.5,"pointY":0.5}},"texture":"74BABC86F7AAEE8C1ED8B1EDACDA1B10"}]},"effects":[],"movie":{"startTime":0,"volume":1,"endTime":60.94333267211914,"isStreaming":false,"isAudioOnly":false,"asset":"LIGHT MUSIC de Thierry De Mey.mp4-0.0000-60.9433"},"duration":0,"type":"buildIn","name":"renderMovie","objectID":"BC4647D3-B546-46BF-B75B-0DBAA08BC354"}],"duration":0.01,"type":"buildIn","name":"apple:movie-start","objectID":"BC4647D3-B546-46BF-B75B-0DBAA08BC354"}],"automaticPlay":false,"hyperlinks":[],"accessibility":[{"text":"New Approaches for Music Representation and Notation","targetRectangle":{"y":720.5918582081795,"x":259.3800106048584,"width":505.24,"height":27}},{"text":"Light Music - Thierry De Mey - 2004","targetRectangle":{"y":641.759521484375,"x":279.88928,"width":464.22144,"height":38}},{"text":"￼","targetRectangle":{"y":721.5918579101562,"x":35.27275237441063,"width":10.008,"height":25}},{"text":"Some new instruments…","targetRectangle":{"y":38,"x":73.57918548583984,"width":602.0269999999999,"height":72}}],"baseLayer":{"animations":[],"initialState":{"affineTransform":[1,0,0,1,0,0],"masksToBounds":false,"rotation":0,"scale":1,"position":{"pointX":512,"pointY":384},"width":1024,"sublayerTransform":[1,0,0,0,0,1,0,0,0,0,1,0,0,0,0,1],"contentsRect":{"y":0,"x":0,"width":1,"height":1},"opacity":1,"edgeAntialiasingMask":251658240,"height":768,"hidden":false,"anchorPoint":{"pointX":0.5,"pointY":0.5}},"layers":[{"animations":[],"initialState":{"affineTransform":[1,0,0,1,0,0],"masksToBounds":false,"rotation":0,"scale":1,"position":{"pointX":512,"pointY":384},"width":1024,"sublayerTransform":[1,0,0,0,0,1,0,0,0,0,1,0,0,0,0,1],"contentsRect":{"y":0,"x":0,"width":1,"height":1},"opacity":1,"edgeAntialiasingMask":251658240,"height":768,"hidden":false,"anchorPoint":{"pointX":0.5,"pointY":0.5}},"layers":[{"animations":[],"initialState":{"affineTransform":[1,0,0,1,0,0],"masksToBounds":false,"rotation":0,"scale":1,"position":{"pointX":512,"pointY":384},"width":1024,"sublayerTransform":[1,0,0,0,0,1,0,0,0,0,1,0,0,0,0,1],"contentsRect":{"y":0,"x":0,"width":1,"height":1},"opacity":1,"edgeAntialiasingMask":251658240,"height":768,"hidden":false,"anchorPoint":{"pointX":0.5,"pointY":0.5}},"layers":[{"animations":[],"layers":[],"initialState":{"affineTransform":[1,0,0,1,0,0],"masksToBounds":false,"rotation":0,"scale":1,"position":{"pointX":512,"pointY":384},"width":1024,"sublayerTransform":[1,0,0,0,0,1,0,0,0,0,1,0,0,0,0,1],"contentsRect":{"y":0,"x":0,"width":1,"height":1},"opacity":1,"edgeAntialiasingMask":0,"height":768,"hidden":false,"anchorPoint":{"pointX":0.5,"pointY":0.5}},"texture":"DB8451458D98EFA7506DBEBC2B1323F0"}]}]},{"animations":[],"initialState":{"affineTransform":[1,0,0,1,0,0],"masksToBounds":false,"rotation":0,"scale":1,"position":{"pointX":512,"pointY":384},"width":1024,"sublayerTransform":[1,0,0,0,0,1,0,0,0,0,1,0,0,0,0,1],"contentsRect":{"y":0,"x":0,"width":1,"height":1},"opacity":1,"edgeAntialiasingMask":251658240,"height":768,"hidden":false,"anchorPoint":{"pointX":0.5,"pointY":0.5}},"layers":[{"animations":[],"initialState":{"affineTransform":[1,0,0,1,0,0],"masksToBounds":false,"rotation":0,"scale":1,"position":{"pointX":512,"pointY":734.0918579101562},"width":514.2399787902832,"sublayerTransform":[1,0,0,0,0,1,0,0,0,0,1,0,0,0,0,1],"contentsRect":{"y":0,"x":0,"width":1,"height":1},"opacity":1,"edgeAntialiasingMask":251658240,"height":34.99999940395355,"hidden":false,"anchorPoint":{"pointX":0.5,"pointY":0.5}},"objectID":"F0819768-63D4-4A98-95FB-4BC9F675CE66","layers":[{"animations":[],"layers":[],"initialState":{"affineTransform":[1,0,0,1,0,0],"masksToBounds":false,"rotation":0,"scale":1,"position":{"pointX":257.1199893951416,"pointY":18.90814179182053},"width":506,"sublayerTransform":[1,0,0,0,0,1,0,0,0,0,1,0,0,0,0,1],"contentsRect":{"y":0,"x":0,"width":1,"height":1},"opacity":1,"edgeAntialiasingMask":0,"height":25,"hidden":false,"anchorPoint":{"pointX":0.5,"pointY":0.5}},"texture":"2C2B173AFA1AE851084E4FFE99B48F73"}]}]},{"animations":[],"initialState":{"affineTransform":[1,0,0,1,0,0],"masksToBounds":false,"rotation":0,"scale":1,"position":{"pointX":512,"pointY":384},"width":1024,"sublayerTransform":[1,0,0,0,0,1,0,0,0,0,1,0,0,0,0,1],"contentsRect":{"y":0,"x":0,"width":1,"height":1},"opacity":1,"edgeAntialiasingMask":251658240,"height":768,"hidden":false,"anchorPoint":{"pointX":0.5,"pointY":0.5}},"layers":[{"animations":[],"initialState":{"affineTransform":[1,0,0,1,0,0],"masksToBounds":false,"rotation":0,"scale":1,"position":{"pointX":511.9999976158142,"pointY":69.49999928474426},"width":884.8416242599487,"sublayerTransform":[1,0,0,0,0,1,0,0,0,0,1,0,0,0,0,1],"contentsRect":{"y":0,"x":0,"width":1,"height":1},"opacity":1,"edgeAntialiasingMask":251658240,"height":88.99999856948853,"hidden":false,"anchorPoint":{"pointX":0.5,"pointY":0.5}},"objectID":"C48BBD2B-E34B-43D1-B96D-FBE62BA9B177","layers":[{"animations":[],"layers":[],"initialState":{"affineTransform":[1,0,0,1,0,0],"masksToBounds":false,"rotation":0,"scale":1,"position":{"pointX":303.4208145141602,"pointY":47},"width":598,"sublayerTransform":[1,0,0,0,0,1,0,0,0,0,1,0,0,0,0,1],"contentsRect":{"y":0,"x":0,"width":1,"height":1},"opacity":1,"edgeAntialiasingMask":0,"height":42,"hidden":false,"anchorPoint":{"pointX":0.5,"pointY":0.5}},"texture":"21898186EF8A8FA047EAA6D89EBAB65D"}]}]},{"animations":[],"initialState":{"affineTransform":[1,0,0,1,0,0],"masksToBounds":false,"rotation":0,"scale":1,"position":{"pointX":512,"pointY":384},"width":1024,"sublayerTransform":[1,0,0,0,0,1,0,0,0,0,1,0,0,0,0,1],"contentsRect":{"y":0,"x":0,"width":1,"height":1},"opacity":1,"edgeAntialiasingMask":251658240,"height":768,"hidden":false,"anchorPoint":{"pointX":0.5,"pointY":0.5}},"layers":[{"animations":[],"initialState":{"affineTransform":[1,0,0,1,0,0],"masksToBounds":false,"rotation":0,"scale":1,"position":{"pointX":40.27675247192383,"pointY":734.0918585658073},"width":19.0080001950264,"sublayerTransform":[1,0,0,0,0,1,0,0,0,0,1,0,0,0,0,1],"contentsRect":{"y":0,"x":0,"width":1,"height":1},"opacity":1,"edgeAntialiasingMask":251658240,"height":33.00000131130219,"hidden":false,"anchorPoint":{"pointX":0.5,"pointY":0.5}},"objectID":"A2822E5F-F884-4AAD-8E57-A93B1494A5AE","layers":[{"animations":[],"layers":[],"initialState":{"affineTransform":[1,0,0,1,0,0],"masksToBounds":false,"rotation":0,"scale":1,"position":{"pointX":8.727247625589371,"pointY":15.90814208984375},"width":13,"sublayerTransform":[1,0,0,0,0,1,0,0,0,0,1,0,0,0,0,1],"contentsRect":{"y":0,"x":0,"width":1,"height":1},"opacity":1,"edgeAntialiasingMask":0,"height":17,"hidden":false,"anchorPoint":{"pointX":0.5,"pointY":0.5}},"texture":"A67861C607808AB17E54C860622932B2"}]}]},{"animations":[],"initialState":{"affineTransform":[1,0,0,1,0,0],"masksToBounds":false,"rotation":0,"scale":1,"position":{"pointX":512,"pointY":384},"width":1024,"sublayerTransform":[1,0,0,0,0,1,0,0,0,0,1,0,0,0,0,1],"contentsRect":{"y":0,"x":0,"width":1,"height":1},"opacity":1,"edgeAntialiasingMask":251658240,"height":768,"hidden":false,"anchorPoint":{"pointX":0.5,"pointY":0.5}},"layers":[{"animations":[],"initialState":{"affineTransform":[1,0,0,1,0,0],"masksToBounds":false,"rotation":0,"scale":1,"position":{"pointX":511.9999914169312,"pointY":660.82545748353},"width":491.8874340057373,"sublayerTransform":[1,0,0,0,0,1,0,0,0,0,1,0,0,0,0,1],"contentsRect":{"y":0,"x":0,"width":1,"height":1},"opacity":1,"edgeAntialiasingMask":251658240,"height":46.13187199831009,"hidden":false,"anchorPoint":{"pointX":0.5,"pointY":0.5}},"objectID":"5F7D7078-4865-42F8-BDEE-B45414500995","layers":[{"animations":[],"layers":[],"initialState":{"affineTransform":[1,0,0,1,0,0],"masksToBounds":false,"rotation":0,"scale":1,"position":{"pointX":247.4437255859375,"pointY":24.240478515625},"width":465,"sublayerTransform":[1,0,0,0,0,1,0,0,0,0,1,0,0,0,0,1],"contentsRect":{"y":0,"x":0,"width":1,"height":1},"opacity":1,"edgeAntialiasingMask":0,"height":32,"hidden":false,"anchorPoint":{"pointX":0.5,"pointY":0.5}},"texture":"1ED932689CE51313F9EF7B5913438BB7"}]}]},{"animations":[],"initialState":{"affineTransform":[1,0,0,1,0,0],"masksToBounds":false,"rotation":0,"scale":1,"position":{"pointX":512,"pointY":384},"width":1024,"sublayerTransform":[1,0,0,0,0,1,0,0,0,0,1,0,0,0,0,1],"contentsRect":{"y":0,"x":0,"width":1,"height":1},"opacity":1,"edgeAntialiasingMask":251658240,"height":768,"hidden":false,"anchorPoint":{"pointX":0.5,"pointY":0.5}},"layers":[{"animations":[],"initialState":{"affineTransform":[1,0,0,1,0,0],"masksToBounds":false,"rotation":0,"scale":1,"position":{"pointX":512,"pointY":384},"width":450,"sublayerTransform":[1,0,0,0,0,1,0,0,0,0,1,0,0,0,0,1],"contentsRect":{"y":0,"x":0,"width":1,"height":1},"opacity":1,"edgeAntialiasingMask":251658240,"height":360,"hidden":false,"anchorPoint":{"pointX":0.5,"pointY":0.5}},"objectID":"BC4647D3-B546-46BF-B75B-0DBAA08BC354","layers":[{"animations":[],"layers":[],"initialState":{"affineTransform":[1,0,0,1,0,0],"masksToBounds":false,"rotation":0,"scale":1,"position":{"pointX":225,"pointY":180},"width":452,"sublayerTransform":[1,0,0,0,0,1,0,0,0,0,1,0,0,0,0,1],"contentsRect":{"y":0,"x":0,"width":1,"height":1},"opacity":1,"edgeAntialiasingMask":0,"height":362,"hidden":false,"anchorPoint":{"pointX":0.5,"pointY":0.5}},"texture":"D61B95B60E41BA622261F3F3386B83E5"}]}]}]}},{"effects":[{"beginTime":0,"baseLayer":{"animations":[],"initialState":{"affineTransform":[1,0,0,1,0,0],"masksToBounds":false,"rotation":0,"scale":1,"position":{"pointX":512,"pointY":384},"width":1024,"sublayerTransform":[1,0,0,0,0,1,0,0,0,0,1,0,0,0,0,1],"contentsRect":{"y":0,"x":0,"width":1,"height":1},"opacity":1,"edgeAntialiasingMask":251658240,"height":768,"hidden":false,"anchorPoint":{"pointX":0.5,"pointY":0.5}},"objectID":"0","layers":[{"animations":[],"initialState":{"affineTransform":[1,0,0,1,0,0],"masksToBounds":false,"rotation":0,"scale":1,"position":{"pointX":512,"pointY":384},"width":1024,"sublayerTransform":[1,0,0,0,0,1,0,0,0,0,1,-0.0004922987690640373,0,0,0,1],"contentsRect":{"y":0,"x":0,"width":1,"height":1},"opacity":1,"edgeAntialiasingMask":251658240,"height":768,"hidden":false,"anchorPoint":{"pointX":0.5,"pointY":0.5}},"layers":[{"animations":[],"layers":[],"initialState":{"affineTransform":[1,0,0,1,0,0],"masksToBounds":false,"rotation":0,"scale":1,"position":{"pointX":512,"pointY":384},"width":1024,"sublayerTransform":[1,0,0,0,0,1,0,0,0,0,1,0,0,0,0,1],"contentsRect":{"y":0,"x":0,"width":1,"height":1},"opacity":1,"edgeAntialiasingMask":0,"height":768,"hidden":false,"anchorPoint":{"pointX":0.5,"pointY":0.5}},"texture":"EA7E14A01CD206BCD33D2F652162E218"},{"animations":[{"timeOffset":0,"from":{"scalar":1},"beginTime":0,"repeatCount":0,"fillMode":"both","duration":0.949999988079071,"autoreverses":false,"timingFunction":"EaseInEaseOut","property":"opacity","to":{"scalar":0}}],"layers":[],"initialState":{"affineTransform":[1,0,0,1,0,0],"masksToBounds":false,"rotation":0,"scale":1,"position":{"pointX":512,"pointY":384},"width":1024,"sublayerTransform":[1,0,0,0,0,1,0,0,0,0,1,0,0,0,0,1],"contentsRect":{"y":0,"x":0,"width":1,"height":1},"opacity":1,"edgeAntialiasingMask":0,"height":768,"hidden":false,"anchorPoint":{"pointX":0.5,"pointY":0.5}},"texture":"D3817FC24796344E8CB10C36DC7067A6"}]}]},"effects":[],"duration":0.949999988079071,"type":"transition","name":"apple:dissolve","objectID":"0"}],"automaticPlay":false,"hyperlinks":[],"accessibility":[{"text":"New Approaches for Music Representation and Notation","targetRectangle":{"y":720.5918582081795,"x":259.3800106048584,"width":505.24,"height":27}},{"text":"Light Music - Thierry De Mey - 2004","targetRectangle":{"y":641.759521484375,"x":279.88928,"width":464.22144,"height":38}},{"text":"￼","targetRectangle":{"y":721.5918579101562,"x":35.27275237441063,"width":10.008,"height":25}},{"text":"Some new instruments…","targetRectangle":{"y":38,"x":73.57918548583984,"width":602.0269999999999,"height":72}}],"baseLayer":{"animations":[],"initialState":{"affineTransform":[1,0,0,1,0,0],"masksToBounds":false,"rotation":0,"scale":1,"position":{"pointX":512,"pointY":384},"width":1024,"sublayerTransform":[1,0,0,0,0,1,0,0,0,0,1,0,0,0,0,1],"contentsRect":{"y":0,"x":0,"width":1,"height":1},"opacity":1,"edgeAntialiasingMask":251658240,"height":768,"hidden":false,"anchorPoint":{"pointX":0.5,"pointY":0.5}},"objectID":"0","layers":[{"animations":[],"initialState":{"affineTransform":[1,0,0,1,0,0],"masksToBounds":false,"rotation":0,"scale":1,"position":{"pointX":512,"pointY":384},"width":1024,"sublayerTransform":[1,0,0,0,0,1,0,0,0,0,1,-0.0004922987690640373,0,0,0,1],"contentsRect":{"y":0,"x":0,"width":1,"height":1},"opacity":1,"edgeAntialiasingMask":251658240,"height":768,"hidden":false,"anchorPoint":{"pointX":0.5,"pointY":0.5}},"layers":[{"animations":[],"layers":[],"initialState":{"affineTransform":[1,0,0,1,0,0],"masksToBounds":false,"rotation":0,"scale":1,"position":{"pointX":512,"pointY":384},"width":1024,"sublayerTransform":[1,0,0,0,0,1,0,0,0,0,1,0,0,0,0,1],"contentsRect":{"y":0,"x":0,"width":1,"height":1},"opacity":1,"edgeAntialiasingMask":0,"height":768,"hidden":false,"anchorPoint":{"pointX":0.5,"pointY":0.5}},"texture":"D3817FC24796344E8CB10C36DC7067A6"}]}]}}]}