{"autoplayTransitionDelay":5,"author":"","timestamp":"2017-47-11 9:1:5","loopSlideshow":0,"filename":"1-Notation-introduction.key","autoplayBuildDelay":2,"comment":"","title":"1-Notation-introduction.key","showMode":0,"creator":"Apple Keynote 6.6.2","slideList":["B04F1C97-ECAB-4D96-BED1-068678BAA01E","56BE1133-4637-4A55-8EE6-D72B6945BC24","09F71C97-ECAB-4D96-BED1-068678BAA01E","25FA1C97-ECAB-4D96-BED1-068678BAA01E","D67A1C97-ECAB-4D96-BED1-068678BAA01E","F3FD1C97-ECAB-4D96-BED1-068678BAA01E","04011D97-ECAB-4D96-BED1-068678BAA01E","65E789E5-76EA-47F5-A96D-B97EB12C4C88","47051D97-ECAB-4D96-BED1-068678BAA01E","8E4B1D97-ECAB-4D96-BED1-068678BAA01E","540B1D97-ECAB-4D96-BED1-068678BAA01E","2CA29042-7369-4834-AF9D-A5210ADE85E3","E95DEDC4-E655-4C9E-B9F9-6386A0DBAF7E","3848C5D1-D618-432B-91F3-0104FFE17513","790C8872-256D-4DBA-996B-BF93CBAA0697","D6596AC2-3E32-4CB1-BE4B-623D3818B921","4AAE6EA7-3F1F-4CAC-8E5B-8863539C57B9","04E261F3-BD9E-4C5F-B0B6-ABB608C70DB4","1AD3A19D-5C5E-4EB7-93D8-F61B88B0CEB3","56D8B192-1613-4845-B5C5-018587AF8EEB","9BA85007-1552-4425-896F-6FEC3A878E91","59A56072-026B-4F5B-B74D-22465243AB59","CAEC101A-A25B-4BC9-B795-BA1C0A57C4FE","3CE495C4-EF28-41DB-9A1E-492ABE719051","943EBA47-B752-410F-8CBA-E350A641A84A"],"soundtrack":{"mode":0,"volume":1},"slideWidth":1024,"slideHeight":768,"slideCount":25,"majorVersion":1,"minorVersion":2,"fonts":["Cambria","Helvetica-Light","Avenir-Black","Avenir-Medium","Helvetica-Bold","Cambria-Bold","Helvetica","AvenirNext-Regular","Avenir-Book"]}