{"assets":{"EB044D9E77699F3B36297ED0C782E791":{"type":"texture","index":249,"assetRequest":{"type":"slide","state":"contents","slide":"6DDFCAF6-06D6-4365-A61C-D64F40CAC4EF"},"url":{"web":"assets/EB044D9E77699F3B36297ED0C782E791.svg"},"width":23,"height":17},"DB8451458D98EFA7506DBEBC2B1323F0":{"type":"texture","index":246,"assetRequest":{"type":"slide","state":"contents","slide":"6DDFCAF6-06D6-4365-A61C-D64F40CAC4EF"},"url":{"web":"assets/DB8451458D98EFA7506DBEBC2B1323F0.svg"},"width":1024,"height":768},"91AC10A56F0D527314A14F51AB8D01A7":{"type":"texture","index":253,"assetRequest":{"type":"slide","state":"contents","slide":"6DDFCAF6-06D6-4365-A61C-D64F40CAC4EF"},"url":{"web":"assets/91AC10A56F0D527314A14F51AB8D01A7.svg"},"width":457,"height":84},"299BA160A824AED86279E683A4DEBAD9":{"type":"texture","index":257,"assetRequest":{"type":"slide","state":"contents","slide":"6DDFCAF6-06D6-4365-A61C-D64F40CAC4EF"},"url":{"web":"assets/299BA160A824AED86279E683A4DEBAD9.svg"},"width":206,"height":206},"593E206575F248496DFDFB43E256EC77":{"type":"texture","index":251,"assetRequest":{"type":"slide","state":"contents","slide":"6DDFCAF6-06D6-4365-A61C-D64F40CAC4EF"},"url":{"web":"assets/593E206575F248496DFDFB43E256EC77.svg"},"width":239,"height":104},"5B6712001EE5679B5A6D047646219AF6":{"type":"texture","index":256,"assetRequest":{"type":"slide","state":"contents","slide":"6DDFCAF6-06D6-4365-A61C-D64F40CAC4EF"},"url":{"web":"assets/5B6712001EE5679B5A6D047646219AF6.svg"},"width":203,"height":203},"833C8A71878879976DBC3CB56DC9138F":{"type":"texture","index":255,"assetRequest":{"type":"slide","state":"contents","slide":"6DDFCAF6-06D6-4365-A61C-D64F40CAC4EF"},"url":{"web":"assets/833C8A71878879976DBC3CB56DC9138F.svg"},"width":351,"height":42},"2662067C29F4C5F477F9E33733BDCC16":{"type":"texture","index":247,"assetRequest":{"type":"slide","state":"contents","slide":"6DDFCAF6-06D6-4365-A61C-D64F40CAC4EF"},"url":{"web":"assets/2662067C29F4C5F477F9E33733BDCC16.svg"},"width":441,"height":24},"FC7C62E542A09432144B644763938FBD":{"type":"texture","index":252,"assetRequest":{"type":"slide","state":"contents","slide":"6DDFCAF6-06D6-4365-A61C-D64F40CAC4EF"},"url":{"web":"assets/FC7C62E542A09432144B644763938FBD.svg"},"width":258,"height":36},"B34868D85D9BAFFBEC83359B5D151698":{"type":"texture","index":258,"assetRequest":{"type":"slide","state":"contents","slide":"6DDFCAF6-06D6-4365-A61C-D64F40CAC4EF"},"url":{"web":"assets/B34868D85D9BAFFBEC83359B5D151698.svg"},"width":206,"height":206},"095D50B52FF50EB78972DEA9BB9A8DBD":{"type":"texture","index":259,"assetRequest":{"type":"slide","state":"contents","slide":"6DDFCAF6-06D6-4365-A61C-D64F40CAC4EF"},"url":{"web":"assets/095D50B52FF50EB78972DEA9BB9A8DBD.svg"},"width":206,"height":206},"A0BF1BAEA424CA33074D19632605F05A":{"type":"texture","index":260,"assetRequest":{"type":"slide","state":"contents","slide":"6DDFCAF6-06D6-4365-A61C-D64F40CAC4EF"},"url":{"web":"assets/A0BF1BAEA424CA33074D19632605F05A.svg"},"width":258,"height":251},"02BBDE2D5CD2D5460DAC0BBD6F247309":{"type":"texture","index":261,"assetRequest":{"type":"slide","state":"contents","slide":"6DDFCAF6-06D6-4365-A61C-D64F40CAC4EF"},"url":{"web":"assets/02BBDE2D5CD2D5460DAC0BBD6F247309.svg"},"width":248,"height":203},"5BE34C63C275A5D27CD5ED9AC583A92C":{"type":"texture","index":262,"assetRequest":{"type":"slide","state":"outgoing","slide":"6DDFCAF6-06D6-4365-A61C-D64F40CAC4EF"},"url":{"web":"assets/5BE34C63C275A5D27CD5ED9AC583A92C.svg"},"width":1024,"height":768},"08D004AAACDB2F03877E0088CDFF52C2":{"type":"texture","index":254,"assetRequest":{"type":"slide","state":"contents","slide":"6DDFCAF6-06D6-4365-A61C-D64F40CAC4EF"},"url":{"web":"assets/08D004AAACDB2F03877E0088CDFF52C2.svg"},"width":267,"height":262},"2BB17D55B5B49460B86006EF17E0F4D4":{"type":"texture","index":263,"assetRequest":{"type":"slide","state":"incoming","slide":"122C586D-43AA-4B06-878C-6C80DDC82AB7"},"url":{"web":"assets/2BB17D55B5B49460B86006EF17E0F4D4.svg"},"width":1024,"height":768},"2F5273E48820B549F9C0D4E271FD3C8D":{"type":"texture","index":250,"assetRequest":{"type":"slide","state":"contents","slide":"6DDFCAF6-06D6-4365-A61C-D64F40CAC4EF"},"url":{"web":"assets/2F5273E48820B549F9C0D4E271FD3C8D.svg"},"width":857,"height":32},"A195FFC70B722049AFF55E5FCD5FB274":{"type":"texture","index":248,"assetRequest":{"type":"slide","state":"contents","slide":"6DDFCAF6-06D6-4365-A61C-D64F40CAC4EF"},"url":{"web":"assets/A195FFC70B722049AFF55E5FCD5FB274.svg"},"width":191,"height":42}},"events":[{"effects":[{"beginTime":1,"baseLayer":{"animations":[],"initialState":{"affineTransform":[1,0,0,1,0,0],"masksToBounds":false,"rotation":0,"scale":1,"position":{"pointX":696.8319702148438,"pointY":478.1986389160156},"width":203,"sublayerTransform":[1,0,0,0,0,1,0,0,0,0,1,0,0,0,0,1],"contentsRect":{"y":0,"x":0,"width":1,"height":1},"opacity":1,"edgeAntialiasingMask":251658240,"height":203,"hidden":false,"anchorPoint":{"pointX":0.5,"pointY":0.5}},"objectID":"1FF6E528-2DBA-449E-A770-921D89F9ADC1","layers":[{"animations":[],"initialState":{"affineTransform":[1,0,0,1,0,0],"masksToBounds":false,"rotation":0,"scale":1,"position":{"pointX":-83.33197021484375,"pointY":7.301361083984375},"width":203,"sublayerTransform":[1,0,0,0,0,1,0,0,0,0,1,-0.0004922987690640373,0,0,0,1],"contentsRect":{"y":0,"x":0,"width":1,"height":1},"opacity":1,"edgeAntialiasingMask":251658240,"height":203,"hidden":false,"anchorPoint":{"pointX":-0.4105023163292796,"pointY":0.0359672959802186}},"layers":[{"animations":[{"timeOffset":0,"beginTime":1,"repeatCount":0,"animations":[{"timeOffset":0,"from":{"scalar":0},"beginTime":0,"repeatCount":0,"fillMode":"both","duration":0.8,"autoreverses":false,"timingFunction":"EaseInEaseOut","property":"opacity","to":{"scalar":1}},{"timeOffset":0,"from":{"scalar":false},"beginTime":0,"repeatCount":0,"fillMode":"forwards","property":"hidden","autoreverses":false,"duration":0.8,"to":{"scalar":false}}],"fillMode":"both","autoreverses":false,"duration":0.8}],"layers":[],"initialState":{"affineTransform":[1,0,0,1,0,0],"masksToBounds":false,"rotation":0,"scale":1,"position":{"pointX":101.6680297851562,"pointY":101.3013610839844},"width":206,"sublayerTransform":[1,0,0,0,0,1,0,0,0,0,1,0,0,0,0,1],"contentsRect":{"y":0,"x":0,"width":1,"height":1},"opacity":1,"edgeAntialiasingMask":0,"height":206,"hidden":true,"anchorPoint":{"pointX":0.5,"pointY":0.5}},"texture":"299BA160A824AED86279E683A4DEBAD9"}]}]},"effects":[{"beginTime":0.5,"baseLayer":{"animations":[],"initialState":{"affineTransform":[1,0,0,1,0,0],"masksToBounds":false,"rotation":0,"scale":1,"position":{"pointX":696.8319702148438,"pointY":478.1986389160156},"width":203,"sublayerTransform":[1,0,0,0,0,1,0,0,0,0,1,0,0,0,0,1],"contentsRect":{"y":0,"x":0,"width":1,"height":1},"opacity":1,"edgeAntialiasingMask":251658240,"height":203,"hidden":false,"anchorPoint":{"pointX":0.5,"pointY":0.5}},"objectID":"7760A149-2FA7-43E8-8A3C-BFEA84D384E5","layers":[{"animations":[],"initialState":{"affineTransform":[1,0,0,1,0,0],"masksToBounds":false,"rotation":0,"scale":1,"position":{"pointX":-83.33197021484375,"pointY":7.301361083984375},"width":203,"sublayerTransform":[1,0,0,0,0,1,0,0,0,0,1,-0.0004922987690640373,0,0,0,1],"contentsRect":{"y":0,"x":0,"width":1,"height":1},"opacity":1,"edgeAntialiasingMask":251658240,"height":203,"hidden":false,"anchorPoint":{"pointX":-0.4105023163292796,"pointY":0.0359672959802186}},"layers":[{"animations":[{"timeOffset":0,"beginTime":0.5,"repeatCount":0,"animations":[{"timeOffset":0,"from":{"scalar":0},"beginTime":0,"repeatCount":0,"fillMode":"both","duration":0.4,"autoreverses":false,"timingFunction":"EaseInEaseOut","property":"opacity","to":{"scalar":1}},{"timeOffset":0,"from":{"scalar":false},"beginTime":0,"repeatCount":0,"fillMode":"forwards","property":"hidden","autoreverses":false,"duration":0.4,"to":{"scalar":false}}],"fillMode":"both","autoreverses":false,"duration":0.4}],"layers":[],"initialState":{"affineTransform":[1,0,0,1,0,0],"masksToBounds":false,"rotation":0,"scale":1,"position":{"pointX":101.6680297851562,"pointY":101.3013610839844},"width":206,"sublayerTransform":[1,0,0,0,0,1,0,0,0,0,1,0,0,0,0,1],"contentsRect":{"y":0,"x":0,"width":1,"height":1},"opacity":1,"edgeAntialiasingMask":0,"height":206,"hidden":true,"anchorPoint":{"pointX":0.5,"pointY":0.5}},"texture":"B34868D85D9BAFFBEC83359B5D151698"}]}]},"effects":[{"beginTime":0.5,"baseLayer":{"animations":[],"initialState":{"affineTransform":[1,0,0,1,0,0],"masksToBounds":false,"rotation":0,"scale":1,"position":{"pointX":696.8319702148438,"pointY":478.1986389160156},"width":203,"sublayerTransform":[1,0,0,0,0,1,0,0,0,0,1,0,0,0,0,1],"contentsRect":{"y":0,"x":0,"width":1,"height":1},"opacity":1,"edgeAntialiasingMask":251658240,"height":203,"hidden":false,"anchorPoint":{"pointX":0.5,"pointY":0.5}},"objectID":"716E4836-C933-455A-A9FB-377CDE446549","layers":[{"animations":[],"initialState":{"affineTransform":[1,0,0,1,0,0],"masksToBounds":false,"rotation":0,"scale":1,"position":{"pointX":-83.33197021484375,"pointY":7.301361083984375},"width":203,"sublayerTransform":[1,0,0,0,0,1,0,0,0,0,1,-0.0004922987690640373,0,0,0,1],"contentsRect":{"y":0,"x":0,"width":1,"height":1},"opacity":1,"edgeAntialiasingMask":251658240,"height":203,"hidden":false,"anchorPoint":{"pointX":-0.4105023163292796,"pointY":0.0359672959802186}},"layers":[{"animations":[{"timeOffset":0,"beginTime":0.5,"repeatCount":0,"animations":[{"timeOffset":0,"from":{"scalar":0},"beginTime":0,"repeatCount":0,"fillMode":"both","duration":0.4,"autoreverses":false,"timingFunction":"EaseInEaseOut","property":"opacity","to":{"scalar":1}},{"timeOffset":0,"from":{"scalar":false},"beginTime":0,"repeatCount":0,"fillMode":"forwards","property":"hidden","autoreverses":false,"duration":0.4,"to":{"scalar":false}}],"fillMode":"both","autoreverses":false,"duration":0.4}],"layers":[],"initialState":{"affineTransform":[1,0,0,1,0,0],"masksToBounds":false,"rotation":0,"scale":1,"position":{"pointX":101.6680297851562,"pointY":101.3013610839844},"width":206,"sublayerTransform":[1,0,0,0,0,1,0,0,0,0,1,0,0,0,0,1],"contentsRect":{"y":0,"x":0,"width":1,"height":1},"opacity":1,"edgeAntialiasingMask":0,"height":206,"hidden":true,"anchorPoint":{"pointX":0.5,"pointY":0.5}},"texture":"095D50B52FF50EB78972DEA9BB9A8DBD"}]}]},"effects":[{"beginTime":0.5,"baseLayer":{"animations":[],"initialState":{"affineTransform":[1,0,0,1,0,0],"masksToBounds":false,"rotation":0,"scale":1,"position":{"pointX":696.8319702148438,"pointY":478.1986389160156},"width":200.25,"sublayerTransform":[1,0,0,0,0,1,0,0,0,0,1,0,0,0,0,1],"contentsRect":{"y":0,"x":0,"width":1,"height":1},"opacity":1,"edgeAntialiasingMask":251658240,"height":200.25,"hidden":false,"anchorPoint":{"pointX":0.5,"pointY":0.5}},"objectID":"6C4D147A-04C0-4319-B345-0B4B608C38BE","layers":[{"animations":[],"initialState":{"affineTransform":[1,0,0,1,0,0],"masksToBounds":false,"rotation":0,"scale":1,"position":{"pointX":-84.70697021484375,"pointY":5.926361083984375},"width":200.25,"sublayerTransform":[1,0,0,0,0,1,0,0,0,0,1,-0.0004922987690640373,0,0,0,1],"contentsRect":{"y":0,"x":0,"width":1,"height":1},"opacity":1,"edgeAntialiasingMask":251658240,"height":200.25,"hidden":false,"anchorPoint":{"pointX":-0.423006093457397,"pointY":0.02959481190504058}},"layers":[{"animations":[{"timeOffset":0,"beginTime":0.5,"repeatCount":0,"animations":[{"timeOffset":0,"from":{"scalar":0},"beginTime":0,"repeatCount":0,"fillMode":"both","duration":0.4,"autoreverses":false,"timingFunction":"EaseInEaseOut","property":"opacity","to":{"scalar":1}},{"timeOffset":0,"from":{"scalar":false},"beginTime":0,"repeatCount":0,"fillMode":"forwards","property":"hidden","autoreverses":false,"duration":0.4,"to":{"scalar":false}}],"fillMode":"both","autoreverses":false,"duration":0.4}],"layers":[],"initialState":{"affineTransform":[1,0,0,1,0,0],"masksToBounds":false,"rotation":0,"scale":1,"position":{"pointX":100.2930297851562,"pointY":100.4263610839844},"width":258,"sublayerTransform":[1,0,0,0,0,1,0,0,0,0,1,0,0,0,0,1],"contentsRect":{"y":0,"x":0,"width":1,"height":1},"opacity":1,"edgeAntialiasingMask":0,"height":251,"hidden":true,"anchorPoint":{"pointX":0.5,"pointY":0.5}},"texture":"A0BF1BAEA424CA33074D19632605F05A"}]}]},"effects":[{"beginTime":0.5,"baseLayer":{"animations":[],"initialState":{"affineTransform":[1,0,0,1,0,0],"masksToBounds":false,"rotation":0,"scale":1,"position":{"pointX":696.8319702148438,"pointY":478.1986389160156},"width":200.25,"sublayerTransform":[1,0,0,0,0,1,0,0,0,0,1,0,0,0,0,1],"contentsRect":{"y":0,"x":0,"width":1,"height":1},"opacity":1,"edgeAntialiasingMask":251658240,"height":200.25,"hidden":false,"anchorPoint":{"pointX":0.5,"pointY":0.5}},"objectID":"47A181D7-2891-4791-ADB6-84AE42617B58","layers":[{"animations":[],"initialState":{"affineTransform":[1,0,0,1,0,0],"masksToBounds":false,"rotation":0,"scale":1,"position":{"pointX":-84.70697021484375,"pointY":5.926361083984375},"width":200.25,"sublayerTransform":[1,0,0,0,0,1,0,0,0,0,1,-0.0004922987690640373,0,0,0,1],"contentsRect":{"y":0,"x":0,"width":1,"height":1},"opacity":1,"edgeAntialiasingMask":251658240,"height":200.25,"hidden":false,"anchorPoint":{"pointX":-0.423006093457397,"pointY":0.02959481190504058}},"layers":[{"animations":[{"timeOffset":0,"beginTime":0.5,"repeatCount":0,"animations":[{"timeOffset":0,"from":{"scalar":1},"beginTime":0,"repeatCount":0,"fillMode":"both","duration":0.3,"autoreverses":false,"timingFunction":"EaseInEaseOut","property":"opacity","to":{"scalar":0}}],"fillMode":"both","autoreverses":false,"duration":0.3}],"layers":[],"initialState":{"affineTransform":[1,0,0,1,0,0],"masksToBounds":false,"rotation":0,"scale":1,"position":{"pointX":99.79302978515625,"pointY":100.4263610839844},"width":203,"sublayerTransform":[1,0,0,0,0,1,0,0,0,0,1,0,0,0,0,1],"contentsRect":{"y":0,"x":0,"width":1,"height":1},"opacity":1,"edgeAntialiasingMask":0,"height":203,"hidden":false,"anchorPoint":{"pointX":0.5,"pointY":0.5}},"texture":"5B6712001EE5679B5A6D047646219AF6"}]}]},"effects":[],"duration":0.3,"type":"buildOut","name":"apple:dissolve character","objectID":"47A181D7-2891-4791-ADB6-84AE42617B58"},{"beginTime":0.5,"baseLayer":{"animations":[],"initialState":{"affineTransform":[1,0,0,1,0,0],"masksToBounds":false,"rotation":0,"scale":1,"position":{"pointX":696.8319702148438,"pointY":478.1986389160156},"width":203,"sublayerTransform":[1,0,0,0,0,1,0,0,0,0,1,0,0,0,0,1],"contentsRect":{"y":0,"x":0,"width":1,"height":1},"opacity":1,"edgeAntialiasingMask":251658240,"height":203,"hidden":false,"anchorPoint":{"pointX":0.5,"pointY":0.5}},"objectID":"1FF6E528-2DBA-449E-A770-921D89F9ADC1","layers":[{"animations":[],"initialState":{"affineTransform":[1,0,0,1,0,0],"masksToBounds":false,"rotation":0,"scale":1,"position":{"pointX":-83.33197021484375,"pointY":7.301361083984375},"width":203,"sublayerTransform":[1,0,0,0,0,1,0,0,0,0,1,-0.0004922987690640373,0,0,0,1],"contentsRect":{"y":0,"x":0,"width":1,"height":1},"opacity":1,"edgeAntialiasingMask":251658240,"height":203,"hidden":false,"anchorPoint":{"pointX":-0.4105023163292796,"pointY":0.0359672959802186}},"layers":[{"animations":[{"timeOffset":0,"beginTime":0.5,"repeatCount":0,"animations":[{"timeOffset":0,"from":{"scalar":1},"beginTime":0,"repeatCount":0,"fillMode":"both","duration":0.3,"autoreverses":false,"timingFunction":"EaseInEaseOut","property":"opacity","to":{"scalar":0}}],"fillMode":"both","autoreverses":false,"duration":0.3}],"layers":[],"initialState":{"affineTransform":[1,0,0,1,0,0],"masksToBounds":false,"rotation":0,"scale":1,"position":{"pointX":101.6680297851562,"pointY":101.3013610839844},"width":206,"sublayerTransform":[1,0,0,0,0,1,0,0,0,0,1,0,0,0,0,1],"contentsRect":{"y":0,"x":0,"width":1,"height":1},"opacity":1,"edgeAntialiasingMask":0,"height":206,"hidden":false,"anchorPoint":{"pointX":0.5,"pointY":0.5}},"texture":"299BA160A824AED86279E683A4DEBAD9"}]}]},"effects":[],"duration":0.3,"type":"buildOut","name":"apple:dissolve character","objectID":"1FF6E528-2DBA-449E-A770-921D89F9ADC1"},{"beginTime":0.5,"baseLayer":{"animations":[],"initialState":{"affineTransform":[1,0,0,1,0,0],"masksToBounds":false,"rotation":0,"scale":1,"position":{"pointX":696.8319702148438,"pointY":478.1986389160156},"width":203,"sublayerTransform":[1,0,0,0,0,1,0,0,0,0,1,0,0,0,0,1],"contentsRect":{"y":0,"x":0,"width":1,"height":1},"opacity":1,"edgeAntialiasingMask":251658240,"height":203,"hidden":false,"anchorPoint":{"pointX":0.5,"pointY":0.5}},"objectID":"7760A149-2FA7-43E8-8A3C-BFEA84D384E5","layers":[{"animations":[],"initialState":{"affineTransform":[1,0,0,1,0,0],"masksToBounds":false,"rotation":0,"scale":1,"position":{"pointX":-83.33197021484375,"pointY":7.301361083984375},"width":203,"sublayerTransform":[1,0,0,0,0,1,0,0,0,0,1,-0.0004922987690640373,0,0,0,1],"contentsRect":{"y":0,"x":0,"width":1,"height":1},"opacity":1,"edgeAntialiasingMask":251658240,"height":203,"hidden":false,"anchorPoint":{"pointX":-0.4105023163292796,"pointY":0.0359672959802186}},"layers":[{"animations":[{"timeOffset":0,"beginTime":0.5,"repeatCount":0,"animations":[{"timeOffset":0,"from":{"scalar":1},"beginTime":0,"repeatCount":0,"fillMode":"both","duration":0.3,"autoreverses":false,"timingFunction":"EaseInEaseOut","property":"opacity","to":{"scalar":0}}],"fillMode":"both","autoreverses":false,"duration":0.3}],"layers":[],"initialState":{"affineTransform":[1,0,0,1,0,0],"masksToBounds":false,"rotation":0,"scale":1,"position":{"pointX":101.6680297851562,"pointY":101.3013610839844},"width":206,"sublayerTransform":[1,0,0,0,0,1,0,0,0,0,1,0,0,0,0,1],"contentsRect":{"y":0,"x":0,"width":1,"height":1},"opacity":1,"edgeAntialiasingMask":0,"height":206,"hidden":false,"anchorPoint":{"pointX":0.5,"pointY":0.5}},"texture":"B34868D85D9BAFFBEC83359B5D151698"}]}]},"effects":[],"duration":0.3,"type":"buildOut","name":"apple:dissolve character","objectID":"7760A149-2FA7-43E8-8A3C-BFEA84D384E5"},{"beginTime":0.5,"baseLayer":{"animations":[],"initialState":{"affineTransform":[1,0,0,1,0,0],"masksToBounds":false,"rotation":0,"scale":1,"position":{"pointX":696.8319702148438,"pointY":478.1986389160156},"width":203,"sublayerTransform":[1,0,0,0,0,1,0,0,0,0,1,0,0,0,0,1],"contentsRect":{"y":0,"x":0,"width":1,"height":1},"opacity":1,"edgeAntialiasingMask":251658240,"height":203,"hidden":false,"anchorPoint":{"pointX":0.5,"pointY":0.5}},"objectID":"716E4836-C933-455A-A9FB-377CDE446549","layers":[{"animations":[],"initialState":{"affineTransform":[1,0,0,1,0,0],"masksToBounds":false,"rotation":0,"scale":1,"position":{"pointX":-83.33197021484375,"pointY":7.301361083984375},"width":203,"sublayerTransform":[1,0,0,0,0,1,0,0,0,0,1,-0.0004922987690640373,0,0,0,1],"contentsRect":{"y":0,"x":0,"width":1,"height":1},"opacity":1,"edgeAntialiasingMask":251658240,"height":203,"hidden":false,"anchorPoint":{"pointX":-0.4105023163292796,"pointY":0.0359672959802186}},"layers":[{"animations":[{"timeOffset":0,"beginTime":0.5,"repeatCount":0,"animations":[{"timeOffset":0,"from":{"scalar":1},"beginTime":0,"repeatCount":0,"fillMode":"both","duration":0.3,"autoreverses":false,"timingFunction":"EaseInEaseOut","property":"opacity","to":{"scalar":0}}],"fillMode":"both","autoreverses":false,"duration":0.3}],"layers":[],"initialState":{"affineTransform":[1,0,0,1,0,0],"masksToBounds":false,"rotation":0,"scale":1,"position":{"pointX":101.6680297851562,"pointY":101.3013610839844},"width":206,"sublayerTransform":[1,0,0,0,0,1,0,0,0,0,1,0,0,0,0,1],"contentsRect":{"y":0,"x":0,"width":1,"height":1},"opacity":1,"edgeAntialiasingMask":0,"height":206,"hidden":false,"anchorPoint":{"pointX":0.5,"pointY":0.5}},"texture":"095D50B52FF50EB78972DEA9BB9A8DBD"}]}]},"effects":[],"duration":0.3,"type":"buildOut","name":"apple:dissolve character","objectID":"716E4836-C933-455A-A9FB-377CDE446549"},{"beginTime":0.5,"baseLayer":{"animations":[],"initialState":{"affineTransform":[1,0,0,1,0,0],"masksToBounds":false,"rotation":0,"scale":1,"position":{"pointX":696.8319702148438,"pointY":478.1986389160156},"width":200.25,"sublayerTransform":[1,0,0,0,0,1,0,0,0,0,1,0,0,0,0,1],"contentsRect":{"y":0,"x":0,"width":1,"height":1},"opacity":1,"edgeAntialiasingMask":251658240,"height":200.25,"hidden":false,"anchorPoint":{"pointX":0.5,"pointY":0.5}},"objectID":"6C4D147A-04C0-4319-B345-0B4B608C38BE","layers":[{"animations":[],"initialState":{"affineTransform":[1,0,0,1,0,0],"masksToBounds":false,"rotation":0,"scale":1,"position":{"pointX":-84.70697021484375,"pointY":5.926361083984375},"width":200.25,"sublayerTransform":[1,0,0,0,0,1,0,0,0,0,1,-0.0004922987690640373,0,0,0,1],"contentsRect":{"y":0,"x":0,"width":1,"height":1},"opacity":1,"edgeAntialiasingMask":251658240,"height":200.25,"hidden":false,"anchorPoint":{"pointX":-0.423006093457397,"pointY":0.02959481190504058}},"layers":[{"animations":[{"timeOffset":0,"beginTime":0.5,"repeatCount":0,"animations":[{"timeOffset":0,"from":{"scalar":1},"beginTime":0,"repeatCount":0,"fillMode":"both","duration":0.3,"autoreverses":false,"timingFunction":"EaseInEaseOut","property":"opacity","to":{"scalar":0}}],"fillMode":"both","autoreverses":false,"duration":0.3}],"layers":[],"initialState":{"affineTransform":[1,0,0,1,0,0],"masksToBounds":false,"rotation":0,"scale":1,"position":{"pointX":100.2930297851562,"pointY":100.4263610839844},"width":258,"sublayerTransform":[1,0,0,0,0,1,0,0,0,0,1,0,0,0,0,1],"contentsRect":{"y":0,"x":0,"width":1,"height":1},"opacity":1,"edgeAntialiasingMask":0,"height":251,"hidden":false,"anchorPoint":{"pointX":0.5,"pointY":0.5}},"texture":"A0BF1BAEA424CA33074D19632605F05A"}]}]},"effects":[],"duration":0.3,"type":"buildOut","name":"apple:dissolve character","objectID":"6C4D147A-04C0-4319-B345-0B4B608C38BE"},{"beginTime":0.5,"baseLayer":{"animations":[],"initialState":{"affineTransform":[1,0,0,1,0,0],"masksToBounds":false,"rotation":0,"scale":1,"position":{"pointX":693.1876433885766,"pointY":479.2228567033629},"width":245.3063721859576,"sublayerTransform":[1,0,0,0,0,1,0,0,0,0,1,0,0,0,0,1],"contentsRect":{"y":0,"x":0,"width":1,"height":1},"opacity":1,"edgeAntialiasingMask":251658240,"height":200.2546039760866,"hidden":false,"anchorPoint":{"pointX":0.5,"pointY":0.5}},"objectID":"F0302EDB-A389-41E6-8047-1C68E2419F37","layers":[{"animations":[],"initialState":{"affineTransform":[1,0,0,1,0,0],"masksToBounds":false,"rotation":0,"scale":1,"position":{"pointX":-58.5344572955978,"pointY":4.904445284680378},"width":245.3063721859576,"sublayerTransform":[1,0,0,0,0,1,0,0,0,0,1,-0.0004922987690640373,0,0,0,1],"contentsRect":{"y":0,"x":0,"width":1,"height":1},"opacity":1,"edgeAntialiasingMask":251658240,"height":200.2546039760866,"hidden":false,"anchorPoint":{"pointX":-0.2386177610226327,"pointY":0.02449104883134693}},"layers":[{"animations":[{"timeOffset":0,"beginTime":0.5,"repeatCount":0,"animations":[{"timeOffset":0,"from":{"scalar":0},"beginTime":0,"repeatCount":0,"fillMode":"both","duration":0.8,"autoreverses":false,"timingFunction":"EaseInEaseOut","property":"opacity","to":{"scalar":1}},{"timeOffset":0,"from":{"scalar":false},"beginTime":0,"repeatCount":0,"fillMode":"forwards","property":"hidden","autoreverses":false,"duration":0.8,"to":{"scalar":false}}],"fillMode":"both","autoreverses":false,"duration":0.8}],"layers":[],"initialState":{"affineTransform":[1,0,0,1,0,0],"masksToBounds":false,"rotation":0,"scale":1,"position":{"pointX":122.4655427044022,"pointY":100.4044452846804},"width":248,"sublayerTransform":[1,0,0,0,0,1,0,0,0,0,1,0,0,0,0,1],"contentsRect":{"y":0,"x":0,"width":1,"height":1},"opacity":1,"edgeAntialiasingMask":0,"height":203,"hidden":true,"anchorPoint":{"pointX":0.5,"pointY":0.5}},"texture":"02BBDE2D5CD2D5460DAC0BBD6F247309"}]}]},"effects":[],"duration":0.8,"type":"buildIn","name":"apple:dissolve character","objectID":"F0302EDB-A389-41E6-8047-1C68E2419F37"}],"duration":0.4,"type":"buildIn","name":"apple:dissolve character","objectID":"6C4D147A-04C0-4319-B345-0B4B608C38BE"}],"duration":0.4,"type":"buildIn","name":"apple:dissolve character","objectID":"716E4836-C933-455A-A9FB-377CDE446549"}],"duration":0.4,"type":"buildIn","name":"apple:dissolve character","objectID":"7760A149-2FA7-43E8-8A3C-BFEA84D384E5"}],"duration":0.8,"type":"buildIn","name":"apple:dissolve character","objectID":"1FF6E528-2DBA-449E-A770-921D89F9ADC1"}],"automaticPlay":true,"hyperlinks":[],"accessibility":[{"text":"INScore","targetRectangle":{"y":38,"x":73.57918548583984,"width":193.662,"height":72}},{"text":"An environment for the design of interactive augmented music scores","targetRectangle":{"y":107.1785278320312,"x":74.31984863281264,"width":853.0499999999997,"height":38}},{"text":"Message strings","targetRectangle":{"y":157.3436279296875,"x":77.40677642822266,"width":256.87,"height":46}},{"text":"Augmented Interactive Scores for Music Creation","targetRectangle":{"y":719.0918582081795,"x":292.8700008392334,"width":438.26,"height":27}},{"text":"pasted-image.tif","targetRectangle":{"y":-319.1939392089844,"x":-285.0513916015625,"width":236,"height":101}},{"text":"￼","targetRectangle":{"y":721.5918579101562,"x":30.26875245571136,"width":20.016,"height":25}},{"text":"Graphic space control","targetRectangle":{"y":282.2177414894104,"x":98.30000305175781,"width":352.008,"height":49}},{"text":"droppedImage.pdf","targetRectangle":{"y":186,"x":273,"width":455,"height":82}},{"text":"Pen control: ","targetRectangle":{"y":363.7177406549454,"x":133.3000020980835,"width":135.12,"height":33}},{"text":"width, color, style","targetRectangle":{"y":396.7177406549454,"x":133.3000020980835,"width":186.168,"height":33}},{"text":"Effects: ","targetRectangle":{"y":462.7177406549454,"x":133.3000020980835,"width":84.45599999999999,"height":33}},{"text":"blur, shadow, colorize","targetRectangle":{"y":495.7177406549454,"x":133.3000020980835,"width":230.232,"height":33}},{"text":"Transform: ","targetRectangle":{"y":561.7177406549454,"x":133.3000020980835,"width":119.088,"height":33}},{"text":"shear","targetRectangle":{"y":594.7177406549454,"x":133.3000020980835,"width":57.33600000000001,"height":33}}],"baseLayer":{"animations":[],"initialState":{"affineTransform":[1,0,0,1,0,0],"masksToBounds":false,"rotation":0,"scale":1,"position":{"pointX":512,"pointY":384},"width":1024,"sublayerTransform":[1,0,0,0,0,1,0,0,0,0,1,0,0,0,0,1],"contentsRect":{"y":0,"x":0,"width":1,"height":1},"opacity":1,"edgeAntialiasingMask":251658240,"height":768,"hidden":false,"anchorPoint":{"pointX":0.5,"pointY":0.5}},"layers":[{"animations":[],"initialState":{"affineTransform":[1,0,0,1,0,0],"masksToBounds":false,"rotation":0,"scale":1,"position":{"pointX":512,"pointY":384},"width":1024,"sublayerTransform":[1,0,0,0,0,1,0,0,0,0,1,0,0,0,0,1],"contentsRect":{"y":0,"x":0,"width":1,"height":1},"opacity":1,"edgeAntialiasingMask":251658240,"height":768,"hidden":false,"anchorPoint":{"pointX":0.5,"pointY":0.5}},"layers":[{"animations":[],"initialState":{"affineTransform":[1,0,0,1,0,0],"masksToBounds":false,"rotation":0,"scale":1,"position":{"pointX":512,"pointY":384},"width":1024,"sublayerTransform":[1,0,0,0,0,1,0,0,0,0,1,0,0,0,0,1],"contentsRect":{"y":0,"x":0,"width":1,"height":1},"opacity":1,"edgeAntialiasingMask":251658240,"height":768,"hidden":false,"anchorPoint":{"pointX":0.5,"pointY":0.5}},"layers":[{"animations":[],"layers":[],"initialState":{"affineTransform":[1,0,0,1,0,0],"masksToBounds":false,"rotation":0,"scale":1,"position":{"pointX":512,"pointY":384},"width":1024,"sublayerTransform":[1,0,0,0,0,1,0,0,0,0,1,0,0,0,0,1],"contentsRect":{"y":0,"x":0,"width":1,"height":1},"opacity":1,"edgeAntialiasingMask":0,"height":768,"hidden":false,"anchorPoint":{"pointX":0.5,"pointY":0.5}},"texture":"DB8451458D98EFA7506DBEBC2B1323F0"}]}]},{"animations":[],"initialState":{"affineTransform":[1,0,0,1,0,0],"masksToBounds":false,"rotation":0,"scale":1,"position":{"pointX":512,"pointY":384},"width":1024,"sublayerTransform":[1,0,0,0,0,1,0,0,0,0,1,0,0,0,0,1],"contentsRect":{"y":0,"x":0,"width":1,"height":1},"opacity":1,"edgeAntialiasingMask":251658240,"height":768,"hidden":false,"anchorPoint":{"pointX":0.5,"pointY":0.5}},"layers":[{"animations":[],"initialState":{"affineTransform":[1,0,0,1,0,0],"masksToBounds":false,"rotation":0,"scale":1,"position":{"pointX":512,"pointY":732.5918579101562},"width":447.2599983215332,"sublayerTransform":[1,0,0,0,0,1,0,0,0,0,1,0,0,0,0,1],"contentsRect":{"y":0,"x":0,"width":1,"height":1},"opacity":1,"edgeAntialiasingMask":251658240,"height":34.99999940395355,"hidden":false,"anchorPoint":{"pointX":0.5,"pointY":0.5}},"objectID":"C5196B1B-D8A0-443F-B177-42E614A73116","layers":[{"animations":[],"layers":[],"initialState":{"affineTransform":[1,0,0,1,0,0],"masksToBounds":false,"rotation":0,"scale":1,"position":{"pointX":223.1299991607666,"pointY":18.90814179182053},"width":441,"sublayerTransform":[1,0,0,0,0,1,0,0,0,0,1,0,0,0,0,1],"contentsRect":{"y":0,"x":0,"width":1,"height":1},"opacity":1,"edgeAntialiasingMask":0,"height":24,"hidden":false,"anchorPoint":{"pointX":0.5,"pointY":0.5}},"texture":"2662067C29F4C5F477F9E33733BDCC16"}]}]},{"animations":[],"initialState":{"affineTransform":[1,0,0,1,0,0],"masksToBounds":false,"rotation":0,"scale":1,"position":{"pointX":512,"pointY":384},"width":1024,"sublayerTransform":[1,0,0,0,0,1,0,0,0,0,1,0,0,0,0,1],"contentsRect":{"y":0,"x":0,"width":1,"height":1},"opacity":1,"edgeAntialiasingMask":251658240,"height":768,"hidden":false,"anchorPoint":{"pointX":0.5,"pointY":0.5}},"layers":[{"animations":[],"initialState":{"affineTransform":[1,0,0,1,0,0],"masksToBounds":false,"rotation":0,"scale":1,"position":{"pointX":511.9999976158142,"pointY":69.49999928474426},"width":884.8416242599487,"sublayerTransform":[1,0,0,0,0,1,0,0,0,0,1,0,0,0,0,1],"contentsRect":{"y":0,"x":0,"width":1,"height":1},"opacity":1,"edgeAntialiasingMask":251658240,"height":88.99999856948853,"hidden":false,"anchorPoint":{"pointX":0.5,"pointY":0.5}},"objectID":"A78286E7-7754-4AA9-905B-8B3FBC225B1A","layers":[{"animations":[],"layers":[],"initialState":{"affineTransform":[1,0,0,1,0,0],"masksToBounds":false,"rotation":0,"scale":1,"position":{"pointX":101.9208145141602,"pointY":47},"width":191,"sublayerTransform":[1,0,0,0,0,1,0,0,0,0,1,0,0,0,0,1],"contentsRect":{"y":0,"x":0,"width":1,"height":1},"opacity":1,"edgeAntialiasingMask":0,"height":42,"hidden":false,"anchorPoint":{"pointX":0.5,"pointY":0.5}},"texture":"A195FFC70B722049AFF55E5FCD5FB274"}]}]},{"animations":[],"initialState":{"affineTransform":[1,0,0,1,0,0],"masksToBounds":false,"rotation":0,"scale":1,"position":{"pointX":512,"pointY":384},"width":1024,"sublayerTransform":[1,0,0,0,0,1,0,0,0,0,1,0,0,0,0,1],"contentsRect":{"y":0,"x":0,"width":1,"height":1},"opacity":1,"edgeAntialiasingMask":251658240,"height":768,"hidden":false,"anchorPoint":{"pointX":0.5,"pointY":0.5}},"layers":[{"animations":[],"initialState":{"affineTransform":[1,0,0,1,0,0],"masksToBounds":false,"rotation":0,"scale":1,"position":{"pointX":40.27675247192383,"pointY":734.0918585658073},"width":29.01600003242493,"sublayerTransform":[1,0,0,0,0,1,0,0,0,0,1,0,0,0,0,1],"contentsRect":{"y":0,"x":0,"width":1,"height":1},"opacity":1,"edgeAntialiasingMask":251658240,"height":33.00000131130219,"hidden":false,"anchorPoint":{"pointX":0.5,"pointY":0.5}},"objectID":"575EDBDC-B896-4BCF-A68C-C2493E867890","layers":[{"animations":[],"layers":[],"initialState":{"affineTransform":[1,0,0,1,0,0],"masksToBounds":false,"rotation":0,"scale":1,"position":{"pointX":13.73124754428864,"pointY":15.90814208984375},"width":23,"sublayerTransform":[1,0,0,0,0,1,0,0,0,0,1,0,0,0,0,1],"contentsRect":{"y":0,"x":0,"width":1,"height":1},"opacity":1,"edgeAntialiasingMask":0,"height":17,"hidden":false,"anchorPoint":{"pointX":0.5,"pointY":0.5}},"texture":"EB044D9E77699F3B36297ED0C782E791"}]}]},{"animations":[],"initialState":{"affineTransform":[1,0,0,1,0,0],"masksToBounds":false,"rotation":0,"scale":1,"position":{"pointX":512,"pointY":384},"width":1024,"sublayerTransform":[1,0,0,0,0,1,0,0,0,0,1,0,0,0,0,1],"contentsRect":{"y":0,"x":0,"width":1,"height":1},"opacity":1,"edgeAntialiasingMask":251658240,"height":768,"hidden":false,"anchorPoint":{"pointX":0.5,"pointY":0.5}},"layers":[{"animations":[],"initialState":{"affineTransform":[1,0,0,1,0,0],"masksToBounds":false,"rotation":0,"scale":1,"position":{"pointX":500.844831943512,"pointY":126.2444611787796},"width":862.9231233596802,"sublayerTransform":[1,0,0,0,0,1,0,0,0,0,1,0,0,0,0,1],"contentsRect":{"y":0,"x":0,"width":1,"height":1},"opacity":1,"edgeAntialiasingMask":251658240,"height":46.1318666934967,"hidden":false,"anchorPoint":{"pointX":0.5,"pointY":0.5}},"objectID":"F5306264-765A-446B-9CDE-19701D678EB1","layers":[{"animations":[],"layers":[],"initialState":{"affineTransform":[1,0,0,1,0,0],"masksToBounds":false,"rotation":0,"scale":1,"position":{"pointX":431.1167297363281,"pointY":24.82147216796875},"width":857,"sublayerTransform":[1,0,0,0,0,1,0,0,0,0,1,0,0,0,0,1],"contentsRect":{"y":0,"x":0,"width":1,"height":1},"opacity":1,"edgeAntialiasingMask":0,"height":32,"hidden":false,"anchorPoint":{"pointX":0.5,"pointY":0.5}},"texture":"2F5273E48820B549F9C0D4E271FD3C8D"}]}]},{"animations":[],"initialState":{"affineTransform":[1,0,0,1,0,0],"masksToBounds":false,"rotation":0,"scale":1,"position":{"pointX":512,"pointY":384},"width":1024,"sublayerTransform":[1,0,0,0,0,1,0,0,0,0,1,0,0,0,0,1],"contentsRect":{"y":0,"x":0,"width":1,"height":1},"opacity":1,"edgeAntialiasingMask":251658240,"height":768,"hidden":false,"anchorPoint":{"pointX":0.5,"pointY":0.5}},"layers":[{"animations":[],"initialState":{"affineTransform":[1,0,0,1,0,0],"masksToBounds":false,"rotation":0,"scale":1,"position":{"pointX":-167.0513916015625,"pointY":-268.6939392089844},"width":236,"sublayerTransform":[1,0,0,0,0,1,0,0,0,0,1,0,0,0,0,1],"contentsRect":{"y":0,"x":0,"width":1,"height":1},"opacity":1,"edgeAntialiasingMask":251658240,"height":101,"hidden":false,"anchorPoint":{"pointX":0.5,"pointY":0.5}},"objectID":"C519C47E-F7F4-4CC3-A185-A469EA32CF52","layers":[{"animations":[],"layers":[],"initialState":{"affineTransform":[1,0,0,1,0,0],"masksToBounds":false,"rotation":0,"scale":1,"position":{"pointX":117.5513916015625,"pointY":50.19393920898438},"width":239,"sublayerTransform":[1,0,0,0,0,1,0,0,0,0,1,0,0,0,0,1],"contentsRect":{"y":0,"x":0,"width":1,"height":1},"opacity":1,"edgeAntialiasingMask":0,"height":104,"hidden":false,"anchorPoint":{"pointX":0.5,"pointY":0.5}},"texture":"593E206575F248496DFDFB43E256EC77"}]}]},{"animations":[],"initialState":{"affineTransform":[1,0,0,1,0,0],"masksToBounds":false,"rotation":0,"scale":1,"position":{"pointX":512,"pointY":384},"width":1024,"sublayerTransform":[1,0,0,0,0,1,0,0,0,0,1,0,0,0,0,1],"contentsRect":{"y":0,"x":0,"width":1,"height":1},"opacity":1,"edgeAntialiasingMask":251658240,"height":768,"hidden":false,"anchorPoint":{"pointX":0.5,"pointY":0.5}},"layers":[{"animations":[],"initialState":{"affineTransform":[1,0,0,1,0,0],"masksToBounds":false,"rotation":0,"scale":1,"position":{"pointX":216.6684951782227,"pointY":180.3436279296875},"width":286.5234375,"sublayerTransform":[1,0,0,0,0,1,0,0,0,0,1,0,0,0,0,1],"contentsRect":{"y":0,"x":0,"width":1,"height":1},"opacity":1,"edgeAntialiasingMask":251658240,"height":56,"hidden":false,"anchorPoint":{"pointX":0.5,"pointY":0.5}},"objectID":"084D4741-394D-4A17-B10C-941F7D5C0814","layers":[{"animations":[],"layers":[],"initialState":{"affineTransform":[1,0,0,1,0,0],"masksToBounds":false,"rotation":0,"scale":1,"position":{"pointX":133.5932235717773,"pointY":30.6563720703125},"width":258,"sublayerTransform":[1,0,0,0,0,1,0,0,0,0,1,0,0,0,0,1],"contentsRect":{"y":0,"x":0,"width":1,"height":1},"opacity":1,"edgeAntialiasingMask":0,"height":36,"hidden":false,"anchorPoint":{"pointX":0.5,"pointY":0.5}},"texture":"FC7C62E542A09432144B644763938FBD"}]}]},{"animations":[],"initialState":{"affineTransform":[1,0,0,1,0,0],"masksToBounds":false,"rotation":0,"scale":1,"position":{"pointX":512,"pointY":384},"width":1024,"sublayerTransform":[1,0,0,0,0,1,0,0,0,0,1,0,0,0,0,1],"contentsRect":{"y":0,"x":0,"width":1,"height":1},"opacity":1,"edgeAntialiasingMask":251658240,"height":768,"hidden":false,"anchorPoint":{"pointX":0.5,"pointY":0.5}},"layers":[{"animations":[],"initialState":{"affineTransform":[1,0,0,1,0,0],"masksToBounds":false,"rotation":0,"scale":1,"position":{"pointX":500.5,"pointY":227},"width":455,"sublayerTransform":[1,0,0,0,0,1,0,0,0,0,1,0,0,0,0,1],"contentsRect":{"y":0,"x":0,"width":1,"height":1},"opacity":1,"edgeAntialiasingMask":251658240,"height":82,"hidden":false,"anchorPoint":{"pointX":0.5,"pointY":0.5}},"objectID":"DB60CB89-CA94-408D-920F-82C51C65C2BF","layers":[{"animations":[],"layers":[],"initialState":{"affineTransform":[1,0,0,1,0,0],"masksToBounds":false,"rotation":0,"scale":1,"position":{"pointX":227.5,"pointY":41},"width":457,"sublayerTransform":[1,0,0,0,0,1,0,0,0,0,1,0,0,0,0,1],"contentsRect":{"y":0,"x":0,"width":1,"height":1},"opacity":1,"edgeAntialiasingMask":0,"height":84,"hidden":false,"anchorPoint":{"pointX":0.5,"pointY":0.5}},"texture":"91AC10A56F0D527314A14F51AB8D01A7"}]}]},{"animations":[],"initialState":{"affineTransform":[1,0,0,1,0,0],"masksToBounds":false,"rotation":0,"scale":1,"position":{"pointX":512,"pointY":384},"width":1024,"sublayerTransform":[1,0,0,0,0,1,0,0,0,0,1,0,0,0,0,1],"contentsRect":{"y":0,"x":0,"width":1,"height":1},"opacity":1,"edgeAntialiasingMask":251658240,"height":768,"hidden":false,"anchorPoint":{"pointX":0.5,"pointY":0.5}},"layers":[{"animations":[],"initialState":{"affineTransform":[1,0,0,1,0,0],"masksToBounds":false,"rotation":0,"scale":1,"position":{"pointX":371.3000030517578,"pointY":495.7177429199219},"width":552,"sublayerTransform":[1,0,0,0,0,1,0,0,0,0,1,0,0,0,0,1],"contentsRect":{"y":0,"x":0,"width":1,"height":1},"opacity":1,"edgeAntialiasingMask":251658240,"height":272.000004529953,"hidden":false,"anchorPoint":{"pointX":0.5,"pointY":0.5}},"objectID":"BA2B7820-9889-4524-A4EE-03974E7EB760","layers":[{"animations":[],"layers":[],"initialState":{"affineTransform":[1,0,0,1,0,0],"masksToBounds":false,"rotation":0,"scale":1,"position":{"pointX":137.1999969482422,"pointY":130.2822593450546},"width":267,"sublayerTransform":[1,0,0,0,0,1,0,0,0,0,1,0,0,0,0,1],"contentsRect":{"y":0,"x":0,"width":1,"height":1},"opacity":1,"edgeAntialiasingMask":0,"height":262,"hidden":false,"anchorPoint":{"pointX":0.5,"pointY":0.5}},"texture":"08D004AAACDB2F03877E0088CDFF52C2"}]}]},{"animations":[],"initialState":{"affineTransform":[1,0,0,1,0,0],"masksToBounds":false,"rotation":0,"scale":1,"position":{"pointX":512,"pointY":384},"width":1024,"sublayerTransform":[1,0,0,0,0,1,0,0,0,0,1,0,0,0,0,1],"contentsRect":{"y":0,"x":0,"width":1,"height":1},"opacity":1,"edgeAntialiasingMask":251658240,"height":768,"hidden":false,"anchorPoint":{"pointX":0.5,"pointY":0.5}},"layers":[{"animations":[],"initialState":{"affineTransform":[1,0,0,1,0,0],"masksToBounds":false,"rotation":0,"scale":1,"position":{"pointX":274.8039929618826,"pointY":306.7177429199219},"width":361.0079798202496,"sublayerTransform":[1,0,0,0,0,1,0,0,0,0,1,0,0,0,0,1],"contentsRect":{"y":0,"x":0,"width":1,"height":1},"opacity":1,"edgeAntialiasingMask":251658240,"height":57.00000286102295,"hidden":false,"anchorPoint":{"pointX":0.5,"pointY":0.5}},"objectID":"9DDE9D4D-2CF4-45B2-8794-A7C37A8FA5D3","layers":[{"animations":[],"layers":[],"initialState":{"affineTransform":[1,0,0,1,0,0],"masksToBounds":false,"rotation":0,"scale":1,"position":{"pointX":179.1999969482422,"pointY":31.7822585105896},"width":351,"sublayerTransform":[1,0,0,0,0,1,0,0,0,0,1,0,0,0,0,1],"contentsRect":{"y":0,"x":0,"width":1,"height":1},"opacity":1,"edgeAntialiasingMask":0,"height":42,"hidden":false,"anchorPoint":{"pointX":0.5,"pointY":0.5}},"texture":"833C8A71878879976DBC3CB56DC9138F"}]}]},{"animations":[],"initialState":{"affineTransform":[1,0,0,1,0,0],"masksToBounds":false,"rotation":0,"scale":1,"position":{"pointX":512,"pointY":384},"width":1024,"sublayerTransform":[1,0,0,0,0,1,0,0,0,0,1,0,0,0,0,1],"contentsRect":{"y":0,"x":0,"width":1,"height":1},"opacity":1,"edgeAntialiasingMask":251658240,"height":768,"hidden":false,"anchorPoint":{"pointX":0.5,"pointY":0.5}},"layers":[{"animations":[],"initialState":{"affineTransform":[1,0,0,1,0,0],"masksToBounds":false,"rotation":0,"scale":1,"position":{"pointX":696.8319702148438,"pointY":478.1986389160156},"width":200.25,"sublayerTransform":[1,0,0,0,0,1,0,0,0,0,1,0,0,0,0,1],"contentsRect":{"y":0,"x":0,"width":1,"height":1},"opacity":1,"edgeAntialiasingMask":251658240,"height":200.25,"hidden":false,"anchorPoint":{"pointX":0.5,"pointY":0.5}},"objectID":"47A181D7-2891-4791-ADB6-84AE42617B58","layers":[{"animations":[],"layers":[],"initialState":{"affineTransform":[1,0,0,1,0,0],"masksToBounds":false,"rotation":0,"scale":1,"position":{"pointX":99.79302978515625,"pointY":100.4263610839844},"width":203,"sublayerTransform":[1,0,0,0,0,1,0,0,0,0,1,0,0,0,0,1],"contentsRect":{"y":0,"x":0,"width":1,"height":1},"opacity":1,"edgeAntialiasingMask":0,"height":203,"hidden":false,"anchorPoint":{"pointX":0.5,"pointY":0.5}},"texture":"5B6712001EE5679B5A6D047646219AF6"}]}]},{"animations":[],"initialState":{"affineTransform":[1,0,0,1,0,0],"masksToBounds":false,"rotation":0,"scale":1,"position":{"pointX":512,"pointY":384},"width":1024,"sublayerTransform":[1,0,0,0,0,1,0,0,0,0,1,0,0,0,0,1],"contentsRect":{"y":0,"x":0,"width":1,"height":1},"opacity":1,"edgeAntialiasingMask":251658240,"height":768,"hidden":false,"anchorPoint":{"pointX":0.5,"pointY":0.5}},"layers":[{"animations":[],"initialState":{"affineTransform":[1,0,0,1,0,0],"masksToBounds":false,"rotation":0,"scale":1,"position":{"pointX":696.8319702148438,"pointY":478.1986389160156},"width":203,"sublayerTransform":[1,0,0,0,0,1,0,0,0,0,1,0,0,0,0,1],"contentsRect":{"y":0,"x":0,"width":1,"height":1},"opacity":1,"edgeAntialiasingMask":251658240,"height":203,"hidden":false,"anchorPoint":{"pointX":0.5,"pointY":0.5}},"objectID":"1FF6E528-2DBA-449E-A770-921D89F9ADC1","layers":[{"animations":[],"layers":[],"initialState":{"affineTransform":[1,0,0,1,0,0],"masksToBounds":false,"rotation":0,"scale":1,"position":{"pointX":101.6680297851562,"pointY":101.3013610839844},"width":206,"sublayerTransform":[1,0,0,0,0,1,0,0,0,0,1,0,0,0,0,1],"contentsRect":{"y":0,"x":0,"width":1,"height":1},"opacity":1,"edgeAntialiasingMask":0,"height":206,"hidden":true,"anchorPoint":{"pointX":0.5,"pointY":0.5}},"texture":"299BA160A824AED86279E683A4DEBAD9"}]}]},{"animations":[],"initialState":{"affineTransform":[1,0,0,1,0,0],"masksToBounds":false,"rotation":0,"scale":1,"position":{"pointX":512,"pointY":384},"width":1024,"sublayerTransform":[1,0,0,0,0,1,0,0,0,0,1,0,0,0,0,1],"contentsRect":{"y":0,"x":0,"width":1,"height":1},"opacity":1,"edgeAntialiasingMask":251658240,"height":768,"hidden":false,"anchorPoint":{"pointX":0.5,"pointY":0.5}},"layers":[{"animations":[],"initialState":{"affineTransform":[1,0,0,1,0,0],"masksToBounds":false,"rotation":0,"scale":1,"position":{"pointX":696.8319702148438,"pointY":478.1986389160156},"width":203,"sublayerTransform":[1,0,0,0,0,1,0,0,0,0,1,0,0,0,0,1],"contentsRect":{"y":0,"x":0,"width":1,"height":1},"opacity":1,"edgeAntialiasingMask":251658240,"height":203,"hidden":false,"anchorPoint":{"pointX":0.5,"pointY":0.5}},"objectID":"7760A149-2FA7-43E8-8A3C-BFEA84D384E5","layers":[{"animations":[],"layers":[],"initialState":{"affineTransform":[1,0,0,1,0,0],"masksToBounds":false,"rotation":0,"scale":1,"position":{"pointX":101.6680297851562,"pointY":101.3013610839844},"width":206,"sublayerTransform":[1,0,0,0,0,1,0,0,0,0,1,0,0,0,0,1],"contentsRect":{"y":0,"x":0,"width":1,"height":1},"opacity":1,"edgeAntialiasingMask":0,"height":206,"hidden":true,"anchorPoint":{"pointX":0.5,"pointY":0.5}},"texture":"B34868D85D9BAFFBEC83359B5D151698"}]}]},{"animations":[],"initialState":{"affineTransform":[1,0,0,1,0,0],"masksToBounds":false,"rotation":0,"scale":1,"position":{"pointX":512,"pointY":384},"width":1024,"sublayerTransform":[1,0,0,0,0,1,0,0,0,0,1,0,0,0,0,1],"contentsRect":{"y":0,"x":0,"width":1,"height":1},"opacity":1,"edgeAntialiasingMask":251658240,"height":768,"hidden":false,"anchorPoint":{"pointX":0.5,"pointY":0.5}},"layers":[{"animations":[],"initialState":{"affineTransform":[1,0,0,1,0,0],"masksToBounds":false,"rotation":0,"scale":1,"position":{"pointX":696.8319702148438,"pointY":478.1986389160156},"width":203,"sublayerTransform":[1,0,0,0,0,1,0,0,0,0,1,0,0,0,0,1],"contentsRect":{"y":0,"x":0,"width":1,"height":1},"opacity":1,"edgeAntialiasingMask":251658240,"height":203,"hidden":false,"anchorPoint":{"pointX":0.5,"pointY":0.5}},"objectID":"716E4836-C933-455A-A9FB-377CDE446549","layers":[{"animations":[],"layers":[],"initialState":{"affineTransform":[1,0,0,1,0,0],"masksToBounds":false,"rotation":0,"scale":1,"position":{"pointX":101.6680297851562,"pointY":101.3013610839844},"width":206,"sublayerTransform":[1,0,0,0,0,1,0,0,0,0,1,0,0,0,0,1],"contentsRect":{"y":0,"x":0,"width":1,"height":1},"opacity":1,"edgeAntialiasingMask":0,"height":206,"hidden":true,"anchorPoint":{"pointX":0.5,"pointY":0.5}},"texture":"095D50B52FF50EB78972DEA9BB9A8DBD"}]}]},{"animations":[],"initialState":{"affineTransform":[1,0,0,1,0,0],"masksToBounds":false,"rotation":0,"scale":1,"position":{"pointX":512,"pointY":384},"width":1024,"sublayerTransform":[1,0,0,0,0,1,0,0,0,0,1,0,0,0,0,1],"contentsRect":{"y":0,"x":0,"width":1,"height":1},"opacity":1,"edgeAntialiasingMask":251658240,"height":768,"hidden":false,"anchorPoint":{"pointX":0.5,"pointY":0.5}},"layers":[{"animations":[],"initialState":{"affineTransform":[1,0,0,1,0,0],"masksToBounds":false,"rotation":0,"scale":1,"position":{"pointX":696.8319702148438,"pointY":478.1986389160156},"width":200.25,"sublayerTransform":[1,0,0,0,0,1,0,0,0,0,1,0,0,0,0,1],"contentsRect":{"y":0,"x":0,"width":1,"height":1},"opacity":1,"edgeAntialiasingMask":251658240,"height":200.25,"hidden":false,"anchorPoint":{"pointX":0.5,"pointY":0.5}},"objectID":"6C4D147A-04C0-4319-B345-0B4B608C38BE","layers":[{"animations":[],"layers":[],"initialState":{"affineTransform":[1,0,0,1,0,0],"masksToBounds":false,"rotation":0,"scale":1,"position":{"pointX":100.2930297851562,"pointY":100.4263610839844},"width":258,"sublayerTransform":[1,0,0,0,0,1,0,0,0,0,1,0,0,0,0,1],"contentsRect":{"y":0,"x":0,"width":1,"height":1},"opacity":1,"edgeAntialiasingMask":0,"height":251,"hidden":true,"anchorPoint":{"pointX":0.5,"pointY":0.5}},"texture":"A0BF1BAEA424CA33074D19632605F05A"}]}]},{"animations":[],"initialState":{"affineTransform":[1,0,0,1,0,0],"masksToBounds":false,"rotation":0,"scale":1,"position":{"pointX":512,"pointY":384},"width":1024,"sublayerTransform":[1,0,0,0,0,1,0,0,0,0,1,0,0,0,0,1],"contentsRect":{"y":0,"x":0,"width":1,"height":1},"opacity":1,"edgeAntialiasingMask":251658240,"height":768,"hidden":false,"anchorPoint":{"pointX":0.5,"pointY":0.5}},"layers":[{"animations":[],"initialState":{"affineTransform":[1,0,0,1,0,0],"masksToBounds":false,"rotation":0,"scale":1,"position":{"pointX":693.1876433885766,"pointY":479.2228567033629},"width":245.3063721859576,"sublayerTransform":[1,0,0,0,0,1,0,0,0,0,1,0,0,0,0,1],"contentsRect":{"y":0,"x":0,"width":1,"height":1},"opacity":1,"edgeAntialiasingMask":251658240,"height":200.2546039760866,"hidden":false,"anchorPoint":{"pointX":0.5,"pointY":0.5}},"objectID":"F0302EDB-A389-41E6-8047-1C68E2419F37","layers":[{"animations":[],"layers":[],"initialState":{"affineTransform":[1,0,0,1,0,0],"masksToBounds":false,"rotation":0,"scale":1,"position":{"pointX":122.4655427044022,"pointY":100.4044452846804},"width":248,"sublayerTransform":[1,0,0,0,0,1,0,0,0,0,1,0,0,0,0,1],"contentsRect":{"y":0,"x":0,"width":1,"height":1},"opacity":1,"edgeAntialiasingMask":0,"height":203,"hidden":true,"anchorPoint":{"pointX":0.5,"pointY":0.5}},"texture":"02BBDE2D5CD2D5460DAC0BBD6F247309"}]}]}]}},{"effects":[{"beginTime":0,"baseLayer":{"animations":[],"initialState":{"affineTransform":[1,0,0,1,0,0],"masksToBounds":false,"rotation":0,"scale":1,"position":{"pointX":512,"pointY":384},"width":1024,"sublayerTransform":[1,0,0,0,0,1,0,0,0,0,1,0,0,0,0,1],"contentsRect":{"y":0,"x":0,"width":1,"height":1},"opacity":1,"edgeAntialiasingMask":251658240,"height":768,"hidden":false,"anchorPoint":{"pointX":0.5,"pointY":0.5}},"objectID":"0","layers":[{"animations":[],"initialState":{"affineTransform":[1,0,0,1,0,0],"masksToBounds":false,"rotation":0,"scale":1,"position":{"pointX":512,"pointY":384},"width":1024,"sublayerTransform":[1,0,0,0,0,1,0,0,0,0,1,-0.0004922987690640373,0,0,0,1],"contentsRect":{"y":0,"x":0,"width":1,"height":1},"opacity":1,"edgeAntialiasingMask":251658240,"height":768,"hidden":false,"anchorPoint":{"pointX":0.5,"pointY":0.5}},"layers":[{"animations":[],"layers":[],"initialState":{"affineTransform":[1,0,0,1,0,0],"masksToBounds":false,"rotation":0,"scale":1,"position":{"pointX":512,"pointY":384},"width":1024,"sublayerTransform":[1,0,0,0,0,1,0,0,0,0,1,0,0,0,0,1],"contentsRect":{"y":0,"x":0,"width":1,"height":1},"opacity":1,"edgeAntialiasingMask":0,"height":768,"hidden":false,"anchorPoint":{"pointX":0.5,"pointY":0.5}},"texture":"2BB17D55B5B49460B86006EF17E0F4D4"},{"animations":[{"timeOffset":0,"from":{"scalar":1},"beginTime":0,"repeatCount":0,"fillMode":"both","duration":0.949999988079071,"autoreverses":false,"timingFunction":"EaseInEaseOut","property":"opacity","to":{"scalar":0}}],"layers":[],"initialState":{"affineTransform":[1,0,0,1,0,0],"masksToBounds":false,"rotation":0,"scale":1,"position":{"pointX":512,"pointY":384},"width":1024,"sublayerTransform":[1,0,0,0,0,1,0,0,0,0,1,0,0,0,0,1],"contentsRect":{"y":0,"x":0,"width":1,"height":1},"opacity":1,"edgeAntialiasingMask":0,"height":768,"hidden":false,"anchorPoint":{"pointX":0.5,"pointY":0.5}},"texture":"5BE34C63C275A5D27CD5ED9AC583A92C"}]}]},"effects":[],"duration":0.949999988079071,"type":"transition","attributes":{"direction":12},"name":"apple:pageflip","objectID":"0"}],"automaticPlay":false,"hyperlinks":[],"accessibility":[{"text":"INScore","targetRectangle":{"y":38,"x":73.57918548583984,"width":193.662,"height":72}},{"text":"An environment for the design of interactive augmented music scores","targetRectangle":{"y":107.1785278320312,"x":74.31984863281264,"width":853.0499999999997,"height":38}},{"text":"Message strings","targetRectangle":{"y":157.3436279296875,"x":77.40677642822266,"width":256.87,"height":46}},{"text":"Augmented Interactive Scores for Music Creation","targetRectangle":{"y":719.0918582081795,"x":292.8700008392334,"width":438.26,"height":27}},{"text":"pasted-image.tif","targetRectangle":{"y":-319.1939392089844,"x":-285.0513916015625,"width":236,"height":101}},{"text":"￼","targetRectangle":{"y":721.5918579101562,"x":30.26875245571136,"width":20.016,"height":25}},{"text":"Graphic space control","targetRectangle":{"y":282.2177414894104,"x":98.30000305175781,"width":352.008,"height":49}},{"text":"droppedImage.pdf","targetRectangle":{"y":186,"x":273,"width":455,"height":82}},{"text":"Pen control: ","targetRectangle":{"y":363.7177406549454,"x":133.3000020980835,"width":135.12,"height":33}},{"text":"width, color, style","targetRectangle":{"y":396.7177406549454,"x":133.3000020980835,"width":186.168,"height":33}},{"text":"Effects: ","targetRectangle":{"y":462.7177406549454,"x":133.3000020980835,"width":84.45599999999999,"height":33}},{"text":"blur, shadow, colorize","targetRectangle":{"y":495.7177406549454,"x":133.3000020980835,"width":230.232,"height":33}},{"text":"Transform: ","targetRectangle":{"y":561.7177406549454,"x":133.3000020980835,"width":119.088,"height":33}},{"text":"shear","targetRectangle":{"y":594.7177406549454,"x":133.3000020980835,"width":57.33600000000001,"height":33}}],"baseLayer":{"animations":[],"initialState":{"affineTransform":[1,0,0,1,0,0],"masksToBounds":false,"rotation":0,"scale":1,"position":{"pointX":512,"pointY":384},"width":1024,"sublayerTransform":[1,0,0,0,0,1,0,0,0,0,1,0,0,0,0,1],"contentsRect":{"y":0,"x":0,"width":1,"height":1},"opacity":1,"edgeAntialiasingMask":251658240,"height":768,"hidden":false,"anchorPoint":{"pointX":0.5,"pointY":0.5}},"objectID":"0","layers":[{"animations":[],"initialState":{"affineTransform":[1,0,0,1,0,0],"masksToBounds":false,"rotation":0,"scale":1,"position":{"pointX":512,"pointY":384},"width":1024,"sublayerTransform":[1,0,0,0,0,1,0,0,0,0,1,-0.0004922987690640373,0,0,0,1],"contentsRect":{"y":0,"x":0,"width":1,"height":1},"opacity":1,"edgeAntialiasingMask":251658240,"height":768,"hidden":false,"anchorPoint":{"pointX":0.5,"pointY":0.5}},"layers":[{"animations":[],"layers":[],"initialState":{"affineTransform":[1,0,0,1,0,0],"masksToBounds":false,"rotation":0,"scale":1,"position":{"pointX":512,"pointY":384},"width":1024,"sublayerTransform":[1,0,0,0,0,1,0,0,0,0,1,0,0,0,0,1],"contentsRect":{"y":0,"x":0,"width":1,"height":1},"opacity":1,"edgeAntialiasingMask":0,"height":768,"hidden":false,"anchorPoint":{"pointX":0.5,"pointY":0.5}},"texture":"5BE34C63C275A5D27CD5ED9AC583A92C"}]}]}}]}