{"assets":{"43F64567CD7C825EEA2AB157B47C4F95":{"type":"texture","index":2268,"assetRequest":{"type":"slide","state":"incoming","slide":"3717710D-550E-4138-8B98-AFEAC598CFF6"},"url":{"web":"assets/43F64567CD7C825EEA2AB157B47C4F95.png"},"width":1024,"height":768},"C974333DF70DE719AD7EAC5B9080A9D7":{"type":"texture","index":2267,"assetRequest":{"type":"slide","state":"outgoing","slide":"9DC88411-499E-4402-A33E-4A8A2C065076"},"url":{"web":"assets/C974333DF70DE719AD7EAC5B9080A9D7.svg"},"width":1024,"height":768}},"events":[{"effects":[{"beginTime":0,"baseLayer":{"animations":[],"initialState":{"affineTransform":[1,0,0,1,0,0],"masksToBounds":false,"rotation":0,"scale":1,"position":{"pointX":512,"pointY":384},"width":1024,"sublayerTransform":[1,0,0,0,0,1,0,0,0,0,1,0,0,0,0,1],"contentsRect":{"y":0,"x":0,"width":1,"height":1},"opacity":1,"edgeAntialiasingMask":251658240,"height":768,"hidden":false,"anchorPoint":{"pointX":0.5,"pointY":0.5}},"objectID":"0","layers":[{"animations":[],"initialState":{"affineTransform":[1,0,0,1,0,0],"masksToBounds":false,"rotation":0,"scale":1,"position":{"pointX":512,"pointY":384},"width":1024,"sublayerTransform":[1,0,0,0,0,1,0,0,0,0,1,-0.0004922987690640373,0,0,0,1],"contentsRect":{"y":0,"x":0,"width":1,"height":1},"opacity":1,"edgeAntialiasingMask":251658240,"height":768,"hidden":false,"anchorPoint":{"pointX":0.5,"pointY":0.5}},"layers":[{"animations":[],"layers":[],"initialState":{"affineTransform":[1,0,0,1,0,0],"masksToBounds":false,"rotation":0,"scale":1,"position":{"pointX":512,"pointY":384},"width":1024,"sublayerTransform":[1,0,0,0,0,1,0,0,0,0,1,0,0,0,0,1],"contentsRect":{"y":0,"x":0,"width":1,"height":1},"opacity":1,"edgeAntialiasingMask":0,"height":768,"hidden":false,"anchorPoint":{"pointX":0.5,"pointY":0.5}},"texture":"43F64567CD7C825EEA2AB157B47C4F95"},{"animations":[{"timeOffset":0,"from":{"scalar":1},"beginTime":0,"repeatCount":0,"fillMode":"both","duration":0.949999988079071,"autoreverses":false,"timingFunction":"EaseInEaseOut","property":"opacity","to":{"scalar":0}}],"layers":[],"initialState":{"affineTransform":[1,0,0,1,0,0],"masksToBounds":false,"rotation":0,"scale":1,"position":{"pointX":512,"pointY":384},"width":1024,"sublayerTransform":[1,0,0,0,0,1,0,0,0,0,1,0,0,0,0,1],"contentsRect":{"y":0,"x":0,"width":1,"height":1},"opacity":1,"edgeAntialiasingMask":0,"height":768,"hidden":false,"anchorPoint":{"pointX":0.5,"pointY":0.5}},"texture":"C974333DF70DE719AD7EAC5B9080A9D7"}]}]},"effects":[],"duration":0.949999988079071,"type":"transition","name":"apple:dissolve","objectID":"0"}],"automaticPlay":false,"hyperlinks":[],"accessibility":[{"text":"An environment for the design of interactive augmented music scores","targetRectangle":{"y":107.1785278320312,"x":74.31984863281264,"width":853.0499999999997,"height":38}},{"text":"/ITL/scene/* del;","targetRectangle":{"y":189.863128900528,"x":84.21566009521484,"width":153.02490234375,"height":18}},{"text":"/ITL/scene/signal/* del;","targetRectangle":{"y":207.863128900528,"x":84.21566009521484,"width":216.03515625,"height":18}},{"text":"/ITL/scene/title set txt \"This is my first graphic signal!\";","targetRectangle":{"y":243.863128900528,"x":84.21566009521484,"width":540.087890625,"height":18}},{"text":"/ITL/scene/title scale 2.5;","targetRectangle":{"y":261.863128900528,"x":84.21566009521484,"width":243.03955078125,"height":18}},{"text":"/ITL/scene/title y -0.6;","targetRectangle":{"y":279.863128900528,"x":84.21566009521484,"width":216.03515625,"height":18}},{"text":"/ITL/scene/title fontFamily Zapfino;","targetRectangle":{"y":297.863128900528,"x":84.21566009521484,"width":324.052734375,"height":18}},{"text":"/ITL/scene/frame set rect 1.7 0.6;","targetRectangle":{"y":333.863128900528,"x":84.21566009521484,"width":306.0498046875,"height":18}},{"text":"/ITL/scene/frame color 230 230 230;","targetRectangle":{"y":351.863128900528,"x":84.21566009521484,"width":315.05126953125,"height":18}},{"text":"INScore","targetRectangle":{"y":38,"x":73.57918548583984,"width":193.662,"height":72}},{"text":"Performance representation (sample4.inscore)","targetRectangle":{"y":142.1910858154297,"x":77.40677642822266,"width":688.8460000000001,"height":46}},{"text":"pasted-image.tif","targetRectangle":{"y":-319.1939392089844,"x":-285.0513916015625,"width":236,"height":101}},{"text":"# create a signal with static values","targetRectangle":{"y":382.9855947494507,"x":92.81484985351562,"width":518.484375,"height":29}},{"text":"/ITL/scene/signal/s1 0. 0.1 0.2 0.3 0.4 0.5 0.6 0.7 0.8 0.9 1. 0.9 0.8 0.7 0.6 0.5 0.4 0.3 0.2 0.1 …;","targetRectangle":{"y":411.9855947494507,"x":92.81484985351562,"width":806.53125,"height":58}},{"text":"# put the signal in parallel with constant signals","targetRectangle":{"y":469.9855947494507,"x":92.81484985351562,"width":720.1171875,"height":29}},{"text":"/ITL/scene/signal/gs set s1 0.1 0. 1. 1. 1.;","targetRectangle":{"y":498.9855947494507,"x":92.81484985351562,"width":633.703125,"height":29}},{"text":"# and create the graphic signal;","targetRectangle":{"y":556.9855947494507,"x":92.81484985351562,"width":460.875,"height":29}},{"text":"/ITL/scene/graphic set graph gs;","targetRectangle":{"y":585.9855947494507,"x":92.81484985351562,"width":460.875,"height":29}},{"text":"# adjust the graphic signal height","targetRectangle":{"y":614.9855947494507,"x":92.81484985351562,"width":489.6796875,"height":29}},{"text":"/ITL/scene/graphic height 0.5;","targetRectangle":{"y":643.9855947494507,"x":92.81484985351562,"width":432.0703125,"height":29}}],"baseLayer":{"animations":[],"initialState":{"affineTransform":[1,0,0,1,0,0],"masksToBounds":false,"rotation":0,"scale":1,"position":{"pointX":512,"pointY":384},"width":1024,"sublayerTransform":[1,0,0,0,0,1,0,0,0,0,1,0,0,0,0,1],"contentsRect":{"y":0,"x":0,"width":1,"height":1},"opacity":1,"edgeAntialiasingMask":251658240,"height":768,"hidden":false,"anchorPoint":{"pointX":0.5,"pointY":0.5}},"objectID":"0","layers":[{"animations":[],"initialState":{"affineTransform":[1,0,0,1,0,0],"masksToBounds":false,"rotation":0,"scale":1,"position":{"pointX":512,"pointY":384},"width":1024,"sublayerTransform":[1,0,0,0,0,1,0,0,0,0,1,-0.0004922987690640373,0,0,0,1],"contentsRect":{"y":0,"x":0,"width":1,"height":1},"opacity":1,"edgeAntialiasingMask":251658240,"height":768,"hidden":false,"anchorPoint":{"pointX":0.5,"pointY":0.5}},"layers":[{"animations":[],"layers":[],"initialState":{"affineTransform":[1,0,0,1,0,0],"masksToBounds":false,"rotation":0,"scale":1,"position":{"pointX":512,"pointY":384},"width":1024,"sublayerTransform":[1,0,0,0,0,1,0,0,0,0,1,0,0,0,0,1],"contentsRect":{"y":0,"x":0,"width":1,"height":1},"opacity":1,"edgeAntialiasingMask":0,"height":768,"hidden":false,"anchorPoint":{"pointX":0.5,"pointY":0.5}},"texture":"C974333DF70DE719AD7EAC5B9080A9D7"}]}]}}]}