{"assets":{"6EE0FF41115D55037B1BD38F0CD51B40":{"type":"texture","index":367,"assetRequest":{"type":"slide","state":"incoming","slide":"CAEC101A-A25B-4BC9-B795-BA1C0A57C4FE"},"url":{"web":"assets/6EE0FF41115D55037B1BD38F0CD51B40.svg"},"width":1024,"height":768},"BF908EC7951671EA674B897B1D0A01E7":{"type":"texture","index":366,"assetRequest":{"type":"slide","state":"outgoing","slide":"59A56072-026B-4F5B-B74D-22465243AB59"},"url":{"web":"assets/BF908EC7951671EA674B897B1D0A01E7.svg"},"width":1024,"height":768}},"events":[{"effects":[{"beginTime":0,"baseLayer":{"animations":[],"initialState":{"affineTransform":[1,0,0,1,0,0],"masksToBounds":false,"rotation":0,"scale":1,"position":{"pointX":512,"pointY":384},"width":1024,"sublayerTransform":[1,0,0,0,0,1,0,0,0,0,1,0,0,0,0,1],"contentsRect":{"y":0,"x":0,"width":1,"height":1},"opacity":1,"edgeAntialiasingMask":251658240,"height":768,"hidden":false,"anchorPoint":{"pointX":0.5,"pointY":0.5}},"objectID":"0","layers":[{"animations":[],"initialState":{"affineTransform":[1,0,0,1,0,0],"masksToBounds":false,"rotation":0,"scale":1,"position":{"pointX":512,"pointY":384},"width":1024,"sublayerTransform":[1,0,0,0,0,1,0,0,0,0,1,-0.0004922987690640373,0,0,0,1],"contentsRect":{"y":0,"x":0,"width":1,"height":1},"opacity":1,"edgeAntialiasingMask":251658240,"height":768,"hidden":false,"anchorPoint":{"pointX":0.5,"pointY":0.5}},"layers":[{"animations":[],"layers":[],"initialState":{"affineTransform":[1,0,0,1,0,0],"masksToBounds":false,"rotation":0,"scale":1,"position":{"pointX":512,"pointY":384},"width":1024,"sublayerTransform":[1,0,0,0,0,1,0,0,0,0,1,0,0,0,0,1],"contentsRect":{"y":0,"x":0,"width":1,"height":1},"opacity":1,"edgeAntialiasingMask":0,"height":768,"hidden":false,"anchorPoint":{"pointX":0.5,"pointY":0.5}},"texture":"6EE0FF41115D55037B1BD38F0CD51B40"},{"animations":[{"timeOffset":0,"from":{"scalar":1},"beginTime":0,"repeatCount":0,"fillMode":"both","duration":1,"autoreverses":false,"timingFunction":"EaseInEaseOut","property":"opacity","to":{"scalar":0}}],"layers":[],"initialState":{"affineTransform":[1,0,0,1,0,0],"masksToBounds":false,"rotation":0,"scale":1,"position":{"pointX":512,"pointY":384},"width":1024,"sublayerTransform":[1,0,0,0,0,1,0,0,0,0,1,0,0,0,0,1],"contentsRect":{"y":0,"x":0,"width":1,"height":1},"opacity":1,"edgeAntialiasingMask":0,"height":768,"hidden":false,"anchorPoint":{"pointX":0.5,"pointY":0.5}},"texture":"BF908EC7951671EA674B897B1D0A01E7"}]}]},"effects":[],"duration":1,"type":"transition","name":"apple:dissolve","objectID":"0"}],"automaticPlay":false,"hyperlinks":[],"accessibility":[{"text":"Purpose","targetRectangle":{"y":716.3895871639252,"x":175.3561239242554,"width":89.390625,"height":29}},{"text":"Smartphones","targetRectangle":{"y":532.9917602539062,"x":651.8729248046875,"width":107.0595703125,"height":22}},{"text":"Mixed music","targetRectangle":{"y":282.6539611816406,"x":658.0328369140625,"width":100.01953125,"height":22}},{"text":"Web","targetRectangle":{"y":531.8110961914062,"x":866.5691528320312,"width":36.6943359375,"height":22}},{"text":"Symbolic","targetRectangle":{"y":203.7967834472656,"x":263.3037414550781,"width":73.01953125,"height":22}},{"text":"Notation","targetRectangle":{"y":407.0791320800781,"x":463.3515625,"width":97.3125,"height":29}},{"text":"Graphic","targetRectangle":{"y":292.3245544433594,"x":268.3003234863281,"width":63.0263671875,"height":22}},{"text":"Dynamic Notation","targetRectangle":{"y":528.7373657226562,"x":272.0664096453008,"width":75.0146484375,"height":44}},{"text":"Interaction","targetRectangle":{"y":195.0278472900391,"x":753.1345825195312,"width":84.0498046875,"height":22}},{"text":"Programming","targetRectangle":{"y":441.9964599609375,"x":262.05859375,"width":90.029296875,"height":18}},{"text":"Visual Programming","targetRectangle":{"y":459.9964599609375,"x":239.679443359375,"width":134.78759765625,"height":18}},{"text":"Auditory","targetRectangle":{"y":202.9254608154297,"x":93.8835334777832,"width":66.0322265625,"height":22}},{"text":"Deployment","targetRectangle":{"y":709.6207883358002,"x":731.1282949447632,"width":128.0625,"height":29}},{"text":"Form","targetRectangle":{"y":109.9691998958588,"x":185.3604879379272,"width":55.9921875,"height":29}},{"text":"Tablets","targetRectangle":{"y":627.4380493164062,"x":856.4002075195312,"width":57.0322265625,"height":22}},{"text":"Google glass","targetRectangle":{"y":628.6187744140625,"x":652.8704833984375,"width":105.064453125,"height":22}},{"text":"Space","targetRectangle":{"y":374.2800903320312,"x":682.5235595703125,"width":51.0380859375,"height":22}},{"text":"Target","targetRectangle":{"y":114.8750760555267,"x":761.8079217672348,"width":66.703125,"height":29}},{"text":"Annotation / Analysis","targetRectangle":{"y":527.9411010742188,"x":83.48286396048636,"width":100.08984375,"height":44}},{"text":"Gesture","targetRectangle":{"y":375.2984924316406,"x":852.9021606445312,"width":64.0283203125,"height":22}},{"text":"Engraving","targetRectangle":{"y":447.7002258300781,"x":90.99311447143555,"width":81.052734375,"height":22}},{"text":"Representation","targetRectangle":{"y":637.7590942382812,"x":152.3165283203125,"width":122.080078125,"height":22}},{"text":"Textual","targetRectangle":{"y":291.4532165527344,"x":98.3835334777832,"width":57.0322265625,"height":22}},{"text":"New instruments","targetRectangle":{"y":283.6723937988281,"x":817.8953247070312,"width":134.0419921875,"height":22}}],"baseLayer":{"animations":[],"initialState":{"affineTransform":[1,0,0,1,0,0],"masksToBounds":false,"rotation":0,"scale":1,"position":{"pointX":512,"pointY":384},"width":1024,"sublayerTransform":[1,0,0,0,0,1,0,0,0,0,1,0,0,0,0,1],"contentsRect":{"y":0,"x":0,"width":1,"height":1},"opacity":1,"edgeAntialiasingMask":251658240,"height":768,"hidden":false,"anchorPoint":{"pointX":0.5,"pointY":0.5}},"objectID":"0","layers":[{"animations":[],"initialState":{"affineTransform":[1,0,0,1,0,0],"masksToBounds":false,"rotation":0,"scale":1,"position":{"pointX":512,"pointY":384},"width":1024,"sublayerTransform":[1,0,0,0,0,1,0,0,0,0,1,-0.0004922987690640373,0,0,0,1],"contentsRect":{"y":0,"x":0,"width":1,"height":1},"opacity":1,"edgeAntialiasingMask":251658240,"height":768,"hidden":false,"anchorPoint":{"pointX":0.5,"pointY":0.5}},"layers":[{"animations":[],"layers":[],"initialState":{"affineTransform":[1,0,0,1,0,0],"masksToBounds":false,"rotation":0,"scale":1,"position":{"pointX":512,"pointY":384},"width":1024,"sublayerTransform":[1,0,0,0,0,1,0,0,0,0,1,0,0,0,0,1],"contentsRect":{"y":0,"x":0,"width":1,"height":1},"opacity":1,"edgeAntialiasingMask":0,"height":768,"hidden":false,"anchorPoint":{"pointX":0.5,"pointY":0.5}},"texture":"BF908EC7951671EA674B897B1D0A01E7"}]}]}}]}