{"assets":{"3F96ED5600C52F69307CC02BDAA34021":{"type":"texture","index":436,"assetRequest":{"type":"slide","state":"outgoing","slide":"943EBA47-B752-410F-8CBA-E350A641A84A"},"url":{"web":"assets/3F96ED5600C52F69307CC02BDAA34021.svg"},"width":1024,"height":768},"DB8451458D98EFA7506DBEBC2B1323F0":{"type":"texture","index":437,"assetRequest":{"type":"slide","state":"incoming","slide":"none"},"url":{"web":"assets/DB8451458D98EFA7506DBEBC2B1323F0.svg"},"width":1024,"height":768}},"events":[{"effects":[{"beginTime":0,"baseLayer":{"animations":[],"initialState":{"affineTransform":[1,0,0,1,0,0],"masksToBounds":false,"rotation":0,"scale":1,"position":{"pointX":512,"pointY":384},"width":1024,"sublayerTransform":[1,0,0,0,0,1,0,0,0,0,1,0,0,0,0,1],"contentsRect":{"y":0,"x":0,"width":1,"height":1},"opacity":1,"edgeAntialiasingMask":251658240,"height":768,"hidden":false,"anchorPoint":{"pointX":0.5,"pointY":0.5}},"objectID":"0","layers":[{"animations":[],"initialState":{"affineTransform":[1,0,0,1,0,0],"masksToBounds":false,"rotation":0,"scale":1,"position":{"pointX":512,"pointY":384},"width":1024,"sublayerTransform":[1,0,0,0,0,1,0,0,0,0,1,-0.0004922987690640373,0,0,0,1],"contentsRect":{"y":0,"x":0,"width":1,"height":1},"opacity":1,"edgeAntialiasingMask":251658240,"height":768,"hidden":false,"anchorPoint":{"pointX":0.5,"pointY":0.5}},"layers":[{"animations":[],"layers":[],"initialState":{"affineTransform":[1,0,0,1,0,0],"masksToBounds":false,"rotation":0,"scale":1,"position":{"pointX":512,"pointY":384},"width":1024,"sublayerTransform":[1,0,0,0,0,1,0,0,0,0,1,0,0,0,0,1],"contentsRect":{"y":0,"x":0,"width":1,"height":1},"opacity":1,"edgeAntialiasingMask":0,"height":768,"hidden":false,"anchorPoint":{"pointX":0.5,"pointY":0.5}},"texture":"DB8451458D98EFA7506DBEBC2B1323F0"},{"animations":[{"timeOffset":0,"from":{"scalar":false},"beginTime":0,"repeatCount":0,"fillMode":"both","property":"hidden","autoreverses":false,"duration":0.01,"to":{"scalar":true}}],"layers":[],"initialState":{"affineTransform":[1,0,0,1,0,0],"masksToBounds":false,"rotation":0,"scale":1,"position":{"pointX":512,"pointY":384},"width":1024,"sublayerTransform":[1,0,0,0,0,1,0,0,0,0,1,0,0,0,0,1],"contentsRect":{"y":0,"x":0,"width":1,"height":1},"opacity":1,"edgeAntialiasingMask":0,"height":768,"hidden":false,"anchorPoint":{"pointX":0.5,"pointY":0.5}},"texture":"3F96ED5600C52F69307CC02BDAA34021"}]}]},"effects":[],"duration":0.01,"type":"transition","name":"none","objectID":"0"}],"automaticPlay":false,"hyperlinks":[{"url":"https://sourceforge.net/projects/inscore/files/","targetRectangle":{"y":323.4999997615814,"x":220.3840208053589,"width":485.2320194244385,"height":37.00000047683716}},{"url":"https://sourceforge.net/projects/guidolib/files/","targetRectangle":{"y":562.4999997615814,"x":224.1840391159058,"width":493.6319828033447,"height":37.00000047683716}}],"accessibility":[{"text":"https://sourceforge.net/projects/inscore/files/","targetRectangle":{"y":327.4999997615814,"x":224.8840208053589,"width":476.232,"height":29}},{"text":"Approches développées à Grame","targetRectangle":{"y":65.71901321411133,"x":103.5819923706054,"width":816.8360000000002,"height":72}},{"text":"logo.png","targetRectangle":{"y":438.3059387207031,"x":108.0652770996094,"width":100,"height":100}},{"text":"INScore : un environnement pour la conception de partitions augmentées interactives.","targetRectangle":{"y":225.0000004768372,"x":222.5097951889038,"width":638.6240000000001,"height":68}},{"text":"INScoreViewer.png","targetRectangle":{"y":213.875,"x":108.0652770996094,"width":100,"height":90.25}},{"text":"Guido Engine : composants logiciels pour la notation symbolique.","targetRectangle":{"y":462.0000004768372,"x":222.5097951889038,"width":669.144,"height":68}},{"text":"https://sourceforge.net/projects/guidolib/files/","targetRectangle":{"y":566.4999997615814,"x":228.6840391159058,"width":484.6319999999998,"height":29}}],"baseLayer":{"animations":[],"initialState":{"affineTransform":[1,0,0,1,0,0],"masksToBounds":false,"rotation":0,"scale":1,"position":{"pointX":512,"pointY":384},"width":1024,"sublayerTransform":[1,0,0,0,0,1,0,0,0,0,1,0,0,0,0,1],"contentsRect":{"y":0,"x":0,"width":1,"height":1},"opacity":1,"edgeAntialiasingMask":251658240,"height":768,"hidden":false,"anchorPoint":{"pointX":0.5,"pointY":0.5}},"objectID":"0","layers":[{"animations":[],"initialState":{"affineTransform":[1,0,0,1,0,0],"masksToBounds":false,"rotation":0,"scale":1,"position":{"pointX":512,"pointY":384},"width":1024,"sublayerTransform":[1,0,0,0,0,1,0,0,0,0,1,-0.0004922987690640373,0,0,0,1],"contentsRect":{"y":0,"x":0,"width":1,"height":1},"opacity":1,"edgeAntialiasingMask":251658240,"height":768,"hidden":false,"anchorPoint":{"pointX":0.5,"pointY":0.5}},"layers":[{"animations":[],"layers":[],"initialState":{"affineTransform":[1,0,0,1,0,0],"masksToBounds":false,"rotation":0,"scale":1,"position":{"pointX":512,"pointY":384},"width":1024,"sublayerTransform":[1,0,0,0,0,1,0,0,0,0,1,0,0,0,0,1],"contentsRect":{"y":0,"x":0,"width":1,"height":1},"opacity":1,"edgeAntialiasingMask":0,"height":768,"hidden":false,"anchorPoint":{"pointX":0.5,"pointY":0.5}},"texture":"3F96ED5600C52F69307CC02BDAA34021"}]}]}}]}