{"assets":{"F53C4388984E0C1EAA321465A8C6E0F3":{"type":"texture","index":812,"assetRequest":{"type":"slide","state":"outgoing","slide":"FD986B65-ECD9-4420-BD33-A60DEF8F54C9"},"url":{"web":"assets/F53C4388984E0C1EAA321465A8C6E0F3.svg"},"width":1024,"height":768},"5384FC4CE609F637C095601EB3DDD7BB":{"type":"texture","index":813,"assetRequest":{"type":"slide","state":"incoming","slide":"4AB2F601-4A4D-4C35-BCEE-C1DE42347BC9"},"url":{"web":"assets/5384FC4CE609F637C095601EB3DDD7BB.svg"},"width":1024,"height":768}},"events":[{"effects":[{"beginTime":0,"baseLayer":{"animations":[],"initialState":{"affineTransform":[1,0,0,1,0,0],"masksToBounds":false,"rotation":0,"scale":1,"position":{"pointX":512,"pointY":384},"width":1024,"sublayerTransform":[1,0,0,0,0,1,0,0,0,0,1,0,0,0,0,1],"contentsRect":{"y":0,"x":0,"width":1,"height":1},"opacity":1,"edgeAntialiasingMask":251658240,"height":768,"hidden":false,"anchorPoint":{"pointX":0.5,"pointY":0.5}},"objectID":"0","layers":[{"animations":[],"initialState":{"affineTransform":[1,0,0,1,0,0],"masksToBounds":false,"rotation":0,"scale":1,"position":{"pointX":512,"pointY":384},"width":1024,"sublayerTransform":[1,0,0,0,0,1,0,0,0,0,1,-0.0004922987690640373,0,0,0,1],"contentsRect":{"y":0,"x":0,"width":1,"height":1},"opacity":1,"edgeAntialiasingMask":251658240,"height":768,"hidden":false,"anchorPoint":{"pointX":0.5,"pointY":0.5}},"layers":[{"animations":[],"layers":[],"initialState":{"affineTransform":[1,0,0,1,0,0],"masksToBounds":false,"rotation":0,"scale":1,"position":{"pointX":512,"pointY":384},"width":1024,"sublayerTransform":[1,0,0,0,0,1,0,0,0,0,1,0,0,0,0,1],"contentsRect":{"y":0,"x":0,"width":1,"height":1},"opacity":1,"edgeAntialiasingMask":0,"height":768,"hidden":false,"anchorPoint":{"pointX":0.5,"pointY":0.5}},"texture":"5384FC4CE609F637C095601EB3DDD7BB"},{"animations":[{"timeOffset":0,"from":{"scalar":1},"beginTime":0,"repeatCount":0,"fillMode":"both","duration":1,"autoreverses":false,"timingFunction":"EaseInEaseOut","property":"opacity","to":{"scalar":0}}],"layers":[],"initialState":{"affineTransform":[1,0,0,1,0,0],"masksToBounds":false,"rotation":0,"scale":1,"position":{"pointX":512,"pointY":384},"width":1024,"sublayerTransform":[1,0,0,0,0,1,0,0,0,0,1,0,0,0,0,1],"contentsRect":{"y":0,"x":0,"width":1,"height":1},"opacity":1,"edgeAntialiasingMask":0,"height":768,"hidden":false,"anchorPoint":{"pointX":0.5,"pointY":0.5}},"texture":"F53C4388984E0C1EAA321465A8C6E0F3"}]}]},"effects":[],"duration":1,"type":"transition","name":"apple:dissolve","objectID":"0"}],"automaticPlay":false,"hyperlinks":[],"accessibility":[{"text":"An environment for the design of interactive augmented music scores","targetRectangle":{"y":107.1785278320312,"x":74.31984863281264,"width":853.0499999999997,"height":38}},{"text":"/ITL/scene/* del;","targetRectangle":{"y":258.0811189413071,"x":114.2772445678711,"width":244.83984375,"height":29}},{"text":"/ITL/scene/title set txt \"This is my first score !\";","targetRectangle":{"y":316.0811189413071,"x":114.2772445678711,"width":748.921875,"height":29}},{"text":"/ITL/scene/title scale 3;","targetRectangle":{"y":345.0811189413071,"x":114.2772445678711,"width":360.05859375,"height":29}},{"text":"/ITL/scene/title y -0.6;","targetRectangle":{"y":374.0811189413071,"x":114.2772445678711,"width":345.65625,"height":29}},{"text":"/ITL/scene/title fontFamily Zapfino;","targetRectangle":{"y":403.0811189413071,"x":114.2772445678711,"width":518.484375,"height":29}},{"text":"/ITL/scene/frame set rect 1.5 0.5;","targetRectangle":{"y":461.0811189413071,"x":114.2772445678711,"width":489.6796875,"height":29}},{"text":"/ITL/scene/frame color 230 230 230;","targetRectangle":{"y":490.0811189413071,"x":114.2772445678711,"width":504.08203125,"height":29}},{"text":"/ITL/scene/score set gmn ","targetRectangle":{"y":548.0811189413071,"x":114.2772445678711,"width":360.05859375,"height":29}},{"text":"\t\t\t\t'[ \\meter<\"4/4\"> \\key<-1> a f g c c g a f ]';","targetRectangle":{"y":577.0811189413071,"x":114.2772445678711,"width":792.10546875,"height":29}},{"text":"/ITL/scene/score scale 0.6;","targetRectangle":{"y":606.0811189413071,"x":114.2772445678711,"width":388.86328125,"height":29}},{"text":"pasted-image.tif","targetRectangle":{"y":-319.1939392089844,"x":-285.0513916015625,"width":236,"height":101}},{"text":"￼","targetRectangle":{"y":721.5918579101562,"x":30.26875245571136,"width":20.016,"height":25}},{"text":"INScore","targetRectangle":{"y":38,"x":73.57918548583984,"width":193.662,"height":72}},{"text":"A synchronisation sample (sample2.inscore)","targetRectangle":{"y":157.3436279296875,"x":77.40677642822266,"width":644.782,"height":46}}],"baseLayer":{"animations":[],"initialState":{"affineTransform":[1,0,0,1,0,0],"masksToBounds":false,"rotation":0,"scale":1,"position":{"pointX":512,"pointY":384},"width":1024,"sublayerTransform":[1,0,0,0,0,1,0,0,0,0,1,0,0,0,0,1],"contentsRect":{"y":0,"x":0,"width":1,"height":1},"opacity":1,"edgeAntialiasingMask":251658240,"height":768,"hidden":false,"anchorPoint":{"pointX":0.5,"pointY":0.5}},"objectID":"0","layers":[{"animations":[],"initialState":{"affineTransform":[1,0,0,1,0,0],"masksToBounds":false,"rotation":0,"scale":1,"position":{"pointX":512,"pointY":384},"width":1024,"sublayerTransform":[1,0,0,0,0,1,0,0,0,0,1,-0.0004922987690640373,0,0,0,1],"contentsRect":{"y":0,"x":0,"width":1,"height":1},"opacity":1,"edgeAntialiasingMask":251658240,"height":768,"hidden":false,"anchorPoint":{"pointX":0.5,"pointY":0.5}},"layers":[{"animations":[],"layers":[],"initialState":{"affineTransform":[1,0,0,1,0,0],"masksToBounds":false,"rotation":0,"scale":1,"position":{"pointX":512,"pointY":384},"width":1024,"sublayerTransform":[1,0,0,0,0,1,0,0,0,0,1,0,0,0,0,1],"contentsRect":{"y":0,"x":0,"width":1,"height":1},"opacity":1,"edgeAntialiasingMask":0,"height":768,"hidden":false,"anchorPoint":{"pointX":0.5,"pointY":0.5}},"texture":"F53C4388984E0C1EAA321465A8C6E0F3"}]}]}}]}