{"assets":{"48F86ABD71CBC220B86F5A1AA413DF0E":{"type":"texture","index":657,"assetRequest":{"type":"slide","state":"contents","slide":"E8501F12-839A-44B3-B381-2FFCD7D4D8C7"},"url":{"web":"assets/48F86ABD71CBC220B86F5A1AA413DF0E.svg"},"width":23,"height":17},"643FA0869D8337B8C8589CA26D2348CB":{"type":"texture","index":661,"assetRequest":{"type":"slide","state":"outgoing","slide":"E8501F12-839A-44B3-B381-2FFCD7D4D8C7"},"url":{"web":"assets/643FA0869D8337B8C8589CA26D2348CB.svg"},"width":1024,"height":768},"FA95DEB5F0740250BC58E656C45B2C79":{"type":"texture","index":656,"assetRequest":{"type":"slide","state":"contents","slide":"E8501F12-839A-44B3-B381-2FFCD7D4D8C7"},"url":{"web":"assets/FA95DEB5F0740250BC58E656C45B2C79.svg"},"width":775,"height":51},"3DABCAF213962DB28CA9C428366D602D":{"type":"texture","index":662,"assetRequest":{"type":"slide","state":"incoming","slide":"808A5A4D-50B8-4BBD-A42C-71109FDD9271"},"url":{"web":"assets/3DABCAF213962DB28CA9C428366D602D.svg"},"width":1024,"height":768},"DB8451458D98EFA7506DBEBC2B1323F0":{"type":"texture","index":654,"assetRequest":{"type":"slide","state":"contents","slide":"E8501F12-839A-44B3-B381-2FFCD7D4D8C7"},"url":{"web":"assets/DB8451458D98EFA7506DBEBC2B1323F0.svg"},"width":1024,"height":768},"814F36F46153648B37EBDF386719B792":{"type":"texture","index":659,"assetRequest":{"type":"slide","state":"contents","slide":"E8501F12-839A-44B3-B381-2FFCD7D4D8C7"},"url":{"web":"assets/814F36F46153648B37EBDF386719B792.svg"},"width":716,"height":542},"DEB9769EDE936497E12533FDEF940264":{"type":"texture","index":655,"assetRequest":{"type":"slide","state":"contents","slide":"E8501F12-839A-44B3-B381-2FFCD7D4D8C7"},"url":{"web":"assets/DEB9769EDE936497E12533FDEF940264.svg"},"width":294,"height":24},"593E206575F248496DFDFB43E256EC77":{"type":"texture","index":658,"assetRequest":{"type":"slide","state":"contents","slide":"E8501F12-839A-44B3-B381-2FFCD7D4D8C7"},"url":{"web":"assets/593E206575F248496DFDFB43E256EC77.svg"},"width":239,"height":104},"E9F372949DCEE5DE8040D8E9F653D2D3":{"type":"texture","index":660,"assetRequest":{"type":"slide","state":"contents","slide":"E8501F12-839A-44B3-B381-2FFCD7D4D8C7"},"url":{"web":"assets/E9F372949DCEE5DE8040D8E9F653D2D3.svg"},"width":354,"height":31}},"events":[{"effects":[{"beginTime":0,"baseLayer":{"animations":[],"initialState":{"affineTransform":[1,0,0,1,0,0],"masksToBounds":false,"rotation":0,"scale":1,"position":{"pointX":764.6227036931584,"pointY":683.7185234130218},"width":363.1319999694824,"sublayerTransform":[1,0,0,0,0,1,0,0,0,0,1,0,0,0,0,1],"contentsRect":{"y":0,"x":0,"width":1,"height":1},"opacity":1,"edgeAntialiasingMask":251658240,"height":50.99999904632568,"hidden":false,"anchorPoint":{"pointX":0.5,"pointY":0.5}},"objectID":"2EF470A3-E235-40E6-9782-54BC465A6D4D","layers":[{"animations":[],"initialState":{"affineTransform":[1,0,0,1,0,0],"masksToBounds":false,"rotation":0,"scale":1,"position":{"pointX":-71.05670370841722,"pointY":-274.2185238898589},"width":363.1319999694824,"sublayerTransform":[1,0,0,0,0,1,0,0,0,0,1,-0.0004922987690640373,0,0,0,1],"contentsRect":{"y":0,"x":0,"width":1,"height":1},"opacity":1,"edgeAntialiasingMask":251658240,"height":50.99999904632568,"hidden":false,"anchorPoint":{"pointX":-0.1956773396847119,"pointY":-5.376833902306026}},"layers":[{"animations":[{"timeOffset":0,"beginTime":1e-100,"repeatCount":0,"animations":[{"timeOffset":0,"from":{"scalar":0},"beginTime":0,"repeatCount":0,"fillMode":"both","duration":1,"autoreverses":false,"timingFunction":"EaseInEaseOut","property":"opacity","to":{"scalar":1}},{"timeOffset":0,"from":{"scalar":false},"beginTime":0,"repeatCount":0,"fillMode":"forwards","property":"hidden","autoreverses":false,"duration":1,"to":{"scalar":false}}],"fillMode":"both","autoreverses":false,"duration":1}],"layers":[],"initialState":{"affineTransform":[1,0,0,1,0,0],"masksToBounds":false,"rotation":0,"scale":1,"position":{"pointX":182.9432962915828,"pointY":26.28147611014106},"width":354,"sublayerTransform":[1,0,0,0,0,1,0,0,0,0,1,0,0,0,0,1],"contentsRect":{"y":0,"x":0,"width":1,"height":1},"opacity":1,"edgeAntialiasingMask":0,"height":31,"hidden":true,"anchorPoint":{"pointX":0.5,"pointY":0.5}},"texture":"E9F372949DCEE5DE8040D8E9F653D2D3"}]}]},"effects":[],"duration":1,"type":"buildIn","name":"apple:dissolve character","objectID":"2EF470A3-E235-40E6-9782-54BC465A6D4D"}],"automaticPlay":true,"hyperlinks":[],"accessibility":[{"text":"GUIDO Music Notation Language","targetRectangle":{"y":42,"x":73.38327026367188,"width":775.85,"height":68}},{"text":"Guido Music Notation Language","targetRectangle":{"y":720.5918582081795,"x":366.2300028800964,"width":291.54,"height":27}},{"text":"{","targetRectangle":{"y":127.5797748565674,"x":148.6484375,"width":13.2021484375,"height":26}},{"text":"\t[ \t\\meter<\"2/4\">  \\barFormat<style=“system\">","targetRectangle":{"y":153.5797748565674,"x":148.6484375,"width":633.2880859375,"height":26}},{"text":"\t\t\\stemsUp \\beam(g2*1/32 e2*1/16 c2*3/32) ","targetRectangle":{"y":179.5797748565674,"x":148.6484375,"width":620.0859375,"height":26}},{"text":"\t\tc2*1/8 \\beam(a1*1/16 c2 f2)","targetRectangle":{"y":205.5797748565674,"x":148.6484375,"width":448.4580078125,"height":26}},{"text":"\t \t\\beam(g2*1/32 d2*1/16 h1*3/32) ","targetRectangle":{"y":231.5797748565674,"x":148.6484375,"width":501.2666015625,"height":26}},{"text":"\t\td2*1/8 \\beam(h1*1/16 d2 g2)","targetRectangle":{"y":257.5797748565674,"x":148.6484375,"width":448.4580078125,"height":26}},{"text":"\t],","targetRectangle":{"y":283.5797748565674,"x":148.6484375,"width":72.404296875,"height":26}},{"text":"\t[\t\\staff<1> \\stemsDown g1*1/8 e1*1/8 ","targetRectangle":{"y":335.5797748565674,"x":148.6484375,"width":554.0751953125,"height":26}},{"text":"\t\t\\beam(g1*1/16 d f a) a1*1/8 e1*1/8 ","targetRectangle":{"y":361.5797748565674,"x":148.6484375,"width":554.0751953125,"height":26}},{"text":"\t\t\\beam(a1*1/16 e g h)","targetRectangle":{"y":387.5797748565674,"x":148.6484375,"width":356.04296875,"height":26}},{"text":"\t],","targetRectangle":{"y":413.5797748565674,"x":148.6484375,"width":72.404296875,"height":26}},{"text":"\t[\t\\staff<2> \\meter<\"2/4\"> \\stemsUp a0*1/4 f0*1/4 ","targetRectangle":{"y":465.5797748565674,"x":148.6484375,"width":712.5009765625,"height":26}},{"text":"\t\th0*1/4 c1*1/4","targetRectangle":{"y":491.5797748565674,"x":148.6484375,"width":263.6279296875,"height":26}},{"text":"\t],","targetRectangle":{"y":517.5797748565674,"x":148.6484375,"width":72.404296875,"height":26}},{"text":"\t[\t\\staff<2> \\stemsDown f0*1/4 d0*1/4 ","targetRectangle":{"y":569.5797748565674,"x":148.6484375,"width":554.0751953125,"height":26}},{"text":"\t\tg0*1/4 a0*1/4","targetRectangle":{"y":595.5797748565674,"x":148.6484375,"width":263.6279296875,"height":26}},{"text":"\t]","targetRectangle":{"y":621.5797748565674,"x":148.6484375,"width":59.2021484375,"height":26}},{"text":"}","targetRectangle":{"y":647.5797748565674,"x":148.6484375,"width":13.2021484375,"height":26}},{"text":"￼","targetRectangle":{"y":721.5918579101562,"x":30.26875245571136,"width":20.016,"height":25}},{"text":"pasted-image.tif","targetRectangle":{"y":-319.1939392089844,"x":-285.0513916015625,"width":236,"height":101}}],"baseLayer":{"animations":[],"initialState":{"affineTransform":[1,0,0,1,0,0],"masksToBounds":false,"rotation":0,"scale":1,"position":{"pointX":512,"pointY":384},"width":1024,"sublayerTransform":[1,0,0,0,0,1,0,0,0,0,1,0,0,0,0,1],"contentsRect":{"y":0,"x":0,"width":1,"height":1},"opacity":1,"edgeAntialiasingMask":251658240,"height":768,"hidden":false,"anchorPoint":{"pointX":0.5,"pointY":0.5}},"layers":[{"animations":[],"initialState":{"affineTransform":[1,0,0,1,0,0],"masksToBounds":false,"rotation":0,"scale":1,"position":{"pointX":512,"pointY":384},"width":1024,"sublayerTransform":[1,0,0,0,0,1,0,0,0,0,1,0,0,0,0,1],"contentsRect":{"y":0,"x":0,"width":1,"height":1},"opacity":1,"edgeAntialiasingMask":251658240,"height":768,"hidden":false,"anchorPoint":{"pointX":0.5,"pointY":0.5}},"layers":[{"animations":[],"initialState":{"affineTransform":[1,0,0,1,0,0],"masksToBounds":false,"rotation":0,"scale":1,"position":{"pointX":512,"pointY":384},"width":1024,"sublayerTransform":[1,0,0,0,0,1,0,0,0,0,1,0,0,0,0,1],"contentsRect":{"y":0,"x":0,"width":1,"height":1},"opacity":1,"edgeAntialiasingMask":251658240,"height":768,"hidden":false,"anchorPoint":{"pointX":0.5,"pointY":0.5}},"layers":[{"animations":[],"layers":[],"initialState":{"affineTransform":[1,0,0,1,0,0],"masksToBounds":false,"rotation":0,"scale":1,"position":{"pointX":512,"pointY":384},"width":1024,"sublayerTransform":[1,0,0,0,0,1,0,0,0,0,1,0,0,0,0,1],"contentsRect":{"y":0,"x":0,"width":1,"height":1},"opacity":1,"edgeAntialiasingMask":0,"height":768,"hidden":false,"anchorPoint":{"pointX":0.5,"pointY":0.5}},"texture":"DB8451458D98EFA7506DBEBC2B1323F0"}]}]},{"animations":[],"initialState":{"affineTransform":[1,0,0,1,0,0],"masksToBounds":false,"rotation":0,"scale":1,"position":{"pointX":512,"pointY":384},"width":1024,"sublayerTransform":[1,0,0,0,0,1,0,0,0,0,1,0,0,0,0,1],"contentsRect":{"y":0,"x":0,"width":1,"height":1},"opacity":1,"edgeAntialiasingMask":251658240,"height":768,"hidden":false,"anchorPoint":{"pointX":0.5,"pointY":0.5}},"layers":[{"animations":[],"initialState":{"affineTransform":[1,0,0,1,0,0],"masksToBounds":false,"rotation":0,"scale":1,"position":{"pointX":512,"pointY":734.0918579101562},"width":300.5399942398071,"sublayerTransform":[1,0,0,0,0,1,0,0,0,0,1,0,0,0,0,1],"contentsRect":{"y":0,"x":0,"width":1,"height":1},"opacity":1,"edgeAntialiasingMask":251658240,"height":34.99999940395355,"hidden":false,"anchorPoint":{"pointX":0.5,"pointY":0.5}},"objectID":"F0819768-63D4-4A98-95FB-4BC9F675CE66","layers":[{"animations":[],"layers":[],"initialState":{"affineTransform":[1,0,0,1,0,0],"masksToBounds":false,"rotation":0,"scale":1,"position":{"pointX":150.2699971199036,"pointY":18.40814179182053},"width":294,"sublayerTransform":[1,0,0,0,0,1,0,0,0,0,1,0,0,0,0,1],"contentsRect":{"y":0,"x":0,"width":1,"height":1},"opacity":1,"edgeAntialiasingMask":0,"height":24,"hidden":false,"anchorPoint":{"pointX":0.5,"pointY":0.5}},"texture":"DEB9769EDE936497E12533FDEF940264"}]}]},{"animations":[],"initialState":{"affineTransform":[1,0,0,1,0,0],"masksToBounds":false,"rotation":0,"scale":1,"position":{"pointX":512,"pointY":384},"width":1024,"sublayerTransform":[1,0,0,0,0,1,0,0,0,0,1,0,0,0,0,1],"contentsRect":{"y":0,"x":0,"width":1,"height":1},"opacity":1,"edgeAntialiasingMask":251658240,"height":768,"hidden":false,"anchorPoint":{"pointX":0.5,"pointY":0.5}},"layers":[{"animations":[],"initialState":{"affineTransform":[1,0,0,1,0,0],"masksToBounds":false,"rotation":0,"scale":1,"position":{"pointX":511.8040823936462,"pointY":69.49999928474426},"width":884.8416242599487,"sublayerTransform":[1,0,0,0,0,1,0,0,0,0,1,0,0,0,0,1],"contentsRect":{"y":0,"x":0,"width":1,"height":1},"opacity":1,"edgeAntialiasingMask":251658240,"height":88.99999856948853,"hidden":false,"anchorPoint":{"pointX":0.5,"pointY":0.5}},"objectID":"5A2451F4-5EE3-4C37-97CA-F88883E0D5A3","layers":[{"animations":[],"layers":[],"initialState":{"affineTransform":[1,0,0,1,0,0],"masksToBounds":false,"rotation":0,"scale":1,"position":{"pointX":392.1167297363281,"pointY":54.5},"width":775,"sublayerTransform":[1,0,0,0,0,1,0,0,0,0,1,0,0,0,0,1],"contentsRect":{"y":0,"x":0,"width":1,"height":1},"opacity":1,"edgeAntialiasingMask":0,"height":51,"hidden":false,"anchorPoint":{"pointX":0.5,"pointY":0.5}},"texture":"FA95DEB5F0740250BC58E656C45B2C79"}]}]},{"animations":[],"initialState":{"affineTransform":[1,0,0,1,0,0],"masksToBounds":false,"rotation":0,"scale":1,"position":{"pointX":512,"pointY":384},"width":1024,"sublayerTransform":[1,0,0,0,0,1,0,0,0,0,1,0,0,0,0,1],"contentsRect":{"y":0,"x":0,"width":1,"height":1},"opacity":1,"edgeAntialiasingMask":251658240,"height":768,"hidden":false,"anchorPoint":{"pointX":0.5,"pointY":0.5}},"layers":[{"animations":[],"initialState":{"affineTransform":[1,0,0,1,0,0],"masksToBounds":false,"rotation":0,"scale":1,"position":{"pointX":40.27675247192383,"pointY":734.0918585658073},"width":29.01600003242493,"sublayerTransform":[1,0,0,0,0,1,0,0,0,0,1,0,0,0,0,1],"contentsRect":{"y":0,"x":0,"width":1,"height":1},"opacity":1,"edgeAntialiasingMask":251658240,"height":33.00000131130219,"hidden":false,"anchorPoint":{"pointX":0.5,"pointY":0.5}},"objectID":"B90B5784-422D-4873-AF38-4C74957B9349","layers":[{"animations":[],"layers":[],"initialState":{"affineTransform":[1,0,0,1,0,0],"masksToBounds":false,"rotation":0,"scale":1,"position":{"pointX":13.73124754428864,"pointY":15.90814208984375},"width":23,"sublayerTransform":[1,0,0,0,0,1,0,0,0,0,1,0,0,0,0,1],"contentsRect":{"y":0,"x":0,"width":1,"height":1},"opacity":1,"edgeAntialiasingMask":0,"height":17,"hidden":false,"anchorPoint":{"pointX":0.5,"pointY":0.5}},"texture":"48F86ABD71CBC220B86F5A1AA413DF0E"}]}]},{"animations":[],"initialState":{"affineTransform":[1,0,0,1,0,0],"masksToBounds":false,"rotation":0,"scale":1,"position":{"pointX":512,"pointY":384},"width":1024,"sublayerTransform":[1,0,0,0,0,1,0,0,0,0,1,0,0,0,0,1],"contentsRect":{"y":0,"x":0,"width":1,"height":1},"opacity":1,"edgeAntialiasingMask":251658240,"height":768,"hidden":false,"anchorPoint":{"pointX":0.5,"pointY":0.5}},"layers":[{"animations":[],"initialState":{"affineTransform":[1,0,0,1,0,0],"masksToBounds":false,"rotation":0,"scale":1,"position":{"pointX":-167.0513916015625,"pointY":-268.6939392089844},"width":236,"sublayerTransform":[1,0,0,0,0,1,0,0,0,0,1,0,0,0,0,1],"contentsRect":{"y":0,"x":0,"width":1,"height":1},"opacity":1,"edgeAntialiasingMask":251658240,"height":101,"hidden":false,"anchorPoint":{"pointX":0.5,"pointY":0.5}},"objectID":"28D69066-E812-4DD4-A3FA-D86CB172B115","layers":[{"animations":[],"layers":[],"initialState":{"affineTransform":[1,0,0,1,0,0],"masksToBounds":false,"rotation":0,"scale":1,"position":{"pointX":117.5513916015625,"pointY":50.19393920898438},"width":239,"sublayerTransform":[1,0,0,0,0,1,0,0,0,0,1,0,0,0,0,1],"contentsRect":{"y":0,"x":0,"width":1,"height":1},"opacity":1,"edgeAntialiasingMask":0,"height":104,"hidden":false,"anchorPoint":{"pointX":0.5,"pointY":0.5}},"texture":"593E206575F248496DFDFB43E256EC77"}]}]},{"animations":[],"initialState":{"affineTransform":[1,0,0,1,0,0],"masksToBounds":false,"rotation":0,"scale":1,"position":{"pointX":512,"pointY":384},"width":1024,"sublayerTransform":[1,0,0,0,0,1,0,0,0,0,1,0,0,0,0,1],"contentsRect":{"y":0,"x":0,"width":1,"height":1},"opacity":1,"edgeAntialiasingMask":251658240,"height":768,"hidden":false,"anchorPoint":{"pointX":0.5,"pointY":0.5}},"layers":[{"animations":[],"initialState":{"affineTransform":[1,0,0,1,0,0],"masksToBounds":false,"rotation":0,"scale":1,"position":{"pointX":511.9999933242798,"pointY":400.5797729492188},"width":734.7031116485596,"sublayerTransform":[1,0,0,0,0,1,0,0,0,0,1,0,0,0,0,1],"contentsRect":{"y":0,"x":0,"width":1,"height":1},"opacity":1,"edgeAntialiasingMask":251658240,"height":553.9999961853027,"hidden":false,"anchorPoint":{"pointX":0.5,"pointY":0.5}},"objectID":"FDA932C0-160C-4B0F-829F-F9D6DE1274FE","layers":[{"animations":[],"layers":[],"initialState":{"affineTransform":[1,0,0,1,0,0],"masksToBounds":false,"rotation":0,"scale":1,"position":{"pointX":360.3515625,"pointY":279.4202251434326},"width":716,"sublayerTransform":[1,0,0,0,0,1,0,0,0,0,1,0,0,0,0,1],"contentsRect":{"y":0,"x":0,"width":1,"height":1},"opacity":1,"edgeAntialiasingMask":0,"height":542,"hidden":false,"anchorPoint":{"pointX":0.5,"pointY":0.5}},"texture":"814F36F46153648B37EBDF386719B792"}]}]},{"animations":[],"initialState":{"affineTransform":[1,0,0,1,0,0],"masksToBounds":false,"rotation":0,"scale":1,"position":{"pointX":512,"pointY":384},"width":1024,"sublayerTransform":[1,0,0,0,0,1,0,0,0,0,1,0,0,0,0,1],"contentsRect":{"y":0,"x":0,"width":1,"height":1},"opacity":1,"edgeAntialiasingMask":251658240,"height":768,"hidden":false,"anchorPoint":{"pointX":0.5,"pointY":0.5}},"layers":[{"animations":[],"initialState":{"affineTransform":[1,0,0,1,0,0],"masksToBounds":false,"rotation":0,"scale":1,"position":{"pointX":764.6227036931584,"pointY":683.7185234130218},"width":363.1319999694824,"sublayerTransform":[1,0,0,0,0,1,0,0,0,0,1,0,0,0,0,1],"contentsRect":{"y":0,"x":0,"width":1,"height":1},"opacity":1,"edgeAntialiasingMask":251658240,"height":50.99999904632568,"hidden":false,"anchorPoint":{"pointX":0.5,"pointY":0.5}},"objectID":"2EF470A3-E235-40E6-9782-54BC465A6D4D","layers":[{"animations":[],"layers":[],"initialState":{"affineTransform":[1,0,0,1,0,0],"masksToBounds":false,"rotation":0,"scale":1,"position":{"pointX":182.9432962915828,"pointY":26.28147611014106},"width":354,"sublayerTransform":[1,0,0,0,0,1,0,0,0,0,1,0,0,0,0,1],"contentsRect":{"y":0,"x":0,"width":1,"height":1},"opacity":1,"edgeAntialiasingMask":0,"height":31,"hidden":true,"anchorPoint":{"pointX":0.5,"pointY":0.5}},"texture":"E9F372949DCEE5DE8040D8E9F653D2D3"}]}]}]}},{"effects":[{"beginTime":0,"baseLayer":{"animations":[],"initialState":{"affineTransform":[1,0,0,1,0,0],"masksToBounds":false,"rotation":0,"scale":1,"position":{"pointX":512,"pointY":384},"width":1024,"sublayerTransform":[1,0,0,0,0,1,0,0,0,0,1,0,0,0,0,1],"contentsRect":{"y":0,"x":0,"width":1,"height":1},"opacity":1,"edgeAntialiasingMask":251658240,"height":768,"hidden":false,"anchorPoint":{"pointX":0.5,"pointY":0.5}},"objectID":"0","layers":[{"animations":[],"initialState":{"affineTransform":[1,0,0,1,0,0],"masksToBounds":false,"rotation":0,"scale":1,"position":{"pointX":512,"pointY":384},"width":1024,"sublayerTransform":[1,0,0,0,0,1,0,0,0,0,1,-0.0004922987690640373,0,0,0,1],"contentsRect":{"y":0,"x":0,"width":1,"height":1},"opacity":1,"edgeAntialiasingMask":251658240,"height":768,"hidden":false,"anchorPoint":{"pointX":0.5,"pointY":0.5}},"layers":[{"animations":[],"layers":[],"initialState":{"affineTransform":[1,0,0,1,0,0],"masksToBounds":false,"rotation":0,"scale":1,"position":{"pointX":512,"pointY":384},"width":1024,"sublayerTransform":[1,0,0,0,0,1,0,0,0,0,1,0,0,0,0,1],"contentsRect":{"y":0,"x":0,"width":1,"height":1},"opacity":1,"edgeAntialiasingMask":0,"height":768,"hidden":false,"anchorPoint":{"pointX":0.5,"pointY":0.5}},"texture":"3DABCAF213962DB28CA9C428366D602D"},{"animations":[{"timeOffset":0,"from":{"scalar":1},"beginTime":0,"repeatCount":0,"fillMode":"both","duration":2.5,"autoreverses":false,"timingFunction":"EaseInEaseOut","property":"opacity","to":{"scalar":0}}],"layers":[],"initialState":{"affineTransform":[1,0,0,1,0,0],"masksToBounds":false,"rotation":0,"scale":1,"position":{"pointX":512,"pointY":384},"width":1024,"sublayerTransform":[1,0,0,0,0,1,0,0,0,0,1,0,0,0,0,1],"contentsRect":{"y":0,"x":0,"width":1,"height":1},"opacity":1,"edgeAntialiasingMask":0,"height":768,"hidden":false,"anchorPoint":{"pointX":0.5,"pointY":0.5}},"texture":"643FA0869D8337B8C8589CA26D2348CB"}]}]},"effects":[],"duration":2.5,"type":"transition","name":"apple:dissolve","objectID":"0"}],"automaticPlay":false,"hyperlinks":[],"accessibility":[{"text":"GUIDO Music Notation Language","targetRectangle":{"y":42,"x":73.38327026367188,"width":775.85,"height":68}},{"text":"Guido Music Notation Language","targetRectangle":{"y":720.5918582081795,"x":366.2300028800964,"width":291.54,"height":27}},{"text":"{","targetRectangle":{"y":127.5797748565674,"x":148.6484375,"width":13.2021484375,"height":26}},{"text":"\t[ \t\\meter<\"2/4\">  \\barFormat<style=“system\">","targetRectangle":{"y":153.5797748565674,"x":148.6484375,"width":633.2880859375,"height":26}},{"text":"\t\t\\stemsUp \\beam(g2*1/32 e2*1/16 c2*3/32) ","targetRectangle":{"y":179.5797748565674,"x":148.6484375,"width":620.0859375,"height":26}},{"text":"\t\tc2*1/8 \\beam(a1*1/16 c2 f2)","targetRectangle":{"y":205.5797748565674,"x":148.6484375,"width":448.4580078125,"height":26}},{"text":"\t \t\\beam(g2*1/32 d2*1/16 h1*3/32) ","targetRectangle":{"y":231.5797748565674,"x":148.6484375,"width":501.2666015625,"height":26}},{"text":"\t\td2*1/8 \\beam(h1*1/16 d2 g2)","targetRectangle":{"y":257.5797748565674,"x":148.6484375,"width":448.4580078125,"height":26}},{"text":"\t],","targetRectangle":{"y":283.5797748565674,"x":148.6484375,"width":72.404296875,"height":26}},{"text":"\t[\t\\staff<1> \\stemsDown g1*1/8 e1*1/8 ","targetRectangle":{"y":335.5797748565674,"x":148.6484375,"width":554.0751953125,"height":26}},{"text":"\t\t\\beam(g1*1/16 d f a) a1*1/8 e1*1/8 ","targetRectangle":{"y":361.5797748565674,"x":148.6484375,"width":554.0751953125,"height":26}},{"text":"\t\t\\beam(a1*1/16 e g h)","targetRectangle":{"y":387.5797748565674,"x":148.6484375,"width":356.04296875,"height":26}},{"text":"\t],","targetRectangle":{"y":413.5797748565674,"x":148.6484375,"width":72.404296875,"height":26}},{"text":"\t[\t\\staff<2> \\meter<\"2/4\"> \\stemsUp a0*1/4 f0*1/4 ","targetRectangle":{"y":465.5797748565674,"x":148.6484375,"width":712.5009765625,"height":26}},{"text":"\t\th0*1/4 c1*1/4","targetRectangle":{"y":491.5797748565674,"x":148.6484375,"width":263.6279296875,"height":26}},{"text":"\t],","targetRectangle":{"y":517.5797748565674,"x":148.6484375,"width":72.404296875,"height":26}},{"text":"\t[\t\\staff<2> \\stemsDown f0*1/4 d0*1/4 ","targetRectangle":{"y":569.5797748565674,"x":148.6484375,"width":554.0751953125,"height":26}},{"text":"\t\tg0*1/4 a0*1/4","targetRectangle":{"y":595.5797748565674,"x":148.6484375,"width":263.6279296875,"height":26}},{"text":"\t]","targetRectangle":{"y":621.5797748565674,"x":148.6484375,"width":59.2021484375,"height":26}},{"text":"}","targetRectangle":{"y":647.5797748565674,"x":148.6484375,"width":13.2021484375,"height":26}},{"text":"￼","targetRectangle":{"y":721.5918579101562,"x":30.26875245571136,"width":20.016,"height":25}},{"text":"pasted-image.tif","targetRectangle":{"y":-319.1939392089844,"x":-285.0513916015625,"width":236,"height":101}},{"text":"redundant information","targetRectangle":{"y":662.2185238898589,"x":587.5567037084172,"width":354.1320000000001,"height":43}}],"baseLayer":{"animations":[],"initialState":{"affineTransform":[1,0,0,1,0,0],"masksToBounds":false,"rotation":0,"scale":1,"position":{"pointX":512,"pointY":384},"width":1024,"sublayerTransform":[1,0,0,0,0,1,0,0,0,0,1,0,0,0,0,1],"contentsRect":{"y":0,"x":0,"width":1,"height":1},"opacity":1,"edgeAntialiasingMask":251658240,"height":768,"hidden":false,"anchorPoint":{"pointX":0.5,"pointY":0.5}},"objectID":"0","layers":[{"animations":[],"initialState":{"affineTransform":[1,0,0,1,0,0],"masksToBounds":false,"rotation":0,"scale":1,"position":{"pointX":512,"pointY":384},"width":1024,"sublayerTransform":[1,0,0,0,0,1,0,0,0,0,1,-0.0004922987690640373,0,0,0,1],"contentsRect":{"y":0,"x":0,"width":1,"height":1},"opacity":1,"edgeAntialiasingMask":251658240,"height":768,"hidden":false,"anchorPoint":{"pointX":0.5,"pointY":0.5}},"layers":[{"animations":[],"layers":[],"initialState":{"affineTransform":[1,0,0,1,0,0],"masksToBounds":false,"rotation":0,"scale":1,"position":{"pointX":512,"pointY":384},"width":1024,"sublayerTransform":[1,0,0,0,0,1,0,0,0,0,1,0,0,0,0,1],"contentsRect":{"y":0,"x":0,"width":1,"height":1},"opacity":1,"edgeAntialiasingMask":0,"height":768,"hidden":false,"anchorPoint":{"pointX":0.5,"pointY":0.5}},"texture":"643FA0869D8337B8C8589CA26D2348CB"}]}]}}]}