{"assets":{"2F5273E48820B549F9C0D4E271FD3C8D":{"type":"texture","index":1250,"assetRequest":{"type":"slide","state":"contents","slide":"905551FE-997C-44F3-A1C7-4128C656A06E"},"url":{"web":"assets/2F5273E48820B549F9C0D4E271FD3C8D.svg"},"width":857,"height":32},"ECDDD0FD2C7A028A23E718531D881EAC":{"type":"texture","index":1257,"assetRequest":{"type":"slide","state":"contents","slide":"905551FE-997C-44F3-A1C7-4128C656A06E"},"url":{"web":"assets/ECDDD0FD2C7A028A23E718531D881EAC.svg"},"width":687,"height":112},"17BCFBD4D7D24B3F58862F89CE480E12":{"type":"texture","index":1259,"assetRequest":{"type":"slide","state":"outgoing","slide":"905551FE-997C-44F3-A1C7-4128C656A06E"},"url":{"web":"assets/17BCFBD4D7D24B3F58862F89CE480E12.svg"},"width":1024,"height":768},"354E0319778914248581EFDB690432EF":{"type":"texture","index":1254,"assetRequest":{"type":"slide","state":"contents","slide":"905551FE-997C-44F3-A1C7-4128C656A06E"},"url":{"web":"assets/354E0319778914248581EFDB690432EF.svg"},"width":81,"height":57},"DB8451458D98EFA7506DBEBC2B1323F0":{"type":"texture","index":1248,"assetRequest":{"type":"slide","state":"contents","slide":"905551FE-997C-44F3-A1C7-4128C656A06E"},"url":{"web":"assets/DB8451458D98EFA7506DBEBC2B1323F0.svg"},"width":1024,"height":768},"1A99249D3BA91E9FD015F543EF45CEDE":{"type":"texture","index":1260,"assetRequest":{"type":"slide","state":"incoming","slide":"A71736FF-FF81-4CE1-A9F9-0D99DF583EED"},"url":{"web":"assets/1A99249D3BA91E9FD015F543EF45CEDE.svg"},"width":1024,"height":768},"4F4D3CED13A495E061AC1F266B9107C1":{"type":"texture","index":1256,"assetRequest":{"type":"slide","state":"contents","slide":"905551FE-997C-44F3-A1C7-4128C656A06E"},"url":{"web":"assets/4F4D3CED13A495E061AC1F266B9107C1.svg"},"width":1006,"height":333},"593E206575F248496DFDFB43E256EC77":{"type":"texture","index":1251,"assetRequest":{"type":"slide","state":"contents","slide":"905551FE-997C-44F3-A1C7-4128C656A06E"},"url":{"web":"assets/593E206575F248496DFDFB43E256EC77.svg"},"width":239,"height":104},"6C85C353C1BC8BBAEC28346E713E9B74":{"type":"texture","index":1253,"assetRequest":{"type":"slide","state":"contents","slide":"905551FE-997C-44F3-A1C7-4128C656A06E"},"url":{"web":"assets/6C85C353C1BC8BBAEC28346E713E9B74.svg"},"width":694,"height":106},"45F01322A1C968927F94069EE5D4F3BA":{"type":"texture","index":1258,"assetRequest":{"type":"slide","state":"contents","slide":"905551FE-997C-44F3-A1C7-4128C656A06E"},"url":{"web":"assets/45F01322A1C968927F94069EE5D4F3BA.svg"},"width":250,"height":42},"868462FA76A16EC2F89B134E5F4CEFDF":{"type":"texture","index":1252,"assetRequest":{"type":"slide","state":"contents","slide":"905551FE-997C-44F3-A1C7-4128C656A06E"},"url":{"web":"assets/868462FA76A16EC2F89B134E5F4CEFDF.svg"},"width":171,"height":28},"A195FFC70B722049AFF55E5FCD5FB274":{"type":"texture","index":1249,"assetRequest":{"type":"slide","state":"contents","slide":"905551FE-997C-44F3-A1C7-4128C656A06E"},"url":{"web":"assets/A195FFC70B722049AFF55E5FCD5FB274.svg"},"width":191,"height":42},"CF704E905F7AC226BD2AC7D27A7CCB9B":{"type":"texture","index":1255,"assetRequest":{"type":"slide","state":"contents","slide":"905551FE-997C-44F3-A1C7-4128C656A06E"},"url":{"web":"assets/CF704E905F7AC226BD2AC7D27A7CCB9B.svg"},"width":81,"height":57}},"events":[{"effects":[{"beginTime":0,"baseLayer":{"animations":[],"initialState":{"affineTransform":[1,0,0,1,0,0],"masksToBounds":false,"rotation":0,"scale":1,"position":{"pointX":246.6126937605441,"pointY":473.6378173828125},"width":255.63600153476,"sublayerTransform":[1,0,0,0,0,1,0,0,0,0,1,0,0,0,0,1],"contentsRect":{"y":0,"x":0,"width":1,"height":1},"opacity":1,"edgeAntialiasingMask":251658240,"height":57.00000286102295,"hidden":false,"anchorPoint":{"pointX":0.5,"pointY":0.5}},"objectID":"5807BC76-1F3F-4B3F-8AD0-D36931D2C251","layers":[{"animations":[],"initialState":{"affineTransform":[1,0,0,1,0,0],"masksToBounds":false,"rotation":0,"scale":1,"position":{"pointX":393.2053070068359,"pointY":-61.13781595230103},"width":255.63600153476,"sublayerTransform":[1,0,0,0,0,1,0,0,0,0,1,-0.0004922987690640373,0,0,0,1],"contentsRect":{"y":0,"x":0,"width":1,"height":1},"opacity":1,"edgeAntialiasingMask":251658240,"height":57.00000286102295,"hidden":false,"anchorPoint":{"pointX":1.538145271582062,"pointY":-1.072593208483987}},"layers":[{"animations":[{"timeOffset":0,"from":{"scalar":true},"beginTime":1e-100,"repeatCount":0,"fillMode":"both","property":"hidden","autoreverses":false,"duration":0.01,"to":{"scalar":false}}],"layers":[],"initialState":{"affineTransform":[1,0,0,1,0,0],"masksToBounds":false,"rotation":0,"scale":1,"position":{"pointX":127.2053070068359,"pointY":31.86218404769897},"width":250,"sublayerTransform":[1,0,0,0,0,1,0,0,0,0,1,0,0,0,0,1],"contentsRect":{"y":0,"x":0,"width":1,"height":1},"opacity":1,"edgeAntialiasingMask":0,"height":42,"hidden":true,"anchorPoint":{"pointX":0.5,"pointY":0.5}},"texture":"45F01322A1C968927F94069EE5D4F3BA"}]}]},"effects":[],"duration":0.01,"type":"buildIn","name":"apple:appear","objectID":"5807BC76-1F3F-4B3F-8AD0-D36931D2C251"},{"beginTime":0,"baseLayer":{"animations":[],"initialState":{"affineTransform":[1,0,0,1,0,0],"masksToBounds":false,"rotation":0,"scale":1,"position":{"pointX":501.0949544906616,"pointY":591.3802502155304},"width":763.4414196014404,"sublayerTransform":[1,0,0,0,0,1,0,0,0,0,1,0,0,0,0,1],"contentsRect":{"y":0,"x":0,"width":1,"height":1},"opacity":1,"edgeAntialiasingMask":251658240,"height":172.269594669342,"hidden":false,"anchorPoint":{"pointX":0.5,"pointY":0.5}},"objectID":"952D3BEE-207D-4572-B37C-5761A8641285","layers":[{"animations":[],"initialState":{"affineTransform":[1,0,0,1,0,0],"masksToBounds":false,"rotation":0,"scale":1,"position":{"pointX":392.6257553100586,"pointY":-121.2454528808594},"width":763.4414196014404,"sublayerTransform":[1,0,0,0,0,1,0,0,0,0,1,-0.0004922987690640373,0,0,0,1],"contentsRect":{"y":0,"x":0,"width":1,"height":1},"opacity":1,"edgeAntialiasingMask":251658240,"height":172.269594669342,"hidden":false,"anchorPoint":{"pointX":0.5142840632291492,"pointY":-0.7038122607392239}},"layers":[{"animations":[{"timeOffset":0,"from":{"scalar":true},"beginTime":1e-100,"repeatCount":0,"fillMode":"both","property":"hidden","autoreverses":false,"duration":0.01,"to":{"scalar":false}}],"layers":[],"initialState":{"affineTransform":[1,0,0,1,0,0],"masksToBounds":false,"rotation":0,"scale":1,"position":{"pointX":381.6257553100586,"pointY":86.25454711914062},"width":1006,"sublayerTransform":[1,0,0,0,0,1,0,0,0,0,1,0,0,0,0,1],"contentsRect":{"y":0,"x":0,"width":1,"height":1},"opacity":1,"edgeAntialiasingMask":0,"height":333,"hidden":true,"anchorPoint":{"pointX":0.5,"pointY":0.5}},"texture":"4F4D3CED13A495E061AC1F266B9107C1"}]}]},"effects":[],"duration":0.01,"type":"buildIn","name":"apple:appear","objectID":"952D3BEE-207D-4572-B37C-5761A8641285"},{"beginTime":0,"baseLayer":{"animations":[],"initialState":{"affineTransform":[1,0,0,1,0,0],"masksToBounds":false,"rotation":0,"scale":1,"position":{"pointX":500.8448292016983,"pointY":591.3802490234375},"width":741.6312782764435,"sublayerTransform":[1,0,0,0,0,1,0,0,0,0,1,0,0,0,0,1],"contentsRect":{"y":0,"x":0,"width":1,"height":1},"opacity":1,"edgeAntialiasingMask":251658240,"height":124.0000017285347,"hidden":false,"anchorPoint":{"pointX":0.5,"pointY":0.5}},"objectID":"60D1EFC0-CA8D-4444-8B16-B4910CDB182C","layers":[{"animations":[],"initialState":{"affineTransform":[1,0,0,1,0,0],"masksToBounds":false,"rotation":0,"scale":1,"position":{"pointX":381.9708099365234,"pointY":-145.3802481591702},"width":741.6312782764435,"sublayerTransform":[1,0,0,0,0,1,0,0,0,0,1,-0.0004922987690640373,0,0,0,1],"contentsRect":{"y":0,"x":0,"width":1,"height":1},"opacity":1,"edgeAntialiasingMask":251658240,"height":124.0000017285347,"hidden":false,"anchorPoint":{"pointX":0.5150413974235639,"pointY":-1.172421339779026}},"layers":[{"animations":[{"timeOffset":0,"from":{"scalar":true},"beginTime":1e-100,"repeatCount":0,"fillMode":"both","property":"hidden","autoreverses":false,"duration":0.01,"to":{"scalar":false}}],"layers":[],"initialState":{"affineTransform":[1,0,0,1,0,0],"masksToBounds":false,"rotation":0,"scale":1,"position":{"pointX":346.4708099365234,"pointY":64.61975184082985},"width":687,"sublayerTransform":[1,0,0,0,0,1,0,0,0,0,1,0,0,0,0,1],"contentsRect":{"y":0,"x":0,"width":1,"height":1},"opacity":1,"edgeAntialiasingMask":0,"height":112,"hidden":true,"anchorPoint":{"pointX":0.5,"pointY":0.5}},"texture":"ECDDD0FD2C7A028A23E718531D881EAC"}]}]},"effects":[],"duration":0.01,"type":"buildIn","name":"apple:appear","objectID":"60D1EFC0-CA8D-4444-8B16-B4910CDB182C"}],"automaticPlay":false,"hyperlinks":[],"accessibility":[{"text":"pop","targetRectangle":{"y":383.0622863769531,"x":445.5385627746582,"width":36.005859375,"height":24}},{"text":"pasted-image.tif","targetRectangle":{"y":-319.1939392089844,"x":-285.0513916015625,"width":236,"height":101}},{"text":"push","targetRectangle":{"y":322.8269958496094,"x":439.5375862121582,"width":48.0078125,"height":24}},{"text":"An environment for the design of interactive augmented music scores","targetRectangle":{"y":107.1785278320312,"x":74.31984863281264,"width":853.0499999999997,"height":38}},{"text":"pasted-image.pdf","targetRectangle":{"y":217.314697265625,"x":184.5209197998047,"width":691,"height":103.3706207275391}},{"text":"Interaction","targetRectangle":{"y":168.1910858154297,"x":77.40677642822266,"width":171.938,"height":46}},{"text":"INScore","targetRectangle":{"y":38,"x":73.57918548583984,"width":193.662,"height":72}}],"baseLayer":{"animations":[],"initialState":{"affineTransform":[1,0,0,1,0,0],"masksToBounds":false,"rotation":0,"scale":1,"position":{"pointX":512,"pointY":384},"width":1024,"sublayerTransform":[1,0,0,0,0,1,0,0,0,0,1,0,0,0,0,1],"contentsRect":{"y":0,"x":0,"width":1,"height":1},"opacity":1,"edgeAntialiasingMask":251658240,"height":768,"hidden":false,"anchorPoint":{"pointX":0.5,"pointY":0.5}},"layers":[{"animations":[],"initialState":{"affineTransform":[1,0,0,1,0,0],"masksToBounds":false,"rotation":0,"scale":1,"position":{"pointX":512,"pointY":384},"width":1024,"sublayerTransform":[1,0,0,0,0,1,0,0,0,0,1,0,0,0,0,1],"contentsRect":{"y":0,"x":0,"width":1,"height":1},"opacity":1,"edgeAntialiasingMask":251658240,"height":768,"hidden":false,"anchorPoint":{"pointX":0.5,"pointY":0.5}},"layers":[{"animations":[],"initialState":{"affineTransform":[1,0,0,1,0,0],"masksToBounds":false,"rotation":0,"scale":1,"position":{"pointX":512,"pointY":384},"width":1024,"sublayerTransform":[1,0,0,0,0,1,0,0,0,0,1,0,0,0,0,1],"contentsRect":{"y":0,"x":0,"width":1,"height":1},"opacity":1,"edgeAntialiasingMask":251658240,"height":768,"hidden":false,"anchorPoint":{"pointX":0.5,"pointY":0.5}},"layers":[{"animations":[],"layers":[],"initialState":{"affineTransform":[1,0,0,1,0,0],"masksToBounds":false,"rotation":0,"scale":1,"position":{"pointX":512,"pointY":384},"width":1024,"sublayerTransform":[1,0,0,0,0,1,0,0,0,0,1,0,0,0,0,1],"contentsRect":{"y":0,"x":0,"width":1,"height":1},"opacity":1,"edgeAntialiasingMask":0,"height":768,"hidden":false,"anchorPoint":{"pointX":0.5,"pointY":0.5}},"texture":"DB8451458D98EFA7506DBEBC2B1323F0"}]}]},{"animations":[],"initialState":{"affineTransform":[1,0,0,1,0,0],"masksToBounds":false,"rotation":0,"scale":1,"position":{"pointX":512,"pointY":384},"width":1024,"sublayerTransform":[1,0,0,0,0,1,0,0,0,0,1,0,0,0,0,1],"contentsRect":{"y":0,"x":0,"width":1,"height":1},"opacity":1,"edgeAntialiasingMask":251658240,"height":768,"hidden":false,"anchorPoint":{"pointX":0.5,"pointY":0.5}},"layers":[{"animations":[],"initialState":{"affineTransform":[1,0,0,1,0,0],"masksToBounds":false,"rotation":0,"scale":1,"position":{"pointX":511.9999976158142,"pointY":69.49999928474426},"width":884.8416242599487,"sublayerTransform":[1,0,0,0,0,1,0,0,0,0,1,0,0,0,0,1],"contentsRect":{"y":0,"x":0,"width":1,"height":1},"opacity":1,"edgeAntialiasingMask":251658240,"height":88.99999856948853,"hidden":false,"anchorPoint":{"pointX":0.5,"pointY":0.5}},"objectID":"A26AF267-78F5-425D-9150-543BA04C1B48","layers":[{"animations":[],"layers":[],"initialState":{"affineTransform":[1,0,0,1,0,0],"masksToBounds":false,"rotation":0,"scale":1,"position":{"pointX":101.9208145141602,"pointY":47},"width":191,"sublayerTransform":[1,0,0,0,0,1,0,0,0,0,1,0,0,0,0,1],"contentsRect":{"y":0,"x":0,"width":1,"height":1},"opacity":1,"edgeAntialiasingMask":0,"height":42,"hidden":false,"anchorPoint":{"pointX":0.5,"pointY":0.5}},"texture":"A195FFC70B722049AFF55E5FCD5FB274"}]}]},{"animations":[],"initialState":{"affineTransform":[1,0,0,1,0,0],"masksToBounds":false,"rotation":0,"scale":1,"position":{"pointX":512,"pointY":384},"width":1024,"sublayerTransform":[1,0,0,0,0,1,0,0,0,0,1,0,0,0,0,1],"contentsRect":{"y":0,"x":0,"width":1,"height":1},"opacity":1,"edgeAntialiasingMask":251658240,"height":768,"hidden":false,"anchorPoint":{"pointX":0.5,"pointY":0.5}},"layers":[{"animations":[],"initialState":{"affineTransform":[1,0,0,1,0,0],"masksToBounds":false,"rotation":0,"scale":1,"position":{"pointX":500.844831943512,"pointY":126.2444611787796},"width":862.9231233596802,"sublayerTransform":[1,0,0,0,0,1,0,0,0,0,1,0,0,0,0,1],"contentsRect":{"y":0,"x":0,"width":1,"height":1},"opacity":1,"edgeAntialiasingMask":251658240,"height":46.1318666934967,"hidden":false,"anchorPoint":{"pointX":0.5,"pointY":0.5}},"objectID":"C29C90FD-5E20-43FE-8824-6B07C2068BE7","layers":[{"animations":[],"layers":[],"initialState":{"affineTransform":[1,0,0,1,0,0],"masksToBounds":false,"rotation":0,"scale":1,"position":{"pointX":431.1167297363281,"pointY":24.82147216796875},"width":857,"sublayerTransform":[1,0,0,0,0,1,0,0,0,0,1,0,0,0,0,1],"contentsRect":{"y":0,"x":0,"width":1,"height":1},"opacity":1,"edgeAntialiasingMask":0,"height":32,"hidden":false,"anchorPoint":{"pointX":0.5,"pointY":0.5}},"texture":"2F5273E48820B549F9C0D4E271FD3C8D"}]}]},{"animations":[],"initialState":{"affineTransform":[1,0,0,1,0,0],"masksToBounds":false,"rotation":0,"scale":1,"position":{"pointX":512,"pointY":384},"width":1024,"sublayerTransform":[1,0,0,0,0,1,0,0,0,0,1,0,0,0,0,1],"contentsRect":{"y":0,"x":0,"width":1,"height":1},"opacity":1,"edgeAntialiasingMask":251658240,"height":768,"hidden":false,"anchorPoint":{"pointX":0.5,"pointY":0.5}},"layers":[{"animations":[],"initialState":{"affineTransform":[1,0,0,1,0,0],"masksToBounds":false,"rotation":0,"scale":1,"position":{"pointX":-167.0513916015625,"pointY":-268.6939392089844},"width":236,"sublayerTransform":[1,0,0,0,0,1,0,0,0,0,1,0,0,0,0,1],"contentsRect":{"y":0,"x":0,"width":1,"height":1},"opacity":1,"edgeAntialiasingMask":251658240,"height":101,"hidden":false,"anchorPoint":{"pointX":0.5,"pointY":0.5}},"objectID":"C94AE912-605A-49AA-820B-24F93988B321","layers":[{"animations":[],"layers":[],"initialState":{"affineTransform":[1,0,0,1,0,0],"masksToBounds":false,"rotation":0,"scale":1,"position":{"pointX":117.5513916015625,"pointY":50.19393920898438},"width":239,"sublayerTransform":[1,0,0,0,0,1,0,0,0,0,1,0,0,0,0,1],"contentsRect":{"y":0,"x":0,"width":1,"height":1},"opacity":1,"edgeAntialiasingMask":0,"height":104,"hidden":false,"anchorPoint":{"pointX":0.5,"pointY":0.5}},"texture":"593E206575F248496DFDFB43E256EC77"}]}]},{"animations":[],"initialState":{"affineTransform":[1,0,0,1,0,0],"masksToBounds":false,"rotation":0,"scale":1,"position":{"pointX":512,"pointY":384},"width":1024,"sublayerTransform":[1,0,0,0,0,1,0,0,0,0,1,0,0,0,0,1],"contentsRect":{"y":0,"x":0,"width":1,"height":1},"opacity":1,"edgeAntialiasingMask":251658240,"height":768,"hidden":false,"anchorPoint":{"pointX":0.5,"pointY":0.5}},"layers":[{"animations":[],"initialState":{"affineTransform":[1,0,0,1,0,0],"masksToBounds":false,"rotation":0,"scale":1,"position":{"pointX":216.6684951782227,"pointY":191.1910858154297},"width":286.5234375,"sublayerTransform":[1,0,0,0,0,1,0,0,0,0,1,0,0,0,0,1],"contentsRect":{"y":0,"x":0,"width":1,"height":1},"opacity":1,"edgeAntialiasingMask":251658240,"height":56,"hidden":false,"anchorPoint":{"pointX":0.5,"pointY":0.5}},"objectID":"EBA4B5A4-0917-46FC-A22E-7FBF7B2C5EC9","layers":[{"animations":[],"layers":[],"initialState":{"affineTransform":[1,0,0,1,0,0],"masksToBounds":false,"rotation":0,"scale":1,"position":{"pointX":90.09322357177734,"pointY":26.80891418457031},"width":171,"sublayerTransform":[1,0,0,0,0,1,0,0,0,0,1,0,0,0,0,1],"contentsRect":{"y":0,"x":0,"width":1,"height":1},"opacity":1,"edgeAntialiasingMask":0,"height":28,"hidden":false,"anchorPoint":{"pointX":0.5,"pointY":0.5}},"texture":"868462FA76A16EC2F89B134E5F4CEFDF"}]}]},{"animations":[],"initialState":{"affineTransform":[1,0,0,1,0,0],"masksToBounds":false,"rotation":0,"scale":1,"position":{"pointX":512,"pointY":384},"width":1024,"sublayerTransform":[1,0,0,0,0,1,0,0,0,0,1,0,0,0,0,1],"contentsRect":{"y":0,"x":0,"width":1,"height":1},"opacity":1,"edgeAntialiasingMask":251658240,"height":768,"hidden":false,"anchorPoint":{"pointX":0.5,"pointY":0.5}},"layers":[{"animations":[],"initialState":{"affineTransform":[1,0,0,1,0,0],"masksToBounds":false,"rotation":0,"scale":1,"position":{"pointX":530.0209197998047,"pointY":269.0000076293945},"width":691,"sublayerTransform":[1,0,0,0,0,1,0,0,0,0,1,0,0,0,0,1],"contentsRect":{"y":0,"x":0,"width":1,"height":1},"opacity":1,"edgeAntialiasingMask":251658240,"height":103.3706207275391,"hidden":false,"anchorPoint":{"pointX":0.5,"pointY":0.5}},"objectID":"D6000565-A79D-4421-955D-9FAEE2E8F740","layers":[{"animations":[],"layers":[],"initialState":{"affineTransform":[1,0,0,1,0,0],"masksToBounds":false,"rotation":0,"scale":1,"position":{"pointX":345.4790802001953,"pointY":51.685302734375},"width":694,"sublayerTransform":[1,0,0,0,0,1,0,0,0,0,1,0,0,0,0,1],"contentsRect":{"y":0,"x":0,"width":1,"height":1},"opacity":1,"edgeAntialiasingMask":0,"height":106,"hidden":false,"anchorPoint":{"pointX":0.5,"pointY":0.5}},"texture":"6C85C353C1BC8BBAEC28346E713E9B74"}]}]},{"animations":[],"initialState":{"affineTransform":[1,0,0,1,0,0],"masksToBounds":false,"rotation":0,"scale":1,"position":{"pointX":512,"pointY":384},"width":1024,"sublayerTransform":[1,0,0,0,0,1,0,0,0,0,1,0,0,0,0,1],"contentsRect":{"y":0,"x":0,"width":1,"height":1},"opacity":1,"edgeAntialiasingMask":251658240,"height":768,"hidden":false,"anchorPoint":{"pointX":0.5,"pointY":0.5}},"layers":[{"animations":[],"initialState":{"affineTransform":[1,0,0,1,0,0],"masksToBounds":false,"rotation":0,"scale":1,"position":{"pointX":463.5414916276932,"pointY":334.8269957304001},"width":71.5858519077301,"sublayerTransform":[1,0,0,0,0,1,0,0,0,0,1,0,0,0,0,1],"contentsRect":{"y":0,"x":0,"width":1,"height":1},"opacity":1,"edgeAntialiasingMask":251658240,"height":43.99999976158142,"hidden":false,"anchorPoint":{"pointX":0.5,"pointY":0.5}},"objectID":"94EA309A-2341-40D8-BBAE-0E45CFF33EEF","layers":[{"animations":[],"layers":[],"initialState":{"affineTransform":[1,0,0,1,0,0],"masksToBounds":false,"rotation":0,"scale":1,"position":{"pointX":35.75143432617188,"pointY":21.67300415039062},"width":81,"sublayerTransform":[1,0,0,0,0,1,0,0,0,0,1,0,0,0,0,1],"contentsRect":{"y":0,"x":0,"width":1,"height":1},"opacity":1,"edgeAntialiasingMask":0,"height":57,"hidden":false,"anchorPoint":{"pointX":0.5,"pointY":0.5}},"texture":"354E0319778914248581EFDB690432EF"}]}]},{"animations":[],"initialState":{"affineTransform":[1,0,0,1,0,0],"masksToBounds":false,"rotation":0,"scale":1,"position":{"pointX":512,"pointY":384},"width":1024,"sublayerTransform":[1,0,0,0,0,1,0,0,0,0,1,0,0,0,0,1],"contentsRect":{"y":0,"x":0,"width":1,"height":1},"opacity":1,"edgeAntialiasingMask":251658240,"height":768,"hidden":false,"anchorPoint":{"pointX":0.5,"pointY":0.5}},"layers":[{"animations":[],"initialState":{"affineTransform":[1,0,0,1,0,0],"masksToBounds":false,"rotation":0,"scale":1,"position":{"pointX":463.5414916276932,"pointY":395.0622862577438},"width":71.5858519077301,"sublayerTransform":[1,0,0,0,0,1,0,0,0,0,1,0,0,0,0,1],"contentsRect":{"y":0,"x":0,"width":1,"height":1},"opacity":1,"edgeAntialiasingMask":251658240,"height":43.99999976158142,"hidden":false,"anchorPoint":{"pointX":0.5,"pointY":0.5}},"objectID":"BDF252D6-4BDD-42BA-8DF3-3DE2C13A4D09","layers":[{"animations":[],"layers":[],"initialState":{"affineTransform":[1,0,0,1,0,0],"masksToBounds":false,"rotation":0,"scale":1,"position":{"pointX":35.75143432617188,"pointY":22.43771362304688},"width":81,"sublayerTransform":[1,0,0,0,0,1,0,0,0,0,1,0,0,0,0,1],"contentsRect":{"y":0,"x":0,"width":1,"height":1},"opacity":1,"edgeAntialiasingMask":0,"height":57,"hidden":false,"anchorPoint":{"pointX":0.5,"pointY":0.5}},"texture":"CF704E905F7AC226BD2AC7D27A7CCB9B"}]}]},{"animations":[],"initialState":{"affineTransform":[1,0,0,1,0,0],"masksToBounds":false,"rotation":0,"scale":1,"position":{"pointX":512,"pointY":384},"width":1024,"sublayerTransform":[1,0,0,0,0,1,0,0,0,0,1,0,0,0,0,1],"contentsRect":{"y":0,"x":0,"width":1,"height":1},"opacity":1,"edgeAntialiasingMask":251658240,"height":768,"hidden":false,"anchorPoint":{"pointX":0.5,"pointY":0.5}},"layers":[{"animations":[],"initialState":{"affineTransform":[1,0,0,1,0,0],"masksToBounds":false,"rotation":0,"scale":1,"position":{"pointX":501.0949544906616,"pointY":591.3802502155304},"width":763.4414196014404,"sublayerTransform":[1,0,0,0,0,1,0,0,0,0,1,0,0,0,0,1],"contentsRect":{"y":0,"x":0,"width":1,"height":1},"opacity":1,"edgeAntialiasingMask":251658240,"height":172.269594669342,"hidden":false,"anchorPoint":{"pointX":0.5,"pointY":0.5}},"objectID":"952D3BEE-207D-4572-B37C-5761A8641285","layers":[{"animations":[],"layers":[],"initialState":{"affineTransform":[1,0,0,1,0,0],"masksToBounds":false,"rotation":0,"scale":1,"position":{"pointX":381.6257553100586,"pointY":86.25454711914062},"width":1006,"sublayerTransform":[1,0,0,0,0,1,0,0,0,0,1,0,0,0,0,1],"contentsRect":{"y":0,"x":0,"width":1,"height":1},"opacity":1,"edgeAntialiasingMask":0,"height":333,"hidden":true,"anchorPoint":{"pointX":0.5,"pointY":0.5}},"texture":"4F4D3CED13A495E061AC1F266B9107C1"}]}]},{"animations":[],"initialState":{"affineTransform":[1,0,0,1,0,0],"masksToBounds":false,"rotation":0,"scale":1,"position":{"pointX":512,"pointY":384},"width":1024,"sublayerTransform":[1,0,0,0,0,1,0,0,0,0,1,0,0,0,0,1],"contentsRect":{"y":0,"x":0,"width":1,"height":1},"opacity":1,"edgeAntialiasingMask":251658240,"height":768,"hidden":false,"anchorPoint":{"pointX":0.5,"pointY":0.5}},"layers":[{"animations":[],"initialState":{"affineTransform":[1,0,0,1,0,0],"masksToBounds":false,"rotation":0,"scale":1,"position":{"pointX":500.8448292016983,"pointY":591.3802490234375},"width":741.6312782764435,"sublayerTransform":[1,0,0,0,0,1,0,0,0,0,1,0,0,0,0,1],"contentsRect":{"y":0,"x":0,"width":1,"height":1},"opacity":1,"edgeAntialiasingMask":251658240,"height":124.0000017285347,"hidden":false,"anchorPoint":{"pointX":0.5,"pointY":0.5}},"objectID":"60D1EFC0-CA8D-4444-8B16-B4910CDB182C","layers":[{"animations":[],"layers":[],"initialState":{"affineTransform":[1,0,0,1,0,0],"masksToBounds":false,"rotation":0,"scale":1,"position":{"pointX":346.4708099365234,"pointY":64.61975184082985},"width":687,"sublayerTransform":[1,0,0,0,0,1,0,0,0,0,1,0,0,0,0,1],"contentsRect":{"y":0,"x":0,"width":1,"height":1},"opacity":1,"edgeAntialiasingMask":0,"height":112,"hidden":true,"anchorPoint":{"pointX":0.5,"pointY":0.5}},"texture":"ECDDD0FD2C7A028A23E718531D881EAC"}]}]},{"animations":[],"initialState":{"affineTransform":[1,0,0,1,0,0],"masksToBounds":false,"rotation":0,"scale":1,"position":{"pointX":512,"pointY":384},"width":1024,"sublayerTransform":[1,0,0,0,0,1,0,0,0,0,1,0,0,0,0,1],"contentsRect":{"y":0,"x":0,"width":1,"height":1},"opacity":1,"edgeAntialiasingMask":251658240,"height":768,"hidden":false,"anchorPoint":{"pointX":0.5,"pointY":0.5}},"layers":[{"animations":[],"initialState":{"affineTransform":[1,0,0,1,0,0],"masksToBounds":false,"rotation":0,"scale":1,"position":{"pointX":246.6126937605441,"pointY":473.6378173828125},"width":255.63600153476,"sublayerTransform":[1,0,0,0,0,1,0,0,0,0,1,0,0,0,0,1],"contentsRect":{"y":0,"x":0,"width":1,"height":1},"opacity":1,"edgeAntialiasingMask":251658240,"height":57.00000286102295,"hidden":false,"anchorPoint":{"pointX":0.5,"pointY":0.5}},"objectID":"5807BC76-1F3F-4B3F-8AD0-D36931D2C251","layers":[{"animations":[],"layers":[],"initialState":{"affineTransform":[1,0,0,1,0,0],"masksToBounds":false,"rotation":0,"scale":1,"position":{"pointX":127.2053070068359,"pointY":31.86218404769897},"width":250,"sublayerTransform":[1,0,0,0,0,1,0,0,0,0,1,0,0,0,0,1],"contentsRect":{"y":0,"x":0,"width":1,"height":1},"opacity":1,"edgeAntialiasingMask":0,"height":42,"hidden":true,"anchorPoint":{"pointX":0.5,"pointY":0.5}},"texture":"45F01322A1C968927F94069EE5D4F3BA"}]}]}]}},{"effects":[{"beginTime":0,"baseLayer":{"animations":[],"initialState":{"affineTransform":[1,0,0,1,0,0],"masksToBounds":false,"rotation":0,"scale":1,"position":{"pointX":512,"pointY":384},"width":1024,"sublayerTransform":[1,0,0,0,0,1,0,0,0,0,1,0,0,0,0,1],"contentsRect":{"y":0,"x":0,"width":1,"height":1},"opacity":1,"edgeAntialiasingMask":251658240,"height":768,"hidden":false,"anchorPoint":{"pointX":0.5,"pointY":0.5}},"objectID":"0","layers":[{"animations":[],"initialState":{"affineTransform":[1,0,0,1,0,0],"masksToBounds":false,"rotation":0,"scale":1,"position":{"pointX":512,"pointY":384},"width":1024,"sublayerTransform":[1,0,0,0,0,1,0,0,0,0,1,-0.0004922987690640373,0,0,0,1],"contentsRect":{"y":0,"x":0,"width":1,"height":1},"opacity":1,"edgeAntialiasingMask":251658240,"height":768,"hidden":false,"anchorPoint":{"pointX":0.5,"pointY":0.5}},"layers":[{"animations":[],"layers":[],"initialState":{"affineTransform":[1,0,0,1,0,0],"masksToBounds":false,"rotation":0,"scale":1,"position":{"pointX":512,"pointY":384},"width":1024,"sublayerTransform":[1,0,0,0,0,1,0,0,0,0,1,0,0,0,0,1],"contentsRect":{"y":0,"x":0,"width":1,"height":1},"opacity":1,"edgeAntialiasingMask":0,"height":768,"hidden":false,"anchorPoint":{"pointX":0.5,"pointY":0.5}},"texture":"1A99249D3BA91E9FD015F543EF45CEDE"},{"animations":[{"timeOffset":0,"from":{"scalar":1},"beginTime":0,"repeatCount":0,"fillMode":"both","duration":0.949999988079071,"autoreverses":false,"timingFunction":"EaseInEaseOut","property":"opacity","to":{"scalar":0}}],"layers":[],"initialState":{"affineTransform":[1,0,0,1,0,0],"masksToBounds":false,"rotation":0,"scale":1,"position":{"pointX":512,"pointY":384},"width":1024,"sublayerTransform":[1,0,0,0,0,1,0,0,0,0,1,0,0,0,0,1],"contentsRect":{"y":0,"x":0,"width":1,"height":1},"opacity":1,"edgeAntialiasingMask":0,"height":768,"hidden":false,"anchorPoint":{"pointX":0.5,"pointY":0.5}},"texture":"17BCFBD4D7D24B3F58862F89CE480E12"}]}]},"effects":[],"duration":0.949999988079071,"type":"transition","attributes":{"direction":12},"name":"apple:pageflip","objectID":"0"}],"automaticPlay":false,"hyperlinks":[],"accessibility":[{"text":"pop","targetRectangle":{"y":383.0622863769531,"x":445.5385627746582,"width":36.005859375,"height":24}},{"text":"pasted-image.tif","targetRectangle":{"y":-319.1939392089844,"x":-285.0513916015625,"width":236,"height":101}},{"text":"push","targetRectangle":{"y":322.8269958496094,"x":439.5375862121582,"width":48.0078125,"height":24}},{"text":"An environment for the design of interactive augmented music scores","targetRectangle":{"y":107.1785278320312,"x":74.31984863281264,"width":853.0499999999997,"height":38}},{"text":"An infinite loop","targetRectangle":{"y":449.137815952301,"x":122.7946929931641,"width":246.636,"height":49}},{"text":"/ITL/scene/myObject watch event (push, task1,\t\t\t\t\t\t“\t\t\t\twatch event (task2,","targetRectangle":{"y":533.3802481591702,"x":134.0291900634766,"width":720,"height":58}},{"text":"\t\t\t\t“\t\t\t\twatch event (task3,","targetRectangle":{"y":591.3802481591702,"x":134.0291900634766,"width":561.64453125,"height":29}},{"text":"\t\t\t\t“\t\t\t\twatch event (task4, pop))))","targetRectangle":{"y":620.3802481591702,"x":134.0291900634766,"width":676.86328125,"height":29}},{"text":"pasted-image.pdf","targetRectangle":{"y":217.314697265625,"x":184.5209197998047,"width":691,"height":103.3706207275391}},{"text":"Interaction","targetRectangle":{"y":168.1910858154297,"x":77.40677642822266,"width":171.938,"height":46}},{"text":"INScore","targetRectangle":{"y":38,"x":73.57918548583984,"width":193.662,"height":72}}],"baseLayer":{"animations":[],"initialState":{"affineTransform":[1,0,0,1,0,0],"masksToBounds":false,"rotation":0,"scale":1,"position":{"pointX":512,"pointY":384},"width":1024,"sublayerTransform":[1,0,0,0,0,1,0,0,0,0,1,0,0,0,0,1],"contentsRect":{"y":0,"x":0,"width":1,"height":1},"opacity":1,"edgeAntialiasingMask":251658240,"height":768,"hidden":false,"anchorPoint":{"pointX":0.5,"pointY":0.5}},"objectID":"0","layers":[{"animations":[],"initialState":{"affineTransform":[1,0,0,1,0,0],"masksToBounds":false,"rotation":0,"scale":1,"position":{"pointX":512,"pointY":384},"width":1024,"sublayerTransform":[1,0,0,0,0,1,0,0,0,0,1,-0.0004922987690640373,0,0,0,1],"contentsRect":{"y":0,"x":0,"width":1,"height":1},"opacity":1,"edgeAntialiasingMask":251658240,"height":768,"hidden":false,"anchorPoint":{"pointX":0.5,"pointY":0.5}},"layers":[{"animations":[],"layers":[],"initialState":{"affineTransform":[1,0,0,1,0,0],"masksToBounds":false,"rotation":0,"scale":1,"position":{"pointX":512,"pointY":384},"width":1024,"sublayerTransform":[1,0,0,0,0,1,0,0,0,0,1,0,0,0,0,1],"contentsRect":{"y":0,"x":0,"width":1,"height":1},"opacity":1,"edgeAntialiasingMask":0,"height":768,"hidden":false,"anchorPoint":{"pointX":0.5,"pointY":0.5}},"texture":"17BCFBD4D7D24B3F58862F89CE480E12"}]}]}}]}