{"assets":{"2F5273E48820B549F9C0D4E271FD3C8D":{"type":"texture","index":20,"assetRequest":{"type":"slide","state":"contents","slide":"0FC4BDF9-3B7C-4E61-B003-1519DDD8B029"},"url":{"web":"assets/2F5273E48820B549F9C0D4E271FD3C8D.svg"},"width":857,"height":32},"91708C91BCA7A22E5B56092D0F32D227":{"type":"texture","index":25,"assetRequest":{"type":"slide","state":"contents","slide":"0FC4BDF9-3B7C-4E61-B003-1519DDD8B029"},"url":{"web":"assets/91708C91BCA7A22E5B56092D0F32D227.svg"},"width":162,"height":31},"C36AEFF3E731C89F2681DC93D3E3933B":{"type":"texture","index":29,"assetRequest":{"type":"slide","state":"contents","slide":"0FC4BDF9-3B7C-4E61-B003-1519DDD8B029"},"url":{"web":"assets/C36AEFF3E731C89F2681DC93D3E3933B.svg"},"width":99,"height":104},"DB8451458D98EFA7506DBEBC2B1323F0":{"type":"texture","index":17,"assetRequest":{"type":"slide","state":"contents","slide":"0FC4BDF9-3B7C-4E61-B003-1519DDD8B029"},"url":{"web":"assets/DB8451458D98EFA7506DBEBC2B1323F0.svg"},"width":1024,"height":768},"64908A8BB41CE87705161A8145275602":{"type":"texture","index":31,"assetRequest":{"type":"slide","state":"incoming","slide":"9D2451B1-16B6-4C55-83D0-569905BE9D43"},"url":{"web":"assets/64908A8BB41CE87705161A8145275602.svg"},"width":1024,"height":768},"8CFD7374AAE16E34771B7D7F463B2447":{"type":"texture","index":23,"assetRequest":{"type":"slide","state":"contents","slide":"0FC4BDF9-3B7C-4E61-B003-1519DDD8B029"},"url":{"web":"assets/8CFD7374AAE16E34771B7D7F463B2447.svg"},"width":160,"height":148},"68D1AEDDAB0E62BA5338F403185E056C":{"type":"texture","index":30,"assetRequest":{"type":"slide","state":"outgoing","slide":"0FC4BDF9-3B7C-4E61-B003-1519DDD8B029"},"url":{"web":"assets/68D1AEDDAB0E62BA5338F403185E056C.svg"},"width":1024,"height":768},"593E206575F248496DFDFB43E256EC77":{"type":"texture","index":21,"assetRequest":{"type":"slide","state":"contents","slide":"0FC4BDF9-3B7C-4E61-B003-1519DDD8B029"},"url":{"web":"assets/593E206575F248496DFDFB43E256EC77.svg"},"width":239,"height":104},"AF518B0E25E32FEFFD48B3A5DBC17F3B":{"type":"texture","index":27,"assetRequest":{"type":"slide","state":"contents","slide":"0FC4BDF9-3B7C-4E61-B003-1519DDD8B029"},"url":{"web":"assets/AF518B0E25E32FEFFD48B3A5DBC17F3B.svg"},"width":395,"height":174},"B716B078A1B6569CBA2969DB3EE8C4B1":{"type":"texture","index":19,"assetRequest":{"type":"slide","state":"contents","slide":"0FC4BDF9-3B7C-4E61-B003-1519DDD8B029"},"url":{"web":"assets/B716B078A1B6569CBA2969DB3EE8C4B1.svg"},"width":13,"height":17},"29CE6800CC1895EC539D5174162E8385":{"type":"texture","index":28,"assetRequest":{"type":"slide","state":"contents","slide":"0FC4BDF9-3B7C-4E61-B003-1519DDD8B029"},"url":{"web":"assets/29CE6800CC1895EC539D5174162E8385.svg"},"width":163,"height":100},"BE82B76FF1B1D1ADC580B33732C6377B":{"type":"texture","index":26,"assetRequest":{"type":"slide","state":"contents","slide":"0FC4BDF9-3B7C-4E61-B003-1519DDD8B029"},"url":{"web":"assets/BE82B76FF1B1D1ADC580B33732C6377B.svg"},"width":184,"height":41},"03B85C2FB44513088EDFE49D19F405C0":{"type":"texture","index":22,"assetRequest":{"type":"slide","state":"contents","slide":"0FC4BDF9-3B7C-4E61-B003-1519DDD8B029"},"url":{"web":"assets/03B85C2FB44513088EDFE49D19F405C0.svg"},"width":535,"height":207},"4C4C3BCE56C187D2ACE937B0106E37F3":{"type":"texture","index":24,"assetRequest":{"type":"slide","state":"contents","slide":"0FC4BDF9-3B7C-4E61-B003-1519DDD8B029"},"url":{"web":"assets/4C4C3BCE56C187D2ACE937B0106E37F3.svg"},"width":278,"height":41},"A195FFC70B722049AFF55E5FCD5FB274":{"type":"texture","index":18,"assetRequest":{"type":"slide","state":"contents","slide":"0FC4BDF9-3B7C-4E61-B003-1519DDD8B029"},"url":{"web":"assets/A195FFC70B722049AFF55E5FCD5FB274.svg"},"width":191,"height":42}},"events":[{"effects":[{"beginTime":0,"baseLayer":{"animations":[],"initialState":{"affineTransform":[1,0,0,1,0,0],"masksToBounds":false,"rotation":0,"scale":1,"position":{"pointX":163.6727742734365,"pointY":480.7118530273438},"width":170.5319956904277,"sublayerTransform":[1,0,0,0,0,1,0,0,0,0,1,0,0,0,0,1],"contentsRect":{"y":0,"x":0,"width":1,"height":1},"opacity":1,"edgeAntialiasingMask":251658240,"height":57.00000286102295,"hidden":false,"anchorPoint":{"pointX":0.5,"pointY":0.5}},"objectID":"18186115-3661-4684-8B0C-4E52A227E278","layers":[{"animations":[],"initialState":{"affineTransform":[1,0,0,1,0,0],"masksToBounds":false,"rotation":0,"scale":1,"position":{"pointX":433.5932235717773,"pointY":-68.21185159683228},"width":170.5319956904277,"sublayerTransform":[1,0,0,0,0,1,0,0,0,0,1,-0.0004922987690640373,0,0,0,1],"contentsRect":{"y":0,"x":0,"width":1,"height":1},"opacity":1,"edgeAntialiasingMask":251658240,"height":57.00000286102295,"hidden":false,"anchorPoint":{"pointX":2.54259162227183,"pointY":-1.196699090755241}},"layers":[{"animations":[{"timeOffset":0,"from":{"scalar":true},"beginTime":1e-100,"repeatCount":0,"fillMode":"both","property":"hidden","autoreverses":false,"duration":0.01,"to":{"scalar":false}}],"layers":[],"initialState":{"affineTransform":[1,0,0,1,0,0],"masksToBounds":false,"rotation":0,"scale":1,"position":{"pointX":86.59322357177734,"pointY":27.28814840316772},"width":162,"sublayerTransform":[1,0,0,0,0,1,0,0,0,0,1,0,0,0,0,1],"contentsRect":{"y":0,"x":0,"width":1,"height":1},"opacity":1,"edgeAntialiasingMask":0,"height":31,"hidden":true,"anchorPoint":{"pointX":0.5,"pointY":0.5}},"texture":"91708C91BCA7A22E5B56092D0F32D227"}]}]},"effects":[],"duration":0.01,"type":"buildIn","name":"apple:appear","objectID":"18186115-3661-4684-8B0C-4E52A227E278"},{"beginTime":0,"baseLayer":{"animations":[],"initialState":{"affineTransform":[1,0,0,1,0,0],"masksToBounds":false,"rotation":0,"scale":1,"position":{"pointX":616.5403671264648,"pointY":575.7381744384766},"width":161.7916717529297,"sublayerTransform":[1,0,0,0,0,1,0,0,0,0,1,0,0,0,0,1],"contentsRect":{"y":0,"x":0,"width":1,"height":1},"opacity":1,"edgeAntialiasingMask":251658240,"height":99.46939086914062,"hidden":false,"anchorPoint":{"pointX":0.5,"pointY":0.5}},"objectID":"2137A4E0-1006-46D5-9995-0FA0BE666474","layers":[{"animations":[],"initialState":{"affineTransform":[1,0,0,1,0,0],"masksToBounds":false,"rotation":0,"scale":1,"position":{"pointX":-23.64453125,"pointY":-142.0034790039062},"width":161.7916717529297,"sublayerTransform":[1,0,0,0,0,1,0,0,0,0,1,-0.0004922987690640373,0,0,0,1],"contentsRect":{"y":0,"x":0,"width":1,"height":1},"opacity":1,"edgeAntialiasingMask":251658240,"height":99.46939086914062,"hidden":false,"anchorPoint":{"pointX":-0.1461418316148393,"pointY":-1.427609818086876}},"layers":[{"animations":[{"timeOffset":0,"beginTime":1e-100,"repeatCount":0,"animations":[{"timeOffset":0,"from":{"scalar":0},"beginTime":0,"repeatCount":0,"fillMode":"both","duration":0.8,"autoreverses":false,"timingFunction":"EaseInEaseOut","property":"opacity","to":{"scalar":1}},{"timeOffset":0,"from":{"scalar":false},"beginTime":0,"repeatCount":0,"fillMode":"forwards","property":"hidden","autoreverses":false,"duration":0.8,"to":{"scalar":false}}],"fillMode":"both","autoreverses":false,"duration":0.8}],"layers":[],"initialState":{"affineTransform":[1,0,0,1,0,0],"masksToBounds":false,"rotation":0,"scale":1,"position":{"pointX":80.85546875,"pointY":49.99652099609375},"width":163,"sublayerTransform":[1,0,0,0,0,1,0,0,0,0,1,0,0,0,0,1],"contentsRect":{"y":0,"x":0,"width":1,"height":1},"opacity":1,"edgeAntialiasingMask":0,"height":100,"hidden":true,"anchorPoint":{"pointX":0.5,"pointY":0.5}},"texture":"29CE6800CC1895EC539D5174162E8385"}]}]},"effects":[],"duration":0.8,"type":"buildIn","attributes":{"direction":0},"name":"com.apple.iWork.Keynote.FromDarkness","objectID":"2137A4E0-1006-46D5-9995-0FA0BE666474"},{"beginTime":0,"baseLayer":{"animations":[],"initialState":{"affineTransform":[1,0,0,1,0,0],"masksToBounds":false,"rotation":0,"scale":1,"position":{"pointX":836.0806884765625,"pointY":602.0034866333008},"width":90,"sublayerTransform":[1,0,0,0,0,1,0,0,0,0,1,0,0,0,0,1],"contentsRect":{"y":0,"x":0,"width":1,"height":1},"opacity":1,"edgeAntialiasingMask":251658240,"height":94.19667053222656,"hidden":false,"anchorPoint":{"pointX":0.5,"pointY":0.5}},"objectID":"F187F01C-FEBB-4391-929D-BF47CFDB88CB","layers":[{"animations":[],"initialState":{"affineTransform":[1,0,0,1,0,0],"masksToBounds":false,"rotation":0,"scale":1,"position":{"pointX":-279.0806884765625,"pointY":-170.9051513671875},"width":90,"sublayerTransform":[1,0,0,0,0,1,0,0,0,0,1,-0.0004922987690640373,0,0,0,1],"contentsRect":{"y":0,"x":0,"width":1,"height":1},"opacity":1,"edgeAntialiasingMask":251658240,"height":94.19667053222656,"hidden":false,"anchorPoint":{"pointX":-3.100896538628472,"pointY":-1.814343865887674}},"layers":[{"animations":[{"timeOffset":0,"beginTime":1e-100,"repeatCount":0,"animations":[{"timeOffset":0,"from":{"scalar":0},"beginTime":0,"repeatCount":0,"fillMode":"both","duration":0.8,"autoreverses":false,"timingFunction":"EaseInEaseOut","property":"opacity","to":{"scalar":1}},{"timeOffset":0,"from":{"scalar":false},"beginTime":0,"repeatCount":0,"fillMode":"forwards","property":"hidden","autoreverses":false,"duration":0.8,"to":{"scalar":false}}],"fillMode":"both","autoreverses":false,"duration":0.8}],"layers":[],"initialState":{"affineTransform":[1,0,0,1,0,0],"masksToBounds":false,"rotation":0,"scale":1,"position":{"pointX":45.4193115234375,"pointY":49.0948486328125},"width":99,"sublayerTransform":[1,0,0,0,0,1,0,0,0,0,1,0,0,0,0,1],"contentsRect":{"y":0,"x":0,"width":1,"height":1},"opacity":1,"edgeAntialiasingMask":0,"height":104,"hidden":true,"anchorPoint":{"pointX":0.5,"pointY":0.5}},"texture":"C36AEFF3E731C89F2681DC93D3E3933B"}]}]},"effects":[],"duration":0.8,"type":"buildIn","attributes":{"direction":0},"name":"com.apple.iWork.Keynote.FromDarkness","objectID":"F187F01C-FEBB-4391-929D-BF47CFDB88CB"},{"beginTime":0,"baseLayer":{"animations":[],"initialState":{"affineTransform":[1,0,0,1,0,0],"masksToBounds":false,"rotation":0,"scale":1,"position":{"pointX":255.733039855957,"pointY":588.0802612304688},"width":420.8220138549805,"sublayerTransform":[1,0,0,0,0,1,0,0,0,0,1,0,0,0,0,1],"contentsRect":{"y":0,"x":0,"width":1,"height":1},"opacity":1,"edgeAntialiasingMask":251658240,"height":172.9999923706055,"hidden":false,"anchorPoint":{"pointX":0.5,"pointY":0.5}},"objectID":"7A897E34-C1C2-48F3-A26A-FA4ABEDED76C","layers":[{"animations":[],"initialState":{"affineTransform":[1,0,0,1,0,0],"masksToBounds":false,"rotation":0,"scale":1,"position":{"pointX":466.6779670715332,"pointY":-117.580265045166},"width":420.8220138549805,"sublayerTransform":[1,0,0,0,0,1,0,0,0,0,1,-0.0004922987690640373,0,0,0,1],"contentsRect":{"y":0,"x":0,"width":1,"height":1},"opacity":1,"edgeAntialiasingMask":251658240,"height":172.9999923706055,"hidden":false,"anchorPoint":{"pointX":1.108967572291394,"pointY":-0.6796547412168796}},"layers":[{"animations":[{"timeOffset":0,"beginTime":1e-100,"repeatCount":0,"animations":[{"timeOffset":0,"from":{"scalar":0},"beginTime":0,"repeatCount":0,"fillMode":"both","duration":0.8,"autoreverses":false,"timingFunction":"EaseInEaseOut","property":"opacity","to":{"scalar":1}},{"timeOffset":0,"from":{"scalar":false},"beginTime":0,"repeatCount":0,"fillMode":"forwards","property":"hidden","autoreverses":false,"duration":0.8,"to":{"scalar":false}}],"fillMode":"both","autoreverses":false,"duration":0.8}],"layers":[],"initialState":{"affineTransform":[1,0,0,1,0,0],"masksToBounds":false,"rotation":0,"scale":1,"position":{"pointX":201.1779670715332,"pointY":86.41973495483398},"width":395,"sublayerTransform":[1,0,0,0,0,1,0,0,0,0,1,0,0,0,0,1],"contentsRect":{"y":0,"x":0,"width":1,"height":1},"opacity":1,"edgeAntialiasingMask":0,"height":174,"hidden":true,"anchorPoint":{"pointX":0.5,"pointY":0.5}},"texture":"AF518B0E25E32FEFFD48B3A5DBC17F3B"}]}]},"effects":[],"duration":0.8,"type":"buildIn","attributes":{"direction":0},"name":"com.apple.iWork.Keynote.FromDarkness","objectID":"7A897E34-C1C2-48F3-A26A-FA4ABEDED76C"},{"beginTime":0,"baseLayer":{"animations":[],"initialState":{"affineTransform":[1,0,0,1,0,0],"masksToBounds":false,"rotation":0,"scale":1,"position":{"pointX":616.5403442382812,"pointY":658.0034790039062},"width":183,"sublayerTransform":[1,0,0,0,0,1,0,0,0,0,1,0,0,0,0,1],"contentsRect":{"y":0,"x":0,"width":1,"height":1},"opacity":1,"edgeAntialiasingMask":251658240,"height":40,"hidden":false,"anchorPoint":{"pointX":0.5,"pointY":0.5}},"objectID":"F4218EE0-9493-478B-BE03-1D9DDF3FA901","layers":[{"animations":[],"initialState":{"affineTransform":[1,0,0,1,0,0],"masksToBounds":false,"rotation":0,"scale":1,"position":{"pointX":-13.04034423828125,"pointY":-254.0034790039062},"width":183,"sublayerTransform":[1,0,0,0,0,1,0,0,0,0,1,-0.0004922987690640373,0,0,0,1],"contentsRect":{"y":0,"x":0,"width":1,"height":1},"opacity":1,"edgeAntialiasingMask":251658240,"height":40,"hidden":false,"anchorPoint":{"pointX":-0.07125871168459699,"pointY":-6.350086975097656}},"layers":[{"animations":[{"timeOffset":0,"beginTime":1e-100,"repeatCount":0,"animations":[{"timeOffset":0,"from":{"scalar":0},"beginTime":0,"repeatCount":0,"fillMode":"both","duration":0.8,"autoreverses":false,"timingFunction":"EaseInEaseOut","property":"opacity","to":{"scalar":1}},{"timeOffset":0,"from":{"scalar":false},"beginTime":0,"repeatCount":0,"fillMode":"forwards","property":"hidden","autoreverses":false,"duration":0.8,"to":{"scalar":false}}],"fillMode":"both","autoreverses":false,"duration":0.8}],"layers":[],"initialState":{"affineTransform":[1,0,0,1,0,0],"masksToBounds":false,"rotation":0,"scale":1,"position":{"pointX":91.95965576171875,"pointY":20.49652099609375},"width":184,"sublayerTransform":[1,0,0,0,0,1,0,0,0,0,1,0,0,0,0,1],"contentsRect":{"y":0,"x":0,"width":1,"height":1},"opacity":1,"edgeAntialiasingMask":0,"height":41,"hidden":true,"anchorPoint":{"pointX":0.5,"pointY":0.5}},"texture":"BE82B76FF1B1D1ADC580B33732C6377B"}]}]},"effects":[],"duration":0.8,"type":"buildIn","attributes":{"direction":0},"name":"com.apple.iWork.Keynote.FromDarkness","objectID":"F4218EE0-9493-478B-BE03-1D9DDF3FA901"}],"automaticPlay":false,"hyperlinks":[],"accessibility":[{"text":"opensource.png","targetRectangle":{"y":573.675666809082,"x":791.0806884765625,"width":90,"height":75.42613983154297}},{"text":"max.png","targetRectangle":{"y":638.0034790039062,"x":525.0403442382812,"width":40,"height":40}},{"text":"INScore","targetRectangle":{"y":38,"x":73.57918548583984,"width":193.662,"height":72}},{"text":"pd.png","targetRectangle":{"y":638.0034790039062,"x":571.0403442382812,"width":40,"height":40}},{"text":"lispworks.png","targetRectangle":{"y":638.0034790039062,"x":668.0403442382812,"width":40,"height":40}},{"text":"ITLViewer.png","targetRectangle":{"y":272,"x":744.47900390625,"width":157.0420227050781,"height":146}},{"text":"INScore supports","targetRectangle":{"y":184.8775315284729,"x":77.40677642822266,"width":277.488,"height":49}},{"text":"An environment for the design of interactive augmented music scores","targetRectangle":{"y":107.1785278320312,"x":74.31984863281264,"width":853.0499999999997,"height":38}},{"text":"pasted-image.tif","targetRectangle":{"y":-319.1939392089844,"x":-285.0513916015625,"width":236,"height":101}},{"text":"Symbolic music notation [ GMN, MusicXML]","targetRectangle":{"y":238.3775358200073,"x":77.40677928924561,"width":469.9440000000002,"height":33}},{"text":"Textual elements","targetRectangle":{"y":271.3775358200073,"x":77.40677928924561,"width":180,"height":33}},{"text":"Bitmaps [jpg, gif, tiff, png,...]","targetRectangle":{"y":304.3775358200073,"x":77.40677928924561,"width":305.3040000000001,"height":33}},{"text":"Vectorial graphics (rectangles, ellipses, SVG,...)","targetRectangle":{"y":337.3775358200073,"x":77.40677928924561,"width":498.2160000000001,"height":33}},{"text":"Video files","targetRectangle":{"y":370.3775358200073,"x":77.40677928924561,"width":111.672,"height":33}},{"text":"Sound and gesture graphic representations","targetRectangle":{"y":403.3775358200073,"x":77.40677928924561,"width":462.2159999999999,"height":33}},{"text":"python.png","targetRectangle":{"y":652.0034790039062,"x":619.0403442382812,"width":40,"height":17.9310359954834}},{"text":"macosx.png","targetRectangle":{"y":526.0034790039062,"x":567.73828125,"width":40,"height":48.97959136962891}},{"text":"Linux.png","targetRectangle":{"y":575.4932746887207,"x":535.64453125,"width":40,"height":47.06587219238281}},{"text":"windows.tiff","targetRectangle":{"y":530.4932746887207,"x":630.5403671264648,"width":40,"height":40}},{"text":"pasted-image.png","targetRectangle":{"y":575.9662857055664,"x":647.4361953735352,"width":50,"height":49.01315689086914}},{"text":"pasted-image.png","targetRectangle":{"y":575.4728660583496,"x":590.2486991882324,"width":42.58333206176758,"height":50}},{"text":"￼","targetRectangle":{"y":721.5918579101562,"x":35.27275237441063,"width":10.008,"height":25}}],"baseLayer":{"animations":[],"initialState":{"affineTransform":[1,0,0,1,0,0],"masksToBounds":false,"rotation":0,"scale":1,"position":{"pointX":512,"pointY":384},"width":1024,"sublayerTransform":[1,0,0,0,0,1,0,0,0,0,1,0,0,0,0,1],"contentsRect":{"y":0,"x":0,"width":1,"height":1},"opacity":1,"edgeAntialiasingMask":251658240,"height":768,"hidden":false,"anchorPoint":{"pointX":0.5,"pointY":0.5}},"layers":[{"animations":[],"initialState":{"affineTransform":[1,0,0,1,0,0],"masksToBounds":false,"rotation":0,"scale":1,"position":{"pointX":512,"pointY":384},"width":1024,"sublayerTransform":[1,0,0,0,0,1,0,0,0,0,1,0,0,0,0,1],"contentsRect":{"y":0,"x":0,"width":1,"height":1},"opacity":1,"edgeAntialiasingMask":251658240,"height":768,"hidden":false,"anchorPoint":{"pointX":0.5,"pointY":0.5}},"layers":[{"animations":[],"initialState":{"affineTransform":[1,0,0,1,0,0],"masksToBounds":false,"rotation":0,"scale":1,"position":{"pointX":512,"pointY":384},"width":1024,"sublayerTransform":[1,0,0,0,0,1,0,0,0,0,1,0,0,0,0,1],"contentsRect":{"y":0,"x":0,"width":1,"height":1},"opacity":1,"edgeAntialiasingMask":251658240,"height":768,"hidden":false,"anchorPoint":{"pointX":0.5,"pointY":0.5}},"layers":[{"animations":[],"layers":[],"initialState":{"affineTransform":[1,0,0,1,0,0],"masksToBounds":false,"rotation":0,"scale":1,"position":{"pointX":512,"pointY":384},"width":1024,"sublayerTransform":[1,0,0,0,0,1,0,0,0,0,1,0,0,0,0,1],"contentsRect":{"y":0,"x":0,"width":1,"height":1},"opacity":1,"edgeAntialiasingMask":0,"height":768,"hidden":false,"anchorPoint":{"pointX":0.5,"pointY":0.5}},"texture":"DB8451458D98EFA7506DBEBC2B1323F0"}]}]},{"animations":[],"initialState":{"affineTransform":[1,0,0,1,0,0],"masksToBounds":false,"rotation":0,"scale":1,"position":{"pointX":512,"pointY":384},"width":1024,"sublayerTransform":[1,0,0,0,0,1,0,0,0,0,1,0,0,0,0,1],"contentsRect":{"y":0,"x":0,"width":1,"height":1},"opacity":1,"edgeAntialiasingMask":251658240,"height":768,"hidden":false,"anchorPoint":{"pointX":0.5,"pointY":0.5}},"layers":[{"animations":[],"initialState":{"affineTransform":[1,0,0,1,0,0],"masksToBounds":false,"rotation":0,"scale":1,"position":{"pointX":511.9999976158142,"pointY":69.49999928474426},"width":884.8416242599487,"sublayerTransform":[1,0,0,0,0,1,0,0,0,0,1,0,0,0,0,1],"contentsRect":{"y":0,"x":0,"width":1,"height":1},"opacity":1,"edgeAntialiasingMask":251658240,"height":88.99999856948853,"hidden":false,"anchorPoint":{"pointX":0.5,"pointY":0.5}},"objectID":"E770A673-D4E5-459A-8D3A-58AC50BC6199","layers":[{"animations":[],"layers":[],"initialState":{"affineTransform":[1,0,0,1,0,0],"masksToBounds":false,"rotation":0,"scale":1,"position":{"pointX":101.9208145141602,"pointY":47},"width":191,"sublayerTransform":[1,0,0,0,0,1,0,0,0,0,1,0,0,0,0,1],"contentsRect":{"y":0,"x":0,"width":1,"height":1},"opacity":1,"edgeAntialiasingMask":0,"height":42,"hidden":false,"anchorPoint":{"pointX":0.5,"pointY":0.5}},"texture":"A195FFC70B722049AFF55E5FCD5FB274"}]}]},{"animations":[],"initialState":{"affineTransform":[1,0,0,1,0,0],"masksToBounds":false,"rotation":0,"scale":1,"position":{"pointX":512,"pointY":384},"width":1024,"sublayerTransform":[1,0,0,0,0,1,0,0,0,0,1,0,0,0,0,1],"contentsRect":{"y":0,"x":0,"width":1,"height":1},"opacity":1,"edgeAntialiasingMask":251658240,"height":768,"hidden":false,"anchorPoint":{"pointX":0.5,"pointY":0.5}},"layers":[{"animations":[],"initialState":{"affineTransform":[1,0,0,1,0,0],"masksToBounds":false,"rotation":0,"scale":1,"position":{"pointX":40.27675247192383,"pointY":734.0918585658073},"width":19.0080001950264,"sublayerTransform":[1,0,0,0,0,1,0,0,0,0,1,0,0,0,0,1],"contentsRect":{"y":0,"x":0,"width":1,"height":1},"opacity":1,"edgeAntialiasingMask":251658240,"height":33.00000131130219,"hidden":false,"anchorPoint":{"pointX":0.5,"pointY":0.5}},"objectID":"6F59A47C-408A-4EAF-85EA-2B9E6EDDECCE","layers":[{"animations":[],"layers":[],"initialState":{"affineTransform":[1,0,0,1,0,0],"masksToBounds":false,"rotation":0,"scale":1,"position":{"pointX":8.727247625589371,"pointY":15.90814208984375},"width":13,"sublayerTransform":[1,0,0,0,0,1,0,0,0,0,1,0,0,0,0,1],"contentsRect":{"y":0,"x":0,"width":1,"height":1},"opacity":1,"edgeAntialiasingMask":0,"height":17,"hidden":false,"anchorPoint":{"pointX":0.5,"pointY":0.5}},"texture":"B716B078A1B6569CBA2969DB3EE8C4B1"}]}]},{"animations":[],"initialState":{"affineTransform":[1,0,0,1,0,0],"masksToBounds":false,"rotation":0,"scale":1,"position":{"pointX":512,"pointY":384},"width":1024,"sublayerTransform":[1,0,0,0,0,1,0,0,0,0,1,0,0,0,0,1],"contentsRect":{"y":0,"x":0,"width":1,"height":1},"opacity":1,"edgeAntialiasingMask":251658240,"height":768,"hidden":false,"anchorPoint":{"pointX":0.5,"pointY":0.5}},"layers":[{"animations":[],"initialState":{"affineTransform":[1,0,0,1,0,0],"masksToBounds":false,"rotation":0,"scale":1,"position":{"pointX":500.844831943512,"pointY":126.2444611787796},"width":862.9231233596802,"sublayerTransform":[1,0,0,0,0,1,0,0,0,0,1,0,0,0,0,1],"contentsRect":{"y":0,"x":0,"width":1,"height":1},"opacity":1,"edgeAntialiasingMask":251658240,"height":46.1318666934967,"hidden":false,"anchorPoint":{"pointX":0.5,"pointY":0.5}},"objectID":"B2126E12-3417-41DE-92A6-B7B1AA803F4A","layers":[{"animations":[],"layers":[],"initialState":{"affineTransform":[1,0,0,1,0,0],"masksToBounds":false,"rotation":0,"scale":1,"position":{"pointX":431.1167297363281,"pointY":24.82147216796875},"width":857,"sublayerTransform":[1,0,0,0,0,1,0,0,0,0,1,0,0,0,0,1],"contentsRect":{"y":0,"x":0,"width":1,"height":1},"opacity":1,"edgeAntialiasingMask":0,"height":32,"hidden":false,"anchorPoint":{"pointX":0.5,"pointY":0.5}},"texture":"2F5273E48820B549F9C0D4E271FD3C8D"}]}]},{"animations":[],"initialState":{"affineTransform":[1,0,0,1,0,0],"masksToBounds":false,"rotation":0,"scale":1,"position":{"pointX":512,"pointY":384},"width":1024,"sublayerTransform":[1,0,0,0,0,1,0,0,0,0,1,0,0,0,0,1],"contentsRect":{"y":0,"x":0,"width":1,"height":1},"opacity":1,"edgeAntialiasingMask":251658240,"height":768,"hidden":false,"anchorPoint":{"pointX":0.5,"pointY":0.5}},"layers":[{"animations":[],"initialState":{"affineTransform":[1,0,0,1,0,0],"masksToBounds":false,"rotation":0,"scale":1,"position":{"pointX":-167.0513916015625,"pointY":-268.6939392089844},"width":236,"sublayerTransform":[1,0,0,0,0,1,0,0,0,0,1,0,0,0,0,1],"contentsRect":{"y":0,"x":0,"width":1,"height":1},"opacity":1,"edgeAntialiasingMask":251658240,"height":101,"hidden":false,"anchorPoint":{"pointX":0.5,"pointY":0.5}},"objectID":"7AF42063-0B22-47A8-8DDD-F20FAF5DADD2","layers":[{"animations":[],"layers":[],"initialState":{"affineTransform":[1,0,0,1,0,0],"masksToBounds":false,"rotation":0,"scale":1,"position":{"pointX":117.5513916015625,"pointY":50.19393920898438},"width":239,"sublayerTransform":[1,0,0,0,0,1,0,0,0,0,1,0,0,0,0,1],"contentsRect":{"y":0,"x":0,"width":1,"height":1},"opacity":1,"edgeAntialiasingMask":0,"height":104,"hidden":false,"anchorPoint":{"pointX":0.5,"pointY":0.5}},"texture":"593E206575F248496DFDFB43E256EC77"}]}]},{"animations":[],"initialState":{"affineTransform":[1,0,0,1,0,0],"masksToBounds":false,"rotation":0,"scale":1,"position":{"pointX":512,"pointY":384},"width":1024,"sublayerTransform":[1,0,0,0,0,1,0,0,0,0,1,0,0,0,0,1],"contentsRect":{"y":0,"x":0,"width":1,"height":1},"opacity":1,"edgeAntialiasingMask":251658240,"height":768,"hidden":false,"anchorPoint":{"pointX":0.5,"pointY":0.5}},"layers":[{"animations":[],"initialState":{"affineTransform":[1,0,0,1,0,0],"masksToBounds":false,"rotation":0,"scale":1,"position":{"pointX":385.9067802429199,"pointY":337.3775329589844},"width":693,"sublayerTransform":[1,0,0,0,0,1,0,0,0,0,1,0,0,0,0,1],"contentsRect":{"y":0,"x":0,"width":1,"height":1},"opacity":1,"edgeAntialiasingMask":251658240,"height":205.9999942779541,"hidden":false,"anchorPoint":{"pointX":0.5,"pointY":0.5}},"objectID":"BC6DDABB-1D39-4EC9-A090-CDF5DB3C9DD9","layers":[{"animations":[],"layers":[],"initialState":{"affineTransform":[1,0,0,1,0,0],"masksToBounds":false,"rotation":0,"scale":1,"position":{"pointX":271.0932197570801,"pointY":103.1224641799927},"width":535,"sublayerTransform":[1,0,0,0,0,1,0,0,0,0,1,0,0,0,0,1],"contentsRect":{"y":0,"x":0,"width":1,"height":1},"opacity":1,"edgeAntialiasingMask":0,"height":207,"hidden":false,"anchorPoint":{"pointX":0.5,"pointY":0.5}},"texture":"03B85C2FB44513088EDFE49D19F405C0"}]}]},{"animations":[],"initialState":{"affineTransform":[1,0,0,1,0,0],"masksToBounds":false,"rotation":0,"scale":1,"position":{"pointX":512,"pointY":384},"width":1024,"sublayerTransform":[1,0,0,0,0,1,0,0,0,0,1,0,0,0,0,1],"contentsRect":{"y":0,"x":0,"width":1,"height":1},"opacity":1,"edgeAntialiasingMask":251658240,"height":768,"hidden":false,"anchorPoint":{"pointX":0.5,"pointY":0.5}},"layers":[{"animations":[],"initialState":{"affineTransform":[1,0,0,1,0,0],"masksToBounds":false,"rotation":0,"scale":1,"position":{"pointX":823.0000152587891,"pointY":345},"width":157.0420227050781,"sublayerTransform":[1,0,0,0,0,1,0,0,0,0,1,0,0,0,0,1],"contentsRect":{"y":0,"x":0,"width":1,"height":1},"opacity":1,"edgeAntialiasingMask":251658240,"height":146,"hidden":false,"anchorPoint":{"pointX":0.5,"pointY":0.5}},"objectID":"D5DE73CF-C4ED-4B67-B28E-132DA9D4F7DD","layers":[{"animations":[],"layers":[],"initialState":{"affineTransform":[1,0,0,1,0,0],"masksToBounds":false,"rotation":0,"scale":1,"position":{"pointX":78.52099609375,"pointY":73},"width":160,"sublayerTransform":[1,0,0,0,0,1,0,0,0,0,1,0,0,0,0,1],"contentsRect":{"y":0,"x":0,"width":1,"height":1},"opacity":1,"edgeAntialiasingMask":0,"height":148,"hidden":false,"anchorPoint":{"pointX":0.5,"pointY":0.5}},"texture":"8CFD7374AAE16E34771B7D7F463B2447"}]}]},{"animations":[],"initialState":{"affineTransform":[1,0,0,1,0,0],"masksToBounds":false,"rotation":0,"scale":1,"position":{"pointX":512,"pointY":384},"width":1024,"sublayerTransform":[1,0,0,0,0,1,0,0,0,0,1,0,0,0,0,1],"contentsRect":{"y":0,"x":0,"width":1,"height":1},"opacity":1,"edgeAntialiasingMask":251658240,"height":768,"hidden":false,"anchorPoint":{"pointX":0.5,"pointY":0.5}},"layers":[{"animations":[],"initialState":{"affineTransform":[1,0,0,1,0,0],"masksToBounds":false,"rotation":0,"scale":1,"position":{"pointX":216.6684951782227,"pointY":209.3775329589844},"width":286.5234375,"sublayerTransform":[1,0,0,0,0,1,0,0,0,0,1,0,0,0,0,1],"contentsRect":{"y":0,"x":0,"width":1,"height":1},"opacity":1,"edgeAntialiasingMask":251658240,"height":57.00000286102295,"hidden":false,"anchorPoint":{"pointX":0.5,"pointY":0.5}},"objectID":"820A29C1-CBC7-47AF-9DC5-37EEFB3F2B35","layers":[{"animations":[],"layers":[],"initialState":{"affineTransform":[1,0,0,1,0,0],"masksToBounds":false,"rotation":0,"scale":1,"position":{"pointX":144.5932235717773,"pointY":31.6224684715271},"width":278,"sublayerTransform":[1,0,0,0,0,1,0,0,0,0,1,0,0,0,0,1],"contentsRect":{"y":0,"x":0,"width":1,"height":1},"opacity":1,"edgeAntialiasingMask":0,"height":41,"hidden":false,"anchorPoint":{"pointX":0.5,"pointY":0.5}},"texture":"4C4C3BCE56C187D2ACE937B0106E37F3"}]}]},{"animations":[],"initialState":{"affineTransform":[1,0,0,1,0,0],"masksToBounds":false,"rotation":0,"scale":1,"position":{"pointX":512,"pointY":384},"width":1024,"sublayerTransform":[1,0,0,0,0,1,0,0,0,0,1,0,0,0,0,1],"contentsRect":{"y":0,"x":0,"width":1,"height":1},"opacity":1,"edgeAntialiasingMask":251658240,"height":768,"hidden":false,"anchorPoint":{"pointX":0.5,"pointY":0.5}},"layers":[{"animations":[],"initialState":{"affineTransform":[1,0,0,1,0,0],"masksToBounds":false,"rotation":0,"scale":1,"position":{"pointX":163.6727742734365,"pointY":480.7118530273438},"width":170.5319956904277,"sublayerTransform":[1,0,0,0,0,1,0,0,0,0,1,0,0,0,0,1],"contentsRect":{"y":0,"x":0,"width":1,"height":1},"opacity":1,"edgeAntialiasingMask":251658240,"height":57.00000286102295,"hidden":false,"anchorPoint":{"pointX":0.5,"pointY":0.5}},"objectID":"18186115-3661-4684-8B0C-4E52A227E278","layers":[{"animations":[],"layers":[],"initialState":{"affineTransform":[1,0,0,1,0,0],"masksToBounds":false,"rotation":0,"scale":1,"position":{"pointX":86.59322357177734,"pointY":27.28814840316772},"width":162,"sublayerTransform":[1,0,0,0,0,1,0,0,0,0,1,0,0,0,0,1],"contentsRect":{"y":0,"x":0,"width":1,"height":1},"opacity":1,"edgeAntialiasingMask":0,"height":31,"hidden":true,"anchorPoint":{"pointX":0.5,"pointY":0.5}},"texture":"91708C91BCA7A22E5B56092D0F32D227"}]}]},{"animations":[],"initialState":{"affineTransform":[1,0,0,1,0,0],"masksToBounds":false,"rotation":0,"scale":1,"position":{"pointX":512,"pointY":384},"width":1024,"sublayerTransform":[1,0,0,0,0,1,0,0,0,0,1,0,0,0,0,1],"contentsRect":{"y":0,"x":0,"width":1,"height":1},"opacity":1,"edgeAntialiasingMask":251658240,"height":768,"hidden":false,"anchorPoint":{"pointX":0.5,"pointY":0.5}},"layers":[{"animations":[],"initialState":{"affineTransform":[1,0,0,1,0,0],"masksToBounds":false,"rotation":0,"scale":1,"position":{"pointX":616.5403442382812,"pointY":658.0034790039062},"width":183,"sublayerTransform":[1,0,0,0,0,1,0,0,0,0,1,0,0,0,0,1],"contentsRect":{"y":0,"x":0,"width":1,"height":1},"opacity":1,"edgeAntialiasingMask":251658240,"height":40,"hidden":false,"anchorPoint":{"pointX":0.5,"pointY":0.5}},"objectID":"F4218EE0-9493-478B-BE03-1D9DDF3FA901","layers":[{"animations":[],"layers":[],"initialState":{"affineTransform":[1,0,0,1,0,0],"masksToBounds":false,"rotation":0,"scale":1,"position":{"pointX":91.95965576171875,"pointY":20.49652099609375},"width":184,"sublayerTransform":[1,0,0,0,0,1,0,0,0,0,1,0,0,0,0,1],"contentsRect":{"y":0,"x":0,"width":1,"height":1},"opacity":1,"edgeAntialiasingMask":0,"height":41,"hidden":true,"anchorPoint":{"pointX":0.5,"pointY":0.5}},"texture":"BE82B76FF1B1D1ADC580B33732C6377B"}]}]},{"animations":[],"initialState":{"affineTransform":[1,0,0,1,0,0],"masksToBounds":false,"rotation":0,"scale":1,"position":{"pointX":512,"pointY":384},"width":1024,"sublayerTransform":[1,0,0,0,0,1,0,0,0,0,1,0,0,0,0,1],"contentsRect":{"y":0,"x":0,"width":1,"height":1},"opacity":1,"edgeAntialiasingMask":251658240,"height":768,"hidden":false,"anchorPoint":{"pointX":0.5,"pointY":0.5}},"layers":[{"animations":[],"initialState":{"affineTransform":[1,0,0,1,0,0],"masksToBounds":false,"rotation":0,"scale":1,"position":{"pointX":255.733039855957,"pointY":588.0802612304688},"width":420.8220138549805,"sublayerTransform":[1,0,0,0,0,1,0,0,0,0,1,0,0,0,0,1],"contentsRect":{"y":0,"x":0,"width":1,"height":1},"opacity":1,"edgeAntialiasingMask":251658240,"height":172.9999923706055,"hidden":false,"anchorPoint":{"pointX":0.5,"pointY":0.5}},"objectID":"7A897E34-C1C2-48F3-A26A-FA4ABEDED76C","layers":[{"animations":[],"layers":[],"initialState":{"affineTransform":[1,0,0,1,0,0],"masksToBounds":false,"rotation":0,"scale":1,"position":{"pointX":201.1779670715332,"pointY":86.41973495483398},"width":395,"sublayerTransform":[1,0,0,0,0,1,0,0,0,0,1,0,0,0,0,1],"contentsRect":{"y":0,"x":0,"width":1,"height":1},"opacity":1,"edgeAntialiasingMask":0,"height":174,"hidden":true,"anchorPoint":{"pointX":0.5,"pointY":0.5}},"texture":"AF518B0E25E32FEFFD48B3A5DBC17F3B"}]}]},{"animations":[],"initialState":{"affineTransform":[1,0,0,1,0,0],"masksToBounds":false,"rotation":0,"scale":1,"position":{"pointX":512,"pointY":384},"width":1024,"sublayerTransform":[1,0,0,0,0,1,0,0,0,0,1,0,0,0,0,1],"contentsRect":{"y":0,"x":0,"width":1,"height":1},"opacity":1,"edgeAntialiasingMask":251658240,"height":768,"hidden":false,"anchorPoint":{"pointX":0.5,"pointY":0.5}},"layers":[{"animations":[],"initialState":{"affineTransform":[1,0,0,1,0,0],"masksToBounds":false,"rotation":0,"scale":1,"position":{"pointX":616.5403671264648,"pointY":575.7381744384766},"width":161.7916717529297,"sublayerTransform":[1,0,0,0,0,1,0,0,0,0,1,0,0,0,0,1],"contentsRect":{"y":0,"x":0,"width":1,"height":1},"opacity":1,"edgeAntialiasingMask":251658240,"height":99.46939086914062,"hidden":false,"anchorPoint":{"pointX":0.5,"pointY":0.5}},"objectID":"2137A4E0-1006-46D5-9995-0FA0BE666474","layers":[{"animations":[],"layers":[],"initialState":{"affineTransform":[1,0,0,1,0,0],"masksToBounds":false,"rotation":0,"scale":1,"position":{"pointX":80.85546875,"pointY":49.99652099609375},"width":163,"sublayerTransform":[1,0,0,0,0,1,0,0,0,0,1,0,0,0,0,1],"contentsRect":{"y":0,"x":0,"width":1,"height":1},"opacity":1,"edgeAntialiasingMask":0,"height":100,"hidden":true,"anchorPoint":{"pointX":0.5,"pointY":0.5}},"texture":"29CE6800CC1895EC539D5174162E8385"}]}]},{"animations":[],"initialState":{"affineTransform":[1,0,0,1,0,0],"masksToBounds":false,"rotation":0,"scale":1,"position":{"pointX":512,"pointY":384},"width":1024,"sublayerTransform":[1,0,0,0,0,1,0,0,0,0,1,0,0,0,0,1],"contentsRect":{"y":0,"x":0,"width":1,"height":1},"opacity":1,"edgeAntialiasingMask":251658240,"height":768,"hidden":false,"anchorPoint":{"pointX":0.5,"pointY":0.5}},"layers":[{"animations":[],"initialState":{"affineTransform":[1,0,0,1,0,0],"masksToBounds":false,"rotation":0,"scale":1,"position":{"pointX":836.0806884765625,"pointY":602.0034866333008},"width":90,"sublayerTransform":[1,0,0,0,0,1,0,0,0,0,1,0,0,0,0,1],"contentsRect":{"y":0,"x":0,"width":1,"height":1},"opacity":1,"edgeAntialiasingMask":251658240,"height":94.19667053222656,"hidden":false,"anchorPoint":{"pointX":0.5,"pointY":0.5}},"objectID":"F187F01C-FEBB-4391-929D-BF47CFDB88CB","layers":[{"animations":[],"layers":[],"initialState":{"affineTransform":[1,0,0,1,0,0],"masksToBounds":false,"rotation":0,"scale":1,"position":{"pointX":45.4193115234375,"pointY":49.0948486328125},"width":99,"sublayerTransform":[1,0,0,0,0,1,0,0,0,0,1,0,0,0,0,1],"contentsRect":{"y":0,"x":0,"width":1,"height":1},"opacity":1,"edgeAntialiasingMask":0,"height":104,"hidden":true,"anchorPoint":{"pointX":0.5,"pointY":0.5}},"texture":"C36AEFF3E731C89F2681DC93D3E3933B"}]}]}]}},{"effects":[{"beginTime":0,"baseLayer":{"animations":[],"initialState":{"affineTransform":[1,0,0,1,0,0],"masksToBounds":false,"rotation":0,"scale":1,"position":{"pointX":512,"pointY":384},"width":1024,"sublayerTransform":[1,0,0,0,0,1,0,0,0,0,1,0,0,0,0,1],"contentsRect":{"y":0,"x":0,"width":1,"height":1},"opacity":1,"edgeAntialiasingMask":251658240,"height":768,"hidden":false,"anchorPoint":{"pointX":0.5,"pointY":0.5}},"objectID":"0","layers":[{"animations":[],"initialState":{"affineTransform":[1,0,0,1,0,0],"masksToBounds":false,"rotation":0,"scale":1,"position":{"pointX":512,"pointY":384},"width":1024,"sublayerTransform":[1,0,0,0,0,1,0,0,0,0,1,-0.0004922987690640373,0,0,0,1],"contentsRect":{"y":0,"x":0,"width":1,"height":1},"opacity":1,"edgeAntialiasingMask":251658240,"height":768,"hidden":false,"anchorPoint":{"pointX":0.5,"pointY":0.5}},"layers":[{"animations":[],"layers":[],"initialState":{"affineTransform":[1,0,0,1,0,0],"masksToBounds":false,"rotation":0,"scale":1,"position":{"pointX":512,"pointY":384},"width":1024,"sublayerTransform":[1,0,0,0,0,1,0,0,0,0,1,0,0,0,0,1],"contentsRect":{"y":0,"x":0,"width":1,"height":1},"opacity":1,"edgeAntialiasingMask":0,"height":768,"hidden":false,"anchorPoint":{"pointX":0.5,"pointY":0.5}},"texture":"64908A8BB41CE87705161A8145275602"},{"animations":[{"timeOffset":0,"from":{"scalar":1},"beginTime":0,"repeatCount":0,"fillMode":"both","duration":0.949999988079071,"autoreverses":false,"timingFunction":"EaseInEaseOut","property":"opacity","to":{"scalar":0}}],"layers":[],"initialState":{"affineTransform":[1,0,0,1,0,0],"masksToBounds":false,"rotation":0,"scale":1,"position":{"pointX":512,"pointY":384},"width":1024,"sublayerTransform":[1,0,0,0,0,1,0,0,0,0,1,0,0,0,0,1],"contentsRect":{"y":0,"x":0,"width":1,"height":1},"opacity":1,"edgeAntialiasingMask":0,"height":768,"hidden":false,"anchorPoint":{"pointX":0.5,"pointY":0.5}},"texture":"68D1AEDDAB0E62BA5338F403185E056C"}]}]},"effects":[],"duration":0.949999988079071,"type":"transition","attributes":{"direction":12},"name":"apple:pageflip","objectID":"0"}],"automaticPlay":false,"hyperlinks":[],"accessibility":[{"text":"INScore is","targetRectangle":{"y":456.2118515968323,"x":82.40677642822266,"width":161.532,"height":49}},{"text":"opensource.png","targetRectangle":{"y":573.675666809082,"x":791.0806884765625,"width":90,"height":75.42613983154297}},{"text":"max.png","targetRectangle":{"y":638.0034790039062,"x":525.0403442382812,"width":40,"height":40}},{"text":"INScore","targetRectangle":{"y":38,"x":73.57918548583984,"width":193.662,"height":72}},{"text":"pd.png","targetRectangle":{"y":638.0034790039062,"x":571.0403442382812,"width":40,"height":40}},{"text":"lispworks.png","targetRectangle":{"y":638.0034790039062,"x":668.0403442382812,"width":40,"height":40}},{"text":"ITLViewer.png","targetRectangle":{"y":272,"x":744.47900390625,"width":157.0420227050781,"height":146}},{"text":"INScore supports","targetRectangle":{"y":184.8775315284729,"x":77.40677642822266,"width":277.488,"height":49}},{"text":"An environment for the design of interactive augmented music scores","targetRectangle":{"y":107.1785278320312,"x":74.31984863281264,"width":853.0499999999997,"height":38}},{"text":"pasted-image.tif","targetRectangle":{"y":-319.1939392089844,"x":-285.0513916015625,"width":236,"height":101}},{"text":"Symbolic music notation [ GMN, MusicXML]","targetRectangle":{"y":238.3775358200073,"x":77.40677928924561,"width":469.9440000000002,"height":33}},{"text":"Textual elements","targetRectangle":{"y":271.3775358200073,"x":77.40677928924561,"width":180,"height":33}},{"text":"Bitmaps [jpg, gif, tiff, png,...]","targetRectangle":{"y":304.3775358200073,"x":77.40677928924561,"width":305.3040000000001,"height":33}},{"text":"Vectorial graphics (rectangles, ellipses, SVG,...)","targetRectangle":{"y":337.3775358200073,"x":77.40677928924561,"width":498.2160000000001,"height":33}},{"text":"Video files","targetRectangle":{"y":370.3775358200073,"x":77.40677928924561,"width":111.672,"height":33}},{"text":"Sound and gesture graphic representations","targetRectangle":{"y":403.3775358200073,"x":77.40677928924561,"width":462.2159999999999,"height":33}},{"text":"python.png","targetRectangle":{"y":652.0034790039062,"x":619.0403442382812,"width":40,"height":17.9310359954834}},{"text":"macosx.png","targetRectangle":{"y":526.0034790039062,"x":567.73828125,"width":40,"height":48.97959136962891}},{"text":"Linux.png","targetRectangle":{"y":575.4932746887207,"x":535.64453125,"width":40,"height":47.06587219238281}},{"text":"a standalone score viewer","targetRectangle":{"y":505.580265045166,"x":83.32203197479248,"width":276.48,"height":33}},{"text":"an open source C/C++ library","targetRectangle":{"y":538.580265045166,"x":83.32203197479248,"width":319.104,"height":33}},{"text":"multi-platform","targetRectangle":{"y":571.580265045166,"x":83.32203197479248,"width":152.304,"height":33}},{"text":"an Open Sound Control API","targetRectangle":{"y":604.580265045166,"x":83.32203197479248,"width":299.328,"height":33}},{"text":"an OSC based scripting language","targetRectangle":{"y":637.580265045166,"x":83.32203197479248,"width":360.0479999999999,"height":33}},{"text":"windows.tiff","targetRectangle":{"y":530.4932746887207,"x":630.5403671264648,"width":40,"height":40}},{"text":"pasted-image.png","targetRectangle":{"y":575.9662857055664,"x":647.4361953735352,"width":50,"height":49.01315689086914}},{"text":"pasted-image.png","targetRectangle":{"y":575.4728660583496,"x":590.2486991882324,"width":42.58333206176758,"height":50}},{"text":"￼","targetRectangle":{"y":721.5918579101562,"x":35.27275237441063,"width":10.008,"height":25}}],"baseLayer":{"animations":[],"initialState":{"affineTransform":[1,0,0,1,0,0],"masksToBounds":false,"rotation":0,"scale":1,"position":{"pointX":512,"pointY":384},"width":1024,"sublayerTransform":[1,0,0,0,0,1,0,0,0,0,1,0,0,0,0,1],"contentsRect":{"y":0,"x":0,"width":1,"height":1},"opacity":1,"edgeAntialiasingMask":251658240,"height":768,"hidden":false,"anchorPoint":{"pointX":0.5,"pointY":0.5}},"objectID":"0","layers":[{"animations":[],"initialState":{"affineTransform":[1,0,0,1,0,0],"masksToBounds":false,"rotation":0,"scale":1,"position":{"pointX":512,"pointY":384},"width":1024,"sublayerTransform":[1,0,0,0,0,1,0,0,0,0,1,-0.0004922987690640373,0,0,0,1],"contentsRect":{"y":0,"x":0,"width":1,"height":1},"opacity":1,"edgeAntialiasingMask":251658240,"height":768,"hidden":false,"anchorPoint":{"pointX":0.5,"pointY":0.5}},"layers":[{"animations":[],"layers":[],"initialState":{"affineTransform":[1,0,0,1,0,0],"masksToBounds":false,"rotation":0,"scale":1,"position":{"pointX":512,"pointY":384},"width":1024,"sublayerTransform":[1,0,0,0,0,1,0,0,0,0,1,0,0,0,0,1],"contentsRect":{"y":0,"x":0,"width":1,"height":1},"opacity":1,"edgeAntialiasingMask":0,"height":768,"hidden":false,"anchorPoint":{"pointX":0.5,"pointY":0.5}},"texture":"68D1AEDDAB0E62BA5338F403185E056C"}]}]}}]}