{"assets":{"F741A62CA6635FF20AEFF1658B220631":{"type":"texture","index":796,"assetRequest":{"type":"slide","state":"contents","slide":"D247BDEC-ADF0-4EEF-A9DC-74CE08D8F75F"},"url":{"web":"assets/F741A62CA6635FF20AEFF1658B220631.svg"},"width":178,"height":91},"EAA128BFFB8FFE0B99D84ECCEA57288C":{"type":"texture","index":797,"assetRequest":{"type":"slide","state":"contents","slide":"D247BDEC-ADF0-4EEF-A9DC-74CE08D8F75F"},"url":{"web":"assets/EAA128BFFB8FFE0B99D84ECCEA57288C.svg"},"width":178,"height":91},"2F5273E48820B549F9C0D4E271FD3C8D":{"type":"texture","index":800,"assetRequest":{"type":"slide","state":"contents","slide":"D247BDEC-ADF0-4EEF-A9DC-74CE08D8F75F"},"url":{"web":"assets/2F5273E48820B549F9C0D4E271FD3C8D.svg"},"width":857,"height":32},"DB8451458D98EFA7506DBEBC2B1323F0":{"type":"texture","index":794,"assetRequest":{"type":"slide","state":"contents","slide":"D247BDEC-ADF0-4EEF-A9DC-74CE08D8F75F"},"url":{"web":"assets/DB8451458D98EFA7506DBEBC2B1323F0.svg"},"width":1024,"height":768},"4A9B9B8413F678E6D125CB5B96D944E6":{"type":"texture","index":806,"assetRequest":{"type":"slide","state":"contents","slide":"D247BDEC-ADF0-4EEF-A9DC-74CE08D8F75F"},"url":{"web":"assets/4A9B9B8413F678E6D125CB5B96D944E6.svg"},"width":400,"height":243},"F004E9D8AF6A8B5596B5BD1CD7826CBB":{"type":"texture","index":810,"assetRequest":{"type":"slide","state":"outgoing","slide":"D247BDEC-ADF0-4EEF-A9DC-74CE08D8F75F"},"url":{"web":"assets/F004E9D8AF6A8B5596B5BD1CD7826CBB.svg"},"width":1024,"height":768},"593E206575F248496DFDFB43E256EC77":{"type":"texture","index":801,"assetRequest":{"type":"slide","state":"contents","slide":"D247BDEC-ADF0-4EEF-A9DC-74CE08D8F75F"},"url":{"web":"assets/593E206575F248496DFDFB43E256EC77.svg"},"width":239,"height":104},"2A482C7F6F5D8D670DE98A39D5E25A63":{"type":"texture","index":805,"assetRequest":{"type":"slide","state":"contents","slide":"D247BDEC-ADF0-4EEF-A9DC-74CE08D8F75F"},"url":{"web":"assets/2A482C7F6F5D8D670DE98A39D5E25A63.svg"},"width":53,"height":53},"AB1EA1DB3B9474C8B4B80192E89C14A9":{"type":"texture","index":795,"assetRequest":{"type":"slide","state":"contents","slide":"D247BDEC-ADF0-4EEF-A9DC-74CE08D8F75F"},"url":{"web":"assets/AB1EA1DB3B9474C8B4B80192E89C14A9.svg"},"width":648,"height":24},"7816372D1DC8E712481CC8F03933DFE4":{"type":"texture","index":804,"assetRequest":{"type":"slide","state":"contents","slide":"D247BDEC-ADF0-4EEF-A9DC-74CE08D8F75F"},"url":{"web":"assets/7816372D1DC8E712481CC8F03933DFE4.svg"},"width":803,"height":73},"1812F8F680752E63B34C0EE5FDBC8516":{"type":"texture","index":808,"assetRequest":{"type":"slide","state":"contents","slide":"D247BDEC-ADF0-4EEF-A9DC-74CE08D8F75F"},"url":{"web":"assets/1812F8F680752E63B34C0EE5FDBC8516.svg"},"width":189,"height":60},"E1EFB0F6B5B58E0434EB6764378A264E":{"type":"texture","index":809,"assetRequest":{"type":"slide","state":"contents","slide":"D247BDEC-ADF0-4EEF-A9DC-74CE08D8F75F"},"url":{"web":"assets/E1EFB0F6B5B58E0434EB6764378A264E.svg"},"width":189,"height":60},"BFBFD76E94D0BD23ADE7552C7D9299BA":{"type":"texture","index":802,"assetRequest":{"type":"slide","state":"contents","slide":"D247BDEC-ADF0-4EEF-A9DC-74CE08D8F75F"},"url":{"web":"assets/BFBFD76E94D0BD23ADE7552C7D9299BA.svg"},"width":251,"height":38},"1CE341459E01CABDE6AC1E71938A7DB5":{"type":"texture","index":807,"assetRequest":{"type":"slide","state":"contents","slide":"D247BDEC-ADF0-4EEF-A9DC-74CE08D8F75F"},"url":{"web":"assets/1CE341459E01CABDE6AC1E71938A7DB5.svg"},"width":486,"height":243},"4E84F8EFEA07741282C022E3071E82A1":{"type":"texture","index":803,"assetRequest":{"type":"slide","state":"contents","slide":"D247BDEC-ADF0-4EEF-A9DC-74CE08D8F75F"},"url":{"web":"assets/4E84F8EFEA07741282C022E3071E82A1.svg"},"width":548,"height":243},"F53C4388984E0C1EAA321465A8C6E0F3":{"type":"texture","index":811,"assetRequest":{"type":"slide","state":"incoming","slide":"FD986B65-ECD9-4420-BD33-A60DEF8F54C9"},"url":{"web":"assets/F53C4388984E0C1EAA321465A8C6E0F3.svg"},"width":1024,"height":768},"A195FFC70B722049AFF55E5FCD5FB274":{"type":"texture","index":798,"assetRequest":{"type":"slide","state":"contents","slide":"D247BDEC-ADF0-4EEF-A9DC-74CE08D8F75F"},"url":{"web":"assets/A195FFC70B722049AFF55E5FCD5FB274.svg"},"width":191,"height":42},"1D5CC6866C90E650C9DC4985C56DC6A0":{"type":"texture","index":799,"assetRequest":{"type":"slide","state":"contents","slide":"D247BDEC-ADF0-4EEF-A9DC-74CE08D8F75F"},"url":{"web":"assets/1D5CC6866C90E650C9DC4985C56DC6A0.svg"},"width":23,"height":17}},"events":[{"effects":[{"beginTime":0,"baseLayer":{"animations":[],"initialState":{"affineTransform":[1,0,0,1,0,0],"masksToBounds":false,"rotation":0,"scale":1,"position":{"pointX":417.722900390625,"pointY":236.5},"width":175,"sublayerTransform":[1,0,0,0,0,1,0,0,0,0,1,0,0,0,0,1],"contentsRect":{"y":0,"x":0,"width":1,"height":1},"opacity":1,"edgeAntialiasingMask":251658240,"height":45.91015625,"hidden":false,"anchorPoint":{"pointX":0.5,"pointY":0.5}},"objectID":"DF99C436-FEC1-42D9-A71A-9A97D779F22E","layers":[{"animations":[],"initialState":{"affineTransform":[1,0,0,1,0,0],"masksToBounds":false,"rotation":0,"scale":1,"position":{"pointX":181.777099609375,"pointY":170.455078125},"width":175,"sublayerTransform":[1,0,0,0,0,1,0,0,0,0,1,-0.0004922987690640373,0,0,0,1],"contentsRect":{"y":0,"x":0,"width":1,"height":1},"opacity":1,"edgeAntialiasingMask":251658240,"height":45.91015625,"hidden":false,"anchorPoint":{"pointX":1.038726283482143,"pointY":3.712796732749085}},"layers":[{"animations":[{"timeOffset":0,"beginTime":1e-100,"repeatCount":0,"animations":[{"timeOffset":0,"from":{"scalar":0},"beginTime":0,"repeatCount":0,"fillMode":"both","duration":1,"autoreverses":false,"timingFunction":"EaseInEaseOut","property":"opacity","to":{"scalar":1}},{"timeOffset":0,"from":{"scalar":false},"beginTime":0,"repeatCount":0,"fillMode":"forwards","property":"hidden","autoreverses":false,"duration":1,"to":{"scalar":false}}],"fillMode":"both","autoreverses":false,"duration":1}],"layers":[],"initialState":{"affineTransform":[1,0,0,1,0,0],"masksToBounds":false,"rotation":0,"scale":1,"position":{"pointX":92.277099609375,"pointY":28.455078125},"width":189,"sublayerTransform":[1,0,0,0,0,1,0,0,0,0,1,0,0,0,0,1],"contentsRect":{"y":0,"x":0,"width":1,"height":1},"opacity":1,"edgeAntialiasingMask":0,"height":60,"hidden":true,"anchorPoint":{"pointX":0.5,"pointY":0.5}},"texture":"1812F8F680752E63B34C0EE5FDBC8516"}]}]},"effects":[],"duration":1,"type":"buildIn","name":"apple:dissolve","objectID":"DF99C436-FEC1-42D9-A71A-9A97D779F22E"},{"beginTime":0,"baseLayer":{"animations":[],"initialState":{"affineTransform":[1,0,0,1,0,0],"masksToBounds":false,"rotation":0,"scale":1,"position":{"pointX":602.8858642578125,"pointY":236.5},"width":175,"sublayerTransform":[1,0,0,0,0,1,0,0,0,0,1,0,0,0,0,1],"contentsRect":{"y":0,"x":0,"width":1,"height":1},"opacity":1,"edgeAntialiasingMask":251658240,"height":45.91015625,"hidden":false,"anchorPoint":{"pointX":0.5,"pointY":0.5}},"objectID":"ED8F4B00-DE26-44AE-95E8-5BB2591AB007","layers":[{"animations":[],"initialState":{"affineTransform":[1,0,0,1,0,0],"masksToBounds":false,"rotation":0,"scale":1,"position":{"pointX":-3.3858642578125,"pointY":170.455078125},"width":175,"sublayerTransform":[1,0,0,0,0,1,0,0,0,0,1,-0.0004922987690640373,0,0,0,1],"contentsRect":{"y":0,"x":0,"width":1,"height":1},"opacity":1,"edgeAntialiasingMask":251658240,"height":45.91015625,"hidden":false,"anchorPoint":{"pointX":-0.01934779575892857,"pointY":3.712796732749085}},"layers":[{"animations":[{"timeOffset":0,"beginTime":1e-100,"repeatCount":0,"animations":[{"timeOffset":0,"from":{"scalar":0},"beginTime":0,"repeatCount":0,"fillMode":"both","duration":1,"autoreverses":false,"timingFunction":"EaseInEaseOut","property":"opacity","to":{"scalar":1}},{"timeOffset":0,"from":{"scalar":false},"beginTime":0,"repeatCount":0,"fillMode":"forwards","property":"hidden","autoreverses":false,"duration":1,"to":{"scalar":false}}],"fillMode":"both","autoreverses":false,"duration":1}],"layers":[],"initialState":{"affineTransform":[1,0,0,1,0,0],"masksToBounds":false,"rotation":0,"scale":1,"position":{"pointX":92.1141357421875,"pointY":28.455078125},"width":189,"sublayerTransform":[1,0,0,0,0,1,0,0,0,0,1,0,0,0,0,1],"contentsRect":{"y":0,"x":0,"width":1,"height":1},"opacity":1,"edgeAntialiasingMask":0,"height":60,"hidden":true,"anchorPoint":{"pointX":0.5,"pointY":0.5}},"texture":"E1EFB0F6B5B58E0434EB6764378A264E"}]}]},"effects":[],"duration":1,"type":"buildIn","name":"apple:dissolve","objectID":"ED8F4B00-DE26-44AE-95E8-5BB2591AB007"},{"beginTime":0,"baseLayer":{"animations":[],"initialState":{"affineTransform":[1,0,0,1,0,0],"masksToBounds":false,"rotation":0,"scale":1,"position":{"pointX":417.722900390625,"pointY":300.796875},"width":175,"sublayerTransform":[1,0,0,0,0,1,0,0,0,0,1,0,0,0,0,1],"contentsRect":{"y":0,"x":0,"width":1,"height":1},"opacity":1,"edgeAntialiasingMask":251658240,"height":87.65625000000006,"hidden":false,"anchorPoint":{"pointX":0.5,"pointY":0.5}},"objectID":"872820A8-4DBE-4E97-86E6-BCD82AB3B219","layers":[{"animations":[],"initialState":{"affineTransform":[1,0,0,1,0,0],"masksToBounds":false,"rotation":0,"scale":1,"position":{"pointX":181.777099609375,"pointY":127.03125},"width":175,"sublayerTransform":[1,0,0,0,0,1,0,0,0,0,1,-0.0004922987690640373,0,0,0,1],"contentsRect":{"y":0,"x":0,"width":1,"height":1},"opacity":1,"edgeAntialiasingMask":251658240,"height":87.65625000000006,"hidden":false,"anchorPoint":{"pointX":1.038726283482143,"pointY":1.449197860962566}},"layers":[{"animations":[{"timeOffset":0,"beginTime":1e-100,"repeatCount":0,"animations":[{"timeOffset":0,"from":{"scalar":0},"beginTime":0,"repeatCount":0,"fillMode":"both","duration":1,"autoreverses":false,"timingFunction":"EaseInEaseOut","property":"opacity","to":{"scalar":1}},{"timeOffset":0,"from":{"scalar":false},"beginTime":0,"repeatCount":0,"fillMode":"forwards","property":"hidden","autoreverses":false,"duration":1,"to":{"scalar":false}}],"fillMode":"both","autoreverses":false,"duration":1}],"layers":[],"initialState":{"affineTransform":[1,0,0,1,0,0],"masksToBounds":false,"rotation":0,"scale":1,"position":{"pointX":87.777099609375,"pointY":43.53125000000006},"width":178,"sublayerTransform":[1,0,0,0,0,1,0,0,0,0,1,0,0,0,0,1],"contentsRect":{"y":0,"x":0,"width":1,"height":1},"opacity":1,"edgeAntialiasingMask":0,"height":91,"hidden":true,"anchorPoint":{"pointX":0.5,"pointY":0.5}},"texture":"F741A62CA6635FF20AEFF1658B220631"}]}]},"effects":[],"duration":1,"type":"buildIn","name":"apple:dissolve character","objectID":"872820A8-4DBE-4E97-86E6-BCD82AB3B219"},{"beginTime":0,"baseLayer":{"animations":[],"initialState":{"affineTransform":[1,0,0,1,0,0],"masksToBounds":false,"rotation":0,"scale":1,"position":{"pointX":602.8858642578125,"pointY":300.796875},"width":175,"sublayerTransform":[1,0,0,0,0,1,0,0,0,0,1,0,0,0,0,1],"contentsRect":{"y":0,"x":0,"width":1,"height":1},"opacity":1,"edgeAntialiasingMask":251658240,"height":87.65625000000006,"hidden":false,"anchorPoint":{"pointX":0.5,"pointY":0.5}},"objectID":"1407E250-925E-42DF-8230-A649532718E0","layers":[{"animations":[],"initialState":{"affineTransform":[1,0,0,1,0,0],"masksToBounds":false,"rotation":0,"scale":1,"position":{"pointX":-3.3858642578125,"pointY":127.03125},"width":175,"sublayerTransform":[1,0,0,0,0,1,0,0,0,0,1,-0.0004922987690640373,0,0,0,1],"contentsRect":{"y":0,"x":0,"width":1,"height":1},"opacity":1,"edgeAntialiasingMask":251658240,"height":87.65625000000006,"hidden":false,"anchorPoint":{"pointX":-0.01934779575892857,"pointY":1.449197860962566}},"layers":[{"animations":[{"timeOffset":0,"beginTime":1e-100,"repeatCount":0,"animations":[{"timeOffset":0,"from":{"scalar":0},"beginTime":0,"repeatCount":0,"fillMode":"both","duration":1,"autoreverses":false,"timingFunction":"EaseInEaseOut","property":"opacity","to":{"scalar":1}},{"timeOffset":0,"from":{"scalar":false},"beginTime":0,"repeatCount":0,"fillMode":"forwards","property":"hidden","autoreverses":false,"duration":1,"to":{"scalar":false}}],"fillMode":"both","autoreverses":false,"duration":1}],"layers":[],"initialState":{"affineTransform":[1,0,0,1,0,0],"masksToBounds":false,"rotation":0,"scale":1,"position":{"pointX":87.6141357421875,"pointY":43.53125000000006},"width":178,"sublayerTransform":[1,0,0,0,0,1,0,0,0,0,1,0,0,0,0,1],"contentsRect":{"y":0,"x":0,"width":1,"height":1},"opacity":1,"edgeAntialiasingMask":0,"height":91,"hidden":true,"anchorPoint":{"pointX":0.5,"pointY":0.5}},"texture":"EAA128BFFB8FFE0B99D84ECCEA57288C"}]}]},"effects":[],"duration":1,"type":"buildIn","name":"apple:dissolve character","objectID":"1407E250-925E-42DF-8230-A649532718E0"}],"automaticPlay":false,"hyperlinks":[],"accessibility":[{"text":"INScore","targetRectangle":{"y":38,"x":73.57918548583984,"width":193.662,"height":72}},{"text":"Stretch","targetRectangle":{"y":433.436585187912,"x":524.7680053710938,"width":85.66796875,"height":37}},{"text":"Graphic alignment","targetRectangle":{"y":433.4366157054901,"x":204.9348297119141,"width":232.859375,"height":37}},{"text":"master","targetRectangle":{"y":294.2011417150498,"x":571.151291012764,"width":61.123046875,"height":24}},{"text":"￼","targetRectangle":{"y":721.5918579101562,"x":30.26875245571136,"width":20.016,"height":25}},{"text":"pasted-image.tif","targetRectangle":{"y":-319.1939392089844,"x":-285.0513916015625,"width":236,"height":101}},{"text":"relative","targetRectangle":{"y":478.5616136789322,"x":752.9136962890625,"width":115.21875,"height":29}},{"text":"absolute","targetRectangle":{"y":507.5616136789322,"x":752.9136962890625,"width":115.21875,"height":29}},{"text":"/ITL/scene/sync","targetRectangle":{"y":294.2011417150498,"x":124.8186194896698,"width":140.05859375,"height":24}},{"text":"mode","targetRectangle":{"y":294.2011417150498,"x":780.8610981702805,"width":50.029296875,"height":24}},{"text":"Time alignment","targetRectangle":{"y":433.4366157054901,"x":696.6441650390625,"width":194.6328125,"height":37}},{"text":"INScore - An environment for the design of live augmented music scores","targetRectangle":{"y":719.0918582081795,"x":188.5700025558472,"width":646.8600000000001,"height":27}},{"text":"An environment for the design of interactive augmented music scores","targetRectangle":{"y":107.1785278320312,"x":74.31984863281264,"width":853.0499999999997,"height":38}},{"text":"slave","targetRectangle":{"y":294.2011417150497,"x":393.2051692008972,"width":46.689453125,"height":24}},{"text":"h","targetRectangle":{"y":474.5615850687027,"x":580.9515991210938,"width":14.40234375,"height":29}},{"text":"v","targetRectangle":{"y":503.5615850687027,"x":580.9515991210938,"width":14.40234375,"height":29}},{"text":"hv","targetRectangle":{"y":532.5615850687027,"x":580.9515991210938,"width":28.8046875,"height":29}},{"text":"name:mapname","targetRectangle":{"y":224.5000003576279,"x":530.6251192092896,"width":144.521484375,"height":24}},{"text":"Synchronization","targetRectangle":{"y":168.1910858154297,"x":77.40677642822266,"width":251.294,"height":46}},{"text":"syncOver","targetRectangle":{"y":474.5616155862808,"x":261.1184234619141,"width":115.21875,"height":29}},{"text":"syncTop","targetRectangle":{"y":503.5616155862808,"x":261.1184234619141,"width":100.81640625,"height":29}},{"text":"syncBottom","targetRectangle":{"y":532.5616155862808,"x":261.1184234619141,"width":144.0234375,"height":29}},{"text":"name:mapname","targetRectangle":{"y":224.5000003576279,"x":345.4621553421021,"width":144.521484375,"height":24}}],"baseLayer":{"animations":[],"initialState":{"affineTransform":[1,0,0,1,0,0],"masksToBounds":false,"rotation":0,"scale":1,"position":{"pointX":512,"pointY":384},"width":1024,"sublayerTransform":[1,0,0,0,0,1,0,0,0,0,1,0,0,0,0,1],"contentsRect":{"y":0,"x":0,"width":1,"height":1},"opacity":1,"edgeAntialiasingMask":251658240,"height":768,"hidden":false,"anchorPoint":{"pointX":0.5,"pointY":0.5}},"layers":[{"animations":[],"initialState":{"affineTransform":[1,0,0,1,0,0],"masksToBounds":false,"rotation":0,"scale":1,"position":{"pointX":512,"pointY":384},"width":1024,"sublayerTransform":[1,0,0,0,0,1,0,0,0,0,1,0,0,0,0,1],"contentsRect":{"y":0,"x":0,"width":1,"height":1},"opacity":1,"edgeAntialiasingMask":251658240,"height":768,"hidden":false,"anchorPoint":{"pointX":0.5,"pointY":0.5}},"layers":[{"animations":[],"initialState":{"affineTransform":[1,0,0,1,0,0],"masksToBounds":false,"rotation":0,"scale":1,"position":{"pointX":512,"pointY":384},"width":1024,"sublayerTransform":[1,0,0,0,0,1,0,0,0,0,1,0,0,0,0,1],"contentsRect":{"y":0,"x":0,"width":1,"height":1},"opacity":1,"edgeAntialiasingMask":251658240,"height":768,"hidden":false,"anchorPoint":{"pointX":0.5,"pointY":0.5}},"layers":[{"animations":[],"layers":[],"initialState":{"affineTransform":[1,0,0,1,0,0],"masksToBounds":false,"rotation":0,"scale":1,"position":{"pointX":512,"pointY":384},"width":1024,"sublayerTransform":[1,0,0,0,0,1,0,0,0,0,1,0,0,0,0,1],"contentsRect":{"y":0,"x":0,"width":1,"height":1},"opacity":1,"edgeAntialiasingMask":0,"height":768,"hidden":false,"anchorPoint":{"pointX":0.5,"pointY":0.5}},"texture":"DB8451458D98EFA7506DBEBC2B1323F0"}]}]},{"animations":[],"initialState":{"affineTransform":[1,0,0,1,0,0],"masksToBounds":false,"rotation":0,"scale":1,"position":{"pointX":512,"pointY":384},"width":1024,"sublayerTransform":[1,0,0,0,0,1,0,0,0,0,1,0,0,0,0,1],"contentsRect":{"y":0,"x":0,"width":1,"height":1},"opacity":1,"edgeAntialiasingMask":251658240,"height":768,"hidden":false,"anchorPoint":{"pointX":0.5,"pointY":0.5}},"layers":[{"animations":[],"initialState":{"affineTransform":[1,0,0,1,0,0],"masksToBounds":false,"rotation":0,"scale":1,"position":{"pointX":512,"pointY":732.5918579101562},"width":655.8599948883057,"sublayerTransform":[1,0,0,0,0,1,0,0,0,0,1,0,0,0,0,1],"contentsRect":{"y":0,"x":0,"width":1,"height":1},"opacity":1,"edgeAntialiasingMask":251658240,"height":34.99999940395355,"hidden":false,"anchorPoint":{"pointX":0.5,"pointY":0.5}},"objectID":"87C2CFB9-98C2-4AD5-9E7D-071B02609808","layers":[{"animations":[],"layers":[],"initialState":{"affineTransform":[1,0,0,1,0,0],"masksToBounds":false,"rotation":0,"scale":1,"position":{"pointX":328.9299974441528,"pointY":18.90814179182053},"width":648,"sublayerTransform":[1,0,0,0,0,1,0,0,0,0,1,0,0,0,0,1],"contentsRect":{"y":0,"x":0,"width":1,"height":1},"opacity":1,"edgeAntialiasingMask":0,"height":24,"hidden":false,"anchorPoint":{"pointX":0.5,"pointY":0.5}},"texture":"AB1EA1DB3B9474C8B4B80192E89C14A9"}]}]},{"animations":[],"initialState":{"affineTransform":[1,0,0,1,0,0],"masksToBounds":false,"rotation":0,"scale":1,"position":{"pointX":512,"pointY":384},"width":1024,"sublayerTransform":[1,0,0,0,0,1,0,0,0,0,1,0,0,0,0,1],"contentsRect":{"y":0,"x":0,"width":1,"height":1},"opacity":1,"edgeAntialiasingMask":251658240,"height":768,"hidden":false,"anchorPoint":{"pointX":0.5,"pointY":0.5}},"layers":[{"animations":[],"initialState":{"affineTransform":[1,0,0,1,0,0],"masksToBounds":false,"rotation":0,"scale":1,"position":{"pointX":417.722900390625,"pointY":300.796875},"width":175,"sublayerTransform":[1,0,0,0,0,1,0,0,0,0,1,0,0,0,0,1],"contentsRect":{"y":0,"x":0,"width":1,"height":1},"opacity":1,"edgeAntialiasingMask":251658240,"height":87.65625000000006,"hidden":false,"anchorPoint":{"pointX":0.5,"pointY":0.5}},"objectID":"872820A8-4DBE-4E97-86E6-BCD82AB3B219","layers":[{"animations":[],"layers":[],"initialState":{"affineTransform":[1,0,0,1,0,0],"masksToBounds":false,"rotation":0,"scale":1,"position":{"pointX":87.777099609375,"pointY":43.53125000000006},"width":178,"sublayerTransform":[1,0,0,0,0,1,0,0,0,0,1,0,0,0,0,1],"contentsRect":{"y":0,"x":0,"width":1,"height":1},"opacity":1,"edgeAntialiasingMask":0,"height":91,"hidden":true,"anchorPoint":{"pointX":0.5,"pointY":0.5}},"texture":"F741A62CA6635FF20AEFF1658B220631"}]}]},{"animations":[],"initialState":{"affineTransform":[1,0,0,1,0,0],"masksToBounds":false,"rotation":0,"scale":1,"position":{"pointX":512,"pointY":384},"width":1024,"sublayerTransform":[1,0,0,0,0,1,0,0,0,0,1,0,0,0,0,1],"contentsRect":{"y":0,"x":0,"width":1,"height":1},"opacity":1,"edgeAntialiasingMask":251658240,"height":768,"hidden":false,"anchorPoint":{"pointX":0.5,"pointY":0.5}},"layers":[{"animations":[],"initialState":{"affineTransform":[1,0,0,1,0,0],"masksToBounds":false,"rotation":0,"scale":1,"position":{"pointX":602.8858642578125,"pointY":300.796875},"width":175,"sublayerTransform":[1,0,0,0,0,1,0,0,0,0,1,0,0,0,0,1],"contentsRect":{"y":0,"x":0,"width":1,"height":1},"opacity":1,"edgeAntialiasingMask":251658240,"height":87.65625000000006,"hidden":false,"anchorPoint":{"pointX":0.5,"pointY":0.5}},"objectID":"1407E250-925E-42DF-8230-A649532718E0","layers":[{"animations":[],"layers":[],"initialState":{"affineTransform":[1,0,0,1,0,0],"masksToBounds":false,"rotation":0,"scale":1,"position":{"pointX":87.6141357421875,"pointY":43.53125000000006},"width":178,"sublayerTransform":[1,0,0,0,0,1,0,0,0,0,1,0,0,0,0,1],"contentsRect":{"y":0,"x":0,"width":1,"height":1},"opacity":1,"edgeAntialiasingMask":0,"height":91,"hidden":true,"anchorPoint":{"pointX":0.5,"pointY":0.5}},"texture":"EAA128BFFB8FFE0B99D84ECCEA57288C"}]}]},{"animations":[],"initialState":{"affineTransform":[1,0,0,1,0,0],"masksToBounds":false,"rotation":0,"scale":1,"position":{"pointX":512,"pointY":384},"width":1024,"sublayerTransform":[1,0,0,0,0,1,0,0,0,0,1,0,0,0,0,1],"contentsRect":{"y":0,"x":0,"width":1,"height":1},"opacity":1,"edgeAntialiasingMask":251658240,"height":768,"hidden":false,"anchorPoint":{"pointX":0.5,"pointY":0.5}},"layers":[{"animations":[],"initialState":{"affineTransform":[1,0,0,1,0,0],"masksToBounds":false,"rotation":0,"scale":1,"position":{"pointX":511.9999976158142,"pointY":69.49999928474426},"width":884.8416242599487,"sublayerTransform":[1,0,0,0,0,1,0,0,0,0,1,0,0,0,0,1],"contentsRect":{"y":0,"x":0,"width":1,"height":1},"opacity":1,"edgeAntialiasingMask":251658240,"height":88.99999856948853,"hidden":false,"anchorPoint":{"pointX":0.5,"pointY":0.5}},"objectID":"39D4BC19-C0C1-46A6-AB91-D8206AFA6895","layers":[{"animations":[],"layers":[],"initialState":{"affineTransform":[1,0,0,1,0,0],"masksToBounds":false,"rotation":0,"scale":1,"position":{"pointX":101.9208145141602,"pointY":47},"width":191,"sublayerTransform":[1,0,0,0,0,1,0,0,0,0,1,0,0,0,0,1],"contentsRect":{"y":0,"x":0,"width":1,"height":1},"opacity":1,"edgeAntialiasingMask":0,"height":42,"hidden":false,"anchorPoint":{"pointX":0.5,"pointY":0.5}},"texture":"A195FFC70B722049AFF55E5FCD5FB274"}]}]},{"animations":[],"initialState":{"affineTransform":[1,0,0,1,0,0],"masksToBounds":false,"rotation":0,"scale":1,"position":{"pointX":512,"pointY":384},"width":1024,"sublayerTransform":[1,0,0,0,0,1,0,0,0,0,1,0,0,0,0,1],"contentsRect":{"y":0,"x":0,"width":1,"height":1},"opacity":1,"edgeAntialiasingMask":251658240,"height":768,"hidden":false,"anchorPoint":{"pointX":0.5,"pointY":0.5}},"layers":[{"animations":[],"initialState":{"affineTransform":[1,0,0,1,0,0],"masksToBounds":false,"rotation":0,"scale":1,"position":{"pointX":40.27675247192383,"pointY":734.0918585658073},"width":29.01600003242493,"sublayerTransform":[1,0,0,0,0,1,0,0,0,0,1,0,0,0,0,1],"contentsRect":{"y":0,"x":0,"width":1,"height":1},"opacity":1,"edgeAntialiasingMask":251658240,"height":33.00000131130219,"hidden":false,"anchorPoint":{"pointX":0.5,"pointY":0.5}},"objectID":"D159BEF0-CD39-4EC8-AF41-CBB78B8254CE","layers":[{"animations":[],"layers":[],"initialState":{"affineTransform":[1,0,0,1,0,0],"masksToBounds":false,"rotation":0,"scale":1,"position":{"pointX":13.73124754428864,"pointY":15.90814208984375},"width":23,"sublayerTransform":[1,0,0,0,0,1,0,0,0,0,1,0,0,0,0,1],"contentsRect":{"y":0,"x":0,"width":1,"height":1},"opacity":1,"edgeAntialiasingMask":0,"height":17,"hidden":false,"anchorPoint":{"pointX":0.5,"pointY":0.5}},"texture":"1D5CC6866C90E650C9DC4985C56DC6A0"}]}]},{"animations":[],"initialState":{"affineTransform":[1,0,0,1,0,0],"masksToBounds":false,"rotation":0,"scale":1,"position":{"pointX":512,"pointY":384},"width":1024,"sublayerTransform":[1,0,0,0,0,1,0,0,0,0,1,0,0,0,0,1],"contentsRect":{"y":0,"x":0,"width":1,"height":1},"opacity":1,"edgeAntialiasingMask":251658240,"height":768,"hidden":false,"anchorPoint":{"pointX":0.5,"pointY":0.5}},"layers":[{"animations":[],"initialState":{"affineTransform":[1,0,0,1,0,0],"masksToBounds":false,"rotation":0,"scale":1,"position":{"pointX":500.844831943512,"pointY":126.2444611787796},"width":862.9231233596802,"sublayerTransform":[1,0,0,0,0,1,0,0,0,0,1,0,0,0,0,1],"contentsRect":{"y":0,"x":0,"width":1,"height":1},"opacity":1,"edgeAntialiasingMask":251658240,"height":46.1318666934967,"hidden":false,"anchorPoint":{"pointX":0.5,"pointY":0.5}},"objectID":"50965ADA-02BE-4D0E-A2FC-BF26EBED7FDA","layers":[{"animations":[],"layers":[],"initialState":{"affineTransform":[1,0,0,1,0,0],"masksToBounds":false,"rotation":0,"scale":1,"position":{"pointX":431.1167297363281,"pointY":24.82147216796875},"width":857,"sublayerTransform":[1,0,0,0,0,1,0,0,0,0,1,0,0,0,0,1],"contentsRect":{"y":0,"x":0,"width":1,"height":1},"opacity":1,"edgeAntialiasingMask":0,"height":32,"hidden":false,"anchorPoint":{"pointX":0.5,"pointY":0.5}},"texture":"2F5273E48820B549F9C0D4E271FD3C8D"}]}]},{"animations":[],"initialState":{"affineTransform":[1,0,0,1,0,0],"masksToBounds":false,"rotation":0,"scale":1,"position":{"pointX":512,"pointY":384},"width":1024,"sublayerTransform":[1,0,0,0,0,1,0,0,0,0,1,0,0,0,0,1],"contentsRect":{"y":0,"x":0,"width":1,"height":1},"opacity":1,"edgeAntialiasingMask":251658240,"height":768,"hidden":false,"anchorPoint":{"pointX":0.5,"pointY":0.5}},"layers":[{"animations":[],"initialState":{"affineTransform":[1,0,0,1,0,0],"masksToBounds":false,"rotation":0,"scale":1,"position":{"pointX":-167.0513916015625,"pointY":-268.6939392089844},"width":236,"sublayerTransform":[1,0,0,0,0,1,0,0,0,0,1,0,0,0,0,1],"contentsRect":{"y":0,"x":0,"width":1,"height":1},"opacity":1,"edgeAntialiasingMask":251658240,"height":101,"hidden":false,"anchorPoint":{"pointX":0.5,"pointY":0.5}},"objectID":"AF3E5636-69C2-4CFF-8638-183FD0E1D47B","layers":[{"animations":[],"layers":[],"initialState":{"affineTransform":[1,0,0,1,0,0],"masksToBounds":false,"rotation":0,"scale":1,"position":{"pointX":117.5513916015625,"pointY":50.19393920898438},"width":239,"sublayerTransform":[1,0,0,0,0,1,0,0,0,0,1,0,0,0,0,1],"contentsRect":{"y":0,"x":0,"width":1,"height":1},"opacity":1,"edgeAntialiasingMask":0,"height":104,"hidden":false,"anchorPoint":{"pointX":0.5,"pointY":0.5}},"texture":"593E206575F248496DFDFB43E256EC77"}]}]},{"animations":[],"initialState":{"affineTransform":[1,0,0,1,0,0],"masksToBounds":false,"rotation":0,"scale":1,"position":{"pointX":512,"pointY":384},"width":1024,"sublayerTransform":[1,0,0,0,0,1,0,0,0,0,1,0,0,0,0,1],"contentsRect":{"y":0,"x":0,"width":1,"height":1},"opacity":1,"edgeAntialiasingMask":251658240,"height":768,"hidden":false,"anchorPoint":{"pointX":0.5,"pointY":0.5}},"layers":[{"animations":[],"initialState":{"affineTransform":[1,0,0,1,0,0],"masksToBounds":false,"rotation":0,"scale":1,"position":{"pointX":216.6684951782227,"pointY":191.1910858154297},"width":286.5234375,"sublayerTransform":[1,0,0,0,0,1,0,0,0,0,1,0,0,0,0,1],"contentsRect":{"y":0,"x":0,"width":1,"height":1},"opacity":1,"edgeAntialiasingMask":251658240,"height":56,"hidden":false,"anchorPoint":{"pointX":0.5,"pointY":0.5}},"objectID":"702A440A-7529-47C4-9F93-CC8839429FBE","layers":[{"animations":[],"layers":[],"initialState":{"affineTransform":[1,0,0,1,0,0],"masksToBounds":false,"rotation":0,"scale":1,"position":{"pointX":129.0932235717773,"pointY":29.80891418457031},"width":251,"sublayerTransform":[1,0,0,0,0,1,0,0,0,0,1,0,0,0,0,1],"contentsRect":{"y":0,"x":0,"width":1,"height":1},"opacity":1,"edgeAntialiasingMask":0,"height":38,"hidden":false,"anchorPoint":{"pointX":0.5,"pointY":0.5}},"texture":"BFBFD76E94D0BD23ADE7552C7D9299BA"}]}]},{"animations":[],"initialState":{"affineTransform":[1,0,0,1,0,0],"masksToBounds":false,"rotation":0,"scale":1,"position":{"pointX":512,"pointY":384},"width":1024,"sublayerTransform":[1,0,0,0,0,1,0,0,0,0,1,0,0,0,0,1],"contentsRect":{"y":0,"x":0,"width":1,"height":1},"opacity":1,"edgeAntialiasingMask":251658240,"height":768,"hidden":false,"anchorPoint":{"pointX":0.5,"pointY":0.5}},"layers":[{"animations":[],"initialState":{"affineTransform":[1,0,0,1,0,0],"masksToBounds":false,"rotation":0,"scale":1,"position":{"pointX":345.0637359619141,"pointY":507.5616149902344},"width":302.2578125,"sublayerTransform":[1,0,0,0,0,1,0,0,0,0,1,0,0,0,0,1],"contentsRect":{"y":0,"x":0,"width":1,"height":1},"opacity":1,"edgeAntialiasingMask":251658240,"height":159,"hidden":false,"anchorPoint":{"pointX":0.5,"pointY":0.5}},"objectID":"AA6C841B-DD91-406A-9B54-B1116999E7ED","layers":[{"animations":[],"layers":[],"initialState":{"affineTransform":[1,0,0,1,0,0],"masksToBounds":false,"rotation":0,"scale":1,"position":{"pointX":151.0651702880859,"pointY":119.4383850097656},"width":548,"sublayerTransform":[1,0,0,0,0,1,0,0,0,0,1,0,0,0,0,1],"contentsRect":{"y":0,"x":0,"width":1,"height":1},"opacity":1,"edgeAntialiasingMask":0,"height":243,"hidden":false,"anchorPoint":{"pointX":0.5,"pointY":0.5}},"texture":"4E84F8EFEA07741282C022E3071E82A1"}]}]},{"animations":[],"initialState":{"affineTransform":[1,0,0,1,0,0],"masksToBounds":false,"rotation":0,"scale":1,"position":{"pointX":512,"pointY":384},"width":1024,"sublayerTransform":[1,0,0,0,0,1,0,0,0,0,1,0,0,0,0,1],"contentsRect":{"y":0,"x":0,"width":1,"height":1},"opacity":1,"edgeAntialiasingMask":251658240,"height":768,"hidden":false,"anchorPoint":{"pointX":0.5,"pointY":0.5}},"layers":[{"animations":[],"initialState":{"affineTransform":[1,0,0,1,0,0],"masksToBounds":false,"rotation":0,"scale":1,"position":{"pointX":498.6974639892578,"pointY":317.2939147949219},"width":798.0115966796875,"sublayerTransform":[1,0,0,0,0,1,0,0,0,0,1,0,0,0,0,1],"contentsRect":{"y":0,"x":0,"width":1,"height":1},"opacity":1,"edgeAntialiasingMask":251658240,"height":68.095703125,"hidden":false,"anchorPoint":{"pointX":0.5,"pointY":0.5}},"objectID":"9C5347BE-D591-4ABA-A007-AE7D4734F694","layers":[{"animations":[],"layers":[],"initialState":{"affineTransform":[1,0,0,1,0,0],"masksToBounds":false,"rotation":0,"scale":1,"position":{"pointX":398.8083343505859,"pointY":34.25393676757812},"width":803,"sublayerTransform":[1,0,0,0,0,1,0,0,0,0,1,0,0,0,0,1],"contentsRect":{"y":0,"x":0,"width":1,"height":1},"opacity":1,"edgeAntialiasingMask":0,"height":73,"hidden":false,"anchorPoint":{"pointX":0.5,"pointY":0.5}},"texture":"7816372D1DC8E712481CC8F03933DFE4"}]}]},{"animations":[],"initialState":{"affineTransform":[1,0,0,1,0,0],"masksToBounds":false,"rotation":0,"scale":1,"position":{"pointX":512,"pointY":384},"width":1024,"sublayerTransform":[1,0,0,0,0,1,0,0,0,0,1,0,0,0,0,1],"contentsRect":{"y":0,"x":0,"width":1,"height":1},"opacity":1,"edgeAntialiasingMask":251658240,"height":768,"hidden":false,"anchorPoint":{"pointX":0.5,"pointY":0.5}},"layers":[{"animations":[],"initialState":{"affineTransform":[1,0,0,1,0,0],"masksToBounds":false,"rotation":0,"scale":1,"position":{"pointX":805.875732421875,"pointY":386.7489624023438},"width":50,"sublayerTransform":[1,0,0,0,0,1,0,0,0,0,1,0,0,0,0,1],"contentsRect":{"y":0,"x":0,"width":1,"height":1},"opacity":1,"edgeAntialiasingMask":251658240,"height":50,"hidden":false,"anchorPoint":{"pointX":0.5,"pointY":0.5}},"objectID":"DEAB973B-B4B1-4507-AF42-F81AAA0049D4","layers":[{"animations":[],"layers":[],"initialState":{"affineTransform":[1,0,0,1,0,0],"masksToBounds":false,"rotation":0,"scale":1,"position":{"pointX":24.624267578125,"pointY":24.75103759765625},"width":53,"sublayerTransform":[1,0,0,0,0,1,0,0,0,0,1,0,0,0,0,1],"contentsRect":{"y":0,"x":0,"width":1,"height":1},"opacity":1,"edgeAntialiasingMask":0,"height":53,"hidden":false,"anchorPoint":{"pointX":0.5,"pointY":0.5}},"texture":"2A482C7F6F5D8D670DE98A39D5E25A63"}]}]},{"animations":[],"initialState":{"affineTransform":[1,0,0,1,0,0],"masksToBounds":false,"rotation":0,"scale":1,"position":{"pointX":512,"pointY":384},"width":1024,"sublayerTransform":[1,0,0,0,0,1,0,0,0,0,1,0,0,0,0,1],"contentsRect":{"y":0,"x":0,"width":1,"height":1},"opacity":1,"edgeAntialiasingMask":251658240,"height":768,"hidden":false,"anchorPoint":{"pointX":0.5,"pointY":0.5}},"layers":[{"animations":[],"initialState":{"affineTransform":[1,0,0,1,0,0],"masksToBounds":false,"rotation":0,"scale":1,"position":{"pointX":590.9183959960938,"pointY":507.5615844726562},"width":154.30078125,"sublayerTransform":[1,0,0,0,0,1,0,0,0,0,1,0,0,0,0,1],"contentsRect":{"y":0,"x":0,"width":1,"height":1},"opacity":1,"edgeAntialiasingMask":251658240,"height":159,"hidden":false,"anchorPoint":{"pointX":0.5,"pointY":0.5}},"objectID":"1DA21D31-D8BF-452C-B7F2-1BCFB8564298","layers":[{"animations":[],"layers":[],"initialState":{"affineTransform":[1,0,0,1,0,0],"masksToBounds":false,"rotation":0,"scale":1,"position":{"pointX":77.23199462890625,"pointY":119.4384155273438},"width":400,"sublayerTransform":[1,0,0,0,0,1,0,0,0,0,1,0,0,0,0,1],"contentsRect":{"y":0,"x":0,"width":1,"height":1},"opacity":1,"edgeAntialiasingMask":0,"height":243,"hidden":false,"anchorPoint":{"pointX":0.5,"pointY":0.5}},"texture":"4A9B9B8413F678E6D125CB5B96D944E6"}]}]},{"animations":[],"initialState":{"affineTransform":[1,0,0,1,0,0],"masksToBounds":false,"rotation":0,"scale":1,"position":{"pointX":512,"pointY":384},"width":1024,"sublayerTransform":[1,0,0,0,0,1,0,0,0,0,1,0,0,0,0,1],"contentsRect":{"y":0,"x":0,"width":1,"height":1},"opacity":1,"edgeAntialiasingMask":251658240,"height":768,"hidden":false,"anchorPoint":{"pointX":0.5,"pointY":0.5}},"layers":[{"animations":[],"initialState":{"affineTransform":[1,0,0,1,0,0],"masksToBounds":false,"rotation":0,"scale":1,"position":{"pointX":805.8757171630859,"pointY":507.5616149902344},"width":240.4631042480469,"sublayerTransform":[1,0,0,0,0,1,0,0,0,0,1,0,0,0,0,1],"contentsRect":{"y":0,"x":0,"width":1,"height":1},"opacity":1,"edgeAntialiasingMask":251658240,"height":159,"hidden":false,"anchorPoint":{"pointX":0.5,"pointY":0.5}},"objectID":"BB104806-204A-4452-8661-0E7FDD7B9155","layers":[{"animations":[],"layers":[],"initialState":{"affineTransform":[1,0,0,1,0,0],"masksToBounds":false,"rotation":0,"scale":1,"position":{"pointX":120.3558349609375,"pointY":119.4383850097656},"width":486,"sublayerTransform":[1,0,0,0,0,1,0,0,0,0,1,0,0,0,0,1],"contentsRect":{"y":0,"x":0,"width":1,"height":1},"opacity":1,"edgeAntialiasingMask":0,"height":243,"hidden":false,"anchorPoint":{"pointX":0.5,"pointY":0.5}},"texture":"1CE341459E01CABDE6AC1E71938A7DB5"}]}]},{"animations":[],"initialState":{"affineTransform":[1,0,0,1,0,0],"masksToBounds":false,"rotation":0,"scale":1,"position":{"pointX":512,"pointY":384},"width":1024,"sublayerTransform":[1,0,0,0,0,1,0,0,0,0,1,0,0,0,0,1],"contentsRect":{"y":0,"x":0,"width":1,"height":1},"opacity":1,"edgeAntialiasingMask":251658240,"height":768,"hidden":false,"anchorPoint":{"pointX":0.5,"pointY":0.5}},"layers":[{"animations":[],"initialState":{"affineTransform":[1,0,0,1,0,0],"masksToBounds":false,"rotation":0,"scale":1,"position":{"pointX":417.722900390625,"pointY":236.5},"width":175,"sublayerTransform":[1,0,0,0,0,1,0,0,0,0,1,0,0,0,0,1],"contentsRect":{"y":0,"x":0,"width":1,"height":1},"opacity":1,"edgeAntialiasingMask":251658240,"height":45.91015625,"hidden":false,"anchorPoint":{"pointX":0.5,"pointY":0.5}},"objectID":"DF99C436-FEC1-42D9-A71A-9A97D779F22E","layers":[{"animations":[],"layers":[],"initialState":{"affineTransform":[1,0,0,1,0,0],"masksToBounds":false,"rotation":0,"scale":1,"position":{"pointX":92.277099609375,"pointY":28.455078125},"width":189,"sublayerTransform":[1,0,0,0,0,1,0,0,0,0,1,0,0,0,0,1],"contentsRect":{"y":0,"x":0,"width":1,"height":1},"opacity":1,"edgeAntialiasingMask":0,"height":60,"hidden":true,"anchorPoint":{"pointX":0.5,"pointY":0.5}},"texture":"1812F8F680752E63B34C0EE5FDBC8516"}]}]},{"animations":[],"initialState":{"affineTransform":[1,0,0,1,0,0],"masksToBounds":false,"rotation":0,"scale":1,"position":{"pointX":512,"pointY":384},"width":1024,"sublayerTransform":[1,0,0,0,0,1,0,0,0,0,1,0,0,0,0,1],"contentsRect":{"y":0,"x":0,"width":1,"height":1},"opacity":1,"edgeAntialiasingMask":251658240,"height":768,"hidden":false,"anchorPoint":{"pointX":0.5,"pointY":0.5}},"layers":[{"animations":[],"initialState":{"affineTransform":[1,0,0,1,0,0],"masksToBounds":false,"rotation":0,"scale":1,"position":{"pointX":602.8858642578125,"pointY":236.5},"width":175,"sublayerTransform":[1,0,0,0,0,1,0,0,0,0,1,0,0,0,0,1],"contentsRect":{"y":0,"x":0,"width":1,"height":1},"opacity":1,"edgeAntialiasingMask":251658240,"height":45.91015625,"hidden":false,"anchorPoint":{"pointX":0.5,"pointY":0.5}},"objectID":"ED8F4B00-DE26-44AE-95E8-5BB2591AB007","layers":[{"animations":[],"layers":[],"initialState":{"affineTransform":[1,0,0,1,0,0],"masksToBounds":false,"rotation":0,"scale":1,"position":{"pointX":92.1141357421875,"pointY":28.455078125},"width":189,"sublayerTransform":[1,0,0,0,0,1,0,0,0,0,1,0,0,0,0,1],"contentsRect":{"y":0,"x":0,"width":1,"height":1},"opacity":1,"edgeAntialiasingMask":0,"height":60,"hidden":true,"anchorPoint":{"pointX":0.5,"pointY":0.5}},"texture":"E1EFB0F6B5B58E0434EB6764378A264E"}]}]}]}},{"effects":[{"beginTime":0,"baseLayer":{"animations":[],"initialState":{"affineTransform":[1,0,0,1,0,0],"masksToBounds":false,"rotation":0,"scale":1,"position":{"pointX":512,"pointY":384},"width":1024,"sublayerTransform":[1,0,0,0,0,1,0,0,0,0,1,0,0,0,0,1],"contentsRect":{"y":0,"x":0,"width":1,"height":1},"opacity":1,"edgeAntialiasingMask":251658240,"height":768,"hidden":false,"anchorPoint":{"pointX":0.5,"pointY":0.5}},"objectID":"0","layers":[{"animations":[],"initialState":{"affineTransform":[1,0,0,1,0,0],"masksToBounds":false,"rotation":0,"scale":1,"position":{"pointX":512,"pointY":384},"width":1024,"sublayerTransform":[1,0,0,0,0,1,0,0,0,0,1,-0.0004922987690640373,0,0,0,1],"contentsRect":{"y":0,"x":0,"width":1,"height":1},"opacity":1,"edgeAntialiasingMask":251658240,"height":768,"hidden":false,"anchorPoint":{"pointX":0.5,"pointY":0.5}},"layers":[{"animations":[],"layers":[],"initialState":{"affineTransform":[1,0,0,1,0,0],"masksToBounds":false,"rotation":0,"scale":1,"position":{"pointX":512,"pointY":384},"width":1024,"sublayerTransform":[1,0,0,0,0,1,0,0,0,0,1,0,0,0,0,1],"contentsRect":{"y":0,"x":0,"width":1,"height":1},"opacity":1,"edgeAntialiasingMask":0,"height":768,"hidden":false,"anchorPoint":{"pointX":0.5,"pointY":0.5}},"texture":"F53C4388984E0C1EAA321465A8C6E0F3"},{"animations":[{"timeOffset":0,"from":{"scalar":1},"beginTime":0,"repeatCount":0,"fillMode":"both","duration":0.949999988079071,"autoreverses":false,"timingFunction":"EaseInEaseOut","property":"opacity","to":{"scalar":0}}],"layers":[],"initialState":{"affineTransform":[1,0,0,1,0,0],"masksToBounds":false,"rotation":0,"scale":1,"position":{"pointX":512,"pointY":384},"width":1024,"sublayerTransform":[1,0,0,0,0,1,0,0,0,0,1,0,0,0,0,1],"contentsRect":{"y":0,"x":0,"width":1,"height":1},"opacity":1,"edgeAntialiasingMask":0,"height":768,"hidden":false,"anchorPoint":{"pointX":0.5,"pointY":0.5}},"texture":"F004E9D8AF6A8B5596B5BD1CD7826CBB"}]}]},"effects":[],"duration":0.949999988079071,"type":"transition","attributes":{"direction":12},"name":"apple:pageflip","objectID":"0"}],"automaticPlay":false,"hyperlinks":[],"accessibility":[{"text":"INScore","targetRectangle":{"y":38,"x":73.57918548583984,"width":193.662,"height":72}},{"text":"Stretch","targetRectangle":{"y":433.436585187912,"x":524.7680053710938,"width":85.66796875,"height":37}},{"text":"Graphic alignment","targetRectangle":{"y":433.4366157054901,"x":204.9348297119141,"width":232.859375,"height":37}},{"text":"master","targetRectangle":{"y":294.2011417150498,"x":571.151291012764,"width":61.123046875,"height":24}},{"text":"￼","targetRectangle":{"y":721.5918579101562,"x":30.26875245571136,"width":20.016,"height":25}},{"text":"pasted-image.tif","targetRectangle":{"y":-319.1939392089844,"x":-285.0513916015625,"width":236,"height":101}},{"text":"relative","targetRectangle":{"y":478.5616136789322,"x":752.9136962890625,"width":115.21875,"height":29}},{"text":"absolute","targetRectangle":{"y":507.5616136789322,"x":752.9136962890625,"width":115.21875,"height":29}},{"text":"/ITL/scene/sync","targetRectangle":{"y":294.2011417150498,"x":124.8186194896698,"width":140.05859375,"height":24}},{"text":"mode","targetRectangle":{"y":294.2011417150498,"x":780.8610981702805,"width":50.029296875,"height":24}},{"text":"Time alignment","targetRectangle":{"y":433.4366157054901,"x":696.6441650390625,"width":194.6328125,"height":37}},{"text":"INScore - An environment for the design of live augmented music scores","targetRectangle":{"y":719.0918582081795,"x":188.5700025558472,"width":646.8600000000001,"height":27}},{"text":"An environment for the design of interactive augmented music scores","targetRectangle":{"y":107.1785278320312,"x":74.31984863281264,"width":853.0499999999997,"height":38}},{"text":"slave","targetRectangle":{"y":294.2011417150497,"x":393.2051692008972,"width":46.689453125,"height":24}},{"text":"h","targetRectangle":{"y":474.5615850687027,"x":580.9515991210938,"width":14.40234375,"height":29}},{"text":"v","targetRectangle":{"y":503.5615850687027,"x":580.9515991210938,"width":14.40234375,"height":29}},{"text":"hv","targetRectangle":{"y":532.5615850687027,"x":580.9515991210938,"width":28.8046875,"height":29}},{"text":"name:mapname","targetRectangle":{"y":224.5000003576279,"x":530.6251192092896,"width":144.521484375,"height":24}},{"text":"Synchronization","targetRectangle":{"y":168.1910858154297,"x":77.40677642822266,"width":251.294,"height":46}},{"text":"syncOver","targetRectangle":{"y":474.5616155862808,"x":261.1184234619141,"width":115.21875,"height":29}},{"text":"syncTop","targetRectangle":{"y":503.5616155862808,"x":261.1184234619141,"width":100.81640625,"height":29}},{"text":"syncBottom","targetRectangle":{"y":532.5616155862808,"x":261.1184234619141,"width":144.0234375,"height":29}},{"text":"name:mapname","targetRectangle":{"y":224.5000003576279,"x":345.4621553421021,"width":144.521484375,"height":24}}],"baseLayer":{"animations":[],"initialState":{"affineTransform":[1,0,0,1,0,0],"masksToBounds":false,"rotation":0,"scale":1,"position":{"pointX":512,"pointY":384},"width":1024,"sublayerTransform":[1,0,0,0,0,1,0,0,0,0,1,0,0,0,0,1],"contentsRect":{"y":0,"x":0,"width":1,"height":1},"opacity":1,"edgeAntialiasingMask":251658240,"height":768,"hidden":false,"anchorPoint":{"pointX":0.5,"pointY":0.5}},"objectID":"0","layers":[{"animations":[],"initialState":{"affineTransform":[1,0,0,1,0,0],"masksToBounds":false,"rotation":0,"scale":1,"position":{"pointX":512,"pointY":384},"width":1024,"sublayerTransform":[1,0,0,0,0,1,0,0,0,0,1,-0.0004922987690640373,0,0,0,1],"contentsRect":{"y":0,"x":0,"width":1,"height":1},"opacity":1,"edgeAntialiasingMask":251658240,"height":768,"hidden":false,"anchorPoint":{"pointX":0.5,"pointY":0.5}},"layers":[{"animations":[],"layers":[],"initialState":{"affineTransform":[1,0,0,1,0,0],"masksToBounds":false,"rotation":0,"scale":1,"position":{"pointX":512,"pointY":384},"width":1024,"sublayerTransform":[1,0,0,0,0,1,0,0,0,0,1,0,0,0,0,1],"contentsRect":{"y":0,"x":0,"width":1,"height":1},"opacity":1,"edgeAntialiasingMask":0,"height":768,"hidden":false,"anchorPoint":{"pointX":0.5,"pointY":0.5}},"texture":"F004E9D8AF6A8B5596B5BD1CD7826CBB"}]}]}}]}