{"assets":{"96CAD65891B89F76F03B9C95BD103658":{"type":"texture","index":1850,"assetRequest":{"type":"slide","state":"outgoing","slide":"7D002E15-3548-45F6-A49E-BED2DEFB29EB"},"url":{"web":"assets/96CAD65891B89F76F03B9C95BD103658.svg"},"width":1024,"height":768},"3333CBD939F084B0325E494E5CC2CA7F":{"type":"texture","index":1851,"assetRequest":{"type":"slide","state":"incoming","slide":"8B498162-97DB-416F-93F1-93CD2F949B57"},"url":{"web":"assets/3333CBD939F084B0325E494E5CC2CA7F.svg"},"width":1024,"height":768}},"events":[{"effects":[{"beginTime":0,"baseLayer":{"animations":[],"initialState":{"affineTransform":[1,0,0,1,0,0],"masksToBounds":false,"rotation":0,"scale":1,"position":{"pointX":512,"pointY":384},"width":1024,"sublayerTransform":[1,0,0,0,0,1,0,0,0,0,1,0,0,0,0,1],"contentsRect":{"y":0,"x":0,"width":1,"height":1},"opacity":1,"edgeAntialiasingMask":251658240,"height":768,"hidden":false,"anchorPoint":{"pointX":0.5,"pointY":0.5}},"objectID":"0","layers":[{"animations":[],"initialState":{"affineTransform":[1,0,0,1,0,0],"masksToBounds":false,"rotation":0,"scale":1,"position":{"pointX":512,"pointY":384},"width":1024,"sublayerTransform":[1,0,0,0,0,1,0,0,0,0,1,-0.0004922987690640373,0,0,0,1],"contentsRect":{"y":0,"x":0,"width":1,"height":1},"opacity":1,"edgeAntialiasingMask":251658240,"height":768,"hidden":false,"anchorPoint":{"pointX":0.5,"pointY":0.5}},"layers":[{"animations":[],"layers":[],"initialState":{"affineTransform":[1,0,0,1,0,0],"masksToBounds":false,"rotation":0,"scale":1,"position":{"pointX":512,"pointY":384},"width":1024,"sublayerTransform":[1,0,0,0,0,1,0,0,0,0,1,0,0,0,0,1],"contentsRect":{"y":0,"x":0,"width":1,"height":1},"opacity":1,"edgeAntialiasingMask":0,"height":768,"hidden":false,"anchorPoint":{"pointX":0.5,"pointY":0.5}},"texture":"3333CBD939F084B0325E494E5CC2CA7F"},{"animations":[{"timeOffset":0,"from":{"scalar":1},"beginTime":0,"repeatCount":0,"fillMode":"both","duration":1,"autoreverses":false,"timingFunction":"EaseInEaseOut","property":"opacity","to":{"scalar":0}}],"layers":[],"initialState":{"affineTransform":[1,0,0,1,0,0],"masksToBounds":false,"rotation":0,"scale":1,"position":{"pointX":512,"pointY":384},"width":1024,"sublayerTransform":[1,0,0,0,0,1,0,0,0,0,1,0,0,0,0,1],"contentsRect":{"y":0,"x":0,"width":1,"height":1},"opacity":1,"edgeAntialiasingMask":0,"height":768,"hidden":false,"anchorPoint":{"pointX":0.5,"pointY":0.5}},"texture":"96CAD65891B89F76F03B9C95BD103658"}]}]},"effects":[],"duration":1,"type":"transition","name":"apple:dissolve","objectID":"0"}],"automaticPlay":false,"hyperlinks":[],"accessibility":[{"text":"and set a new","targetRectangle":{"y":523.8127435445786,"x":669.6397705078125,"width":196.728515625,"height":36}},{"text":"behavior","targetRectangle":{"y":559.8127435445786,"x":669.6397705078125,"width":125.0390625,"height":36}},{"text":"/ITL/scene/ctrl watch mouseEnter (/ITL/scene/ctrl red 240);","targetRectangle":{"y":364.8630670160055,"x":99.55910491943359,"width":708.115234375,"height":24}},{"text":"/ITL/scene/ctrl watch mouseLeave (/ITL/scene/ctrl red 0);","targetRectangle":{"y":388.8630670160055,"x":99.55910491943359,"width":684.111328125,"height":24}},{"text":"An environment for the design of interactive augmented music scores","targetRectangle":{"y":107.1785278320312,"x":74.31984863281264,"width":853.0499999999997,"height":38}},{"text":"INScore","targetRectangle":{"y":38,"x":73.57918548583984,"width":193.662,"height":72}},{"text":"￼","targetRectangle":{"y":721.5918579101562,"x":30.26875245571136,"width":20.016,"height":25}},{"text":"# let's add a simple text that will be used as a controller","targetRectangle":{"y":244.1872551143169,"x":99.55910491943359,"width":708.115234375,"height":24}},{"text":"/ITL/scene/ctrl set txt \"Stop\";","targetRectangle":{"y":268.1872551143169,"x":99.55910491943359,"width":372.060546875,"height":24}},{"text":"/ITL/scene/ctrl scale 3;","targetRectangle":{"y":292.1872551143169,"x":99.55910491943359,"width":288.046875,"height":24}},{"text":"/ITL/scene/ctrl y 0.5;","targetRectangle":{"y":316.1872551143169,"x":99.55910491943359,"width":264.04296875,"height":24}},{"text":"/ITL/scene/ctrl fontFamily Capitals;","targetRectangle":{"y":340.1872551143169,"x":99.55910491943359,"width":432.0703125,"height":24}},{"text":"An interaction sample (sample3.inscore)","targetRectangle":{"y":157.3436279296875,"x":77.40677642822266,"width":590.042,"height":46}},{"text":"pasted-image.tif","targetRectangle":{"y":-319.1939392089844,"x":-285.0513916015625,"width":236,"height":101}},{"text":"on mouse down","targetRectangle":{"y":426.0000001192093,"x":657.4044799804688,"width":228.3251953125,"height":36}},{"text":"/ITL/scene/ctrl watch mouseDown  (","targetRectangle":{"y":429.5388746261597,"x":96.47293853759766,"width":489.6796875,"height":29}},{"text":"\t\t/ITL/scene/ctrl push,","targetRectangle":{"y":458.5388746261597,"x":96.47293853759766,"width":374.44921875,"height":29}},{"text":"\t\t/ITL/scene/cursor tempo 0,","targetRectangle":{"y":487.5388746261597,"x":96.47293853759766,"width":446.4609375,"height":29}},{"text":"\t\t/ITL/scene/ctrl set txt \"Start\",","targetRectangle":{"y":516.5388746261597,"x":96.47293853759766,"width":532.875,"height":29}},{"text":"\t\t/ITL/scene/ctrl watch mouseDown (","targetRectangle":{"y":545.5388746261597,"x":96.47293853759766,"width":547.27734375,"height":29}},{"text":"\t\t\t/ITL/scene/cursor tempo 80,","targetRectangle":{"y":574.5388746261597,"x":96.47293853759766,"width":496.86328125,"height":29}},{"text":"\t\t\t/ITL/scene/ctrl set txt \"Stop\",","targetRectangle":{"y":603.5388746261597,"x":96.47293853759766,"width":554.47265625,"height":29}},{"text":"\t\t\t/ITL/scene/ctrl pop ) );","targetRectangle":{"y":632.5388746261597,"x":96.47293853759766,"width":453.65625,"height":29}}],"baseLayer":{"animations":[],"initialState":{"affineTransform":[1,0,0,1,0,0],"masksToBounds":false,"rotation":0,"scale":1,"position":{"pointX":512,"pointY":384},"width":1024,"sublayerTransform":[1,0,0,0,0,1,0,0,0,0,1,0,0,0,0,1],"contentsRect":{"y":0,"x":0,"width":1,"height":1},"opacity":1,"edgeAntialiasingMask":251658240,"height":768,"hidden":false,"anchorPoint":{"pointX":0.5,"pointY":0.5}},"objectID":"0","layers":[{"animations":[],"initialState":{"affineTransform":[1,0,0,1,0,0],"masksToBounds":false,"rotation":0,"scale":1,"position":{"pointX":512,"pointY":384},"width":1024,"sublayerTransform":[1,0,0,0,0,1,0,0,0,0,1,-0.0004922987690640373,0,0,0,1],"contentsRect":{"y":0,"x":0,"width":1,"height":1},"opacity":1,"edgeAntialiasingMask":251658240,"height":768,"hidden":false,"anchorPoint":{"pointX":0.5,"pointY":0.5}},"layers":[{"animations":[],"layers":[],"initialState":{"affineTransform":[1,0,0,1,0,0],"masksToBounds":false,"rotation":0,"scale":1,"position":{"pointX":512,"pointY":384},"width":1024,"sublayerTransform":[1,0,0,0,0,1,0,0,0,0,1,0,0,0,0,1],"contentsRect":{"y":0,"x":0,"width":1,"height":1},"opacity":1,"edgeAntialiasingMask":0,"height":768,"hidden":false,"anchorPoint":{"pointX":0.5,"pointY":0.5}},"texture":"96CAD65891B89F76F03B9C95BD103658"}]}]}}]}