{"assets":{"3F96ED5600C52F69307CC02BDAA34021":{"type":"texture","index":435,"assetRequest":{"type":"slide","state":"incoming","slide":"943EBA47-B752-410F-8CBA-E350A641A84A"},"url":{"web":"assets/3F96ED5600C52F69307CC02BDAA34021.svg"},"width":1024,"height":768},"7791045A79259F338F09FF670D707BF2":{"type":"texture","index":433,"assetRequest":{"type":"slide","state":"contents","slide":"3CE495C4-EF28-41DB-9A1E-492ABE719051"},"url":{"web":"assets/7791045A79259F338F09FF670D707BF2.svg"},"width":181,"height":109},"A0E9EB7745CEFDEEA7954B10BD245E3D":{"type":"texture","index":431,"assetRequest":{"type":"slide","state":"contents","slide":"3CE495C4-EF28-41DB-9A1E-492ABE719051"},"url":{"web":"assets/A0E9EB7745CEFDEEA7954B10BD245E3D.svg"},"width":175,"height":92},"FDC19948262FCD87F48B42B5BD6C0674":{"type":"texture","index":432,"assetRequest":{"type":"slide","state":"contents","slide":"3CE495C4-EF28-41DB-9A1E-492ABE719051"},"url":{"web":"assets/FDC19948262FCD87F48B42B5BD6C0674.svg"},"width":417,"height":262},"AF491C3F6410167B5D46A376B19AC0AF":{"type":"texture","index":434,"assetRequest":{"type":"slide","state":"outgoing","slide":"3CE495C4-EF28-41DB-9A1E-492ABE719051"},"url":{"web":"assets/AF491C3F6410167B5D46A376B19AC0AF.svg"},"width":1024,"height":768},"DB8451458D98EFA7506DBEBC2B1323F0":{"type":"texture","index":429,"assetRequest":{"type":"slide","state":"contents","slide":"3CE495C4-EF28-41DB-9A1E-492ABE719051"},"url":{"web":"assets/DB8451458D98EFA7506DBEBC2B1323F0.svg"},"width":1024,"height":768},"9E7D993D748360BD5AD973B1CACEF741":{"type":"texture","index":430,"assetRequest":{"type":"slide","state":"contents","slide":"3CE495C4-EF28-41DB-9A1E-492ABE719051"},"url":{"web":"assets/9E7D993D748360BD5AD973B1CACEF741.svg"},"width":369,"height":268}},"events":[{"effects":[{"beginTime":0,"baseLayer":{"animations":[],"initialState":{"affineTransform":[1,0,0,1,0,0],"masksToBounds":false,"rotation":0,"scale":1,"position":{"pointX":529.1542913342536,"pointY":263.850079786552},"width":171.7170005134089,"sublayerTransform":[1,0,0,0,0,1,0,0,0,0,1,0,0,0,0,1],"contentsRect":{"y":0,"x":0,"width":1,"height":1},"opacity":1,"edgeAntialiasingMask":251658240,"height":89.55340866550955,"hidden":false,"anchorPoint":{"pointX":0.5,"pointY":0.5}},"objectID":"150C3869-DA2C-4D85-8BB1-6B3811D38D62","layers":[{"animations":[],"initialState":{"affineTransform":[1,0,0,1,0,0],"masksToBounds":false,"rotation":0,"scale":1,"position":{"pointX":68.7042089224509,"pointY":164.9266245462028},"width":171.7170005134089,"sublayerTransform":[1,0,0,0,0,1,0,0,0,0,1,-0.0004922987690640373,0,0,0,1],"contentsRect":{"y":0,"x":0,"width":1,"height":1},"opacity":1,"edgeAntialiasingMask":251658240,"height":89.55340866550955,"hidden":false,"anchorPoint":{"pointX":0.4001013802770563,"pointY":1.841656582411277}},"layers":[{"animations":[{"timeOffset":0,"beginTime":1e-100,"repeatCount":0,"animations":[{"timeOffset":0,"from":{"scalar":0},"beginTime":0,"repeatCount":0,"fillMode":"both","duration":0.9,"autoreverses":false,"timingFunction":"EaseInEaseOut","property":"opacity","to":{"scalar":1}},{"timeOffset":0,"from":{"scalar":false},"beginTime":0,"repeatCount":0,"fillMode":"forwards","property":"hidden","autoreverses":false,"duration":0.9,"to":{"scalar":false}}],"fillMode":"both","autoreverses":false,"duration":0.9}],"layers":[],"initialState":{"affineTransform":[1,0,0,1,0,0],"masksToBounds":false,"rotation":0,"scale":1,"position":{"pointX":86.2042089224509,"pointY":44.92662454620279},"width":175,"sublayerTransform":[1,0,0,0,0,1,0,0,0,0,1,0,0,0,0,1],"contentsRect":{"y":0,"x":0,"width":1,"height":1},"opacity":1,"edgeAntialiasingMask":0,"height":92,"hidden":true,"anchorPoint":{"pointX":0.5,"pointY":0.5}},"texture":"A0E9EB7745CEFDEEA7954B10BD245E3D"}]}]},"effects":[{"beginTime":0,"baseLayer":{"animations":[],"initialState":{"affineTransform":[1,0,0,1,0,0],"masksToBounds":false,"rotation":0,"scale":1,"position":{"pointX":529.7195173581856,"pointY":448.458239917538},"width":177.70994707007,"sublayerTransform":[1,0,0,0,0,1,0,0,0,0,1,0,0,0,0,1],"contentsRect":{"y":0,"x":0,"width":1,"height":1},"opacity":1,"edgeAntialiasingMask":251658240,"height":105.9199482584523,"hidden":false,"anchorPoint":{"pointX":0.5,"pointY":0.5}},"objectID":"3AA2A824-0557-4F86-A172-5BAC87F9FB13","layers":[{"animations":[],"initialState":{"affineTransform":[1,0,0,1,0,0],"masksToBounds":false,"rotation":0,"scale":1,"position":{"pointX":71.1354561768494,"pointY":-11.49826578831187},"width":177.70994707007,"sublayerTransform":[1,0,0,0,0,1,0,0,0,0,1,-0.0004922987690640373,0,0,0,1],"contentsRect":{"y":0,"x":0,"width":1,"height":1},"opacity":1,"edgeAntialiasingMask":251658240,"height":105.9199482584523,"hidden":false,"anchorPoint":{"pointX":0.4002896706102844,"pointY":-0.1085561877376986}},"layers":[{"animations":[{"timeOffset":0,"beginTime":1e-100,"repeatCount":0,"animations":[{"timeOffset":0,"from":{"scalar":0},"beginTime":0,"repeatCount":0,"fillMode":"both","duration":0.9,"autoreverses":false,"timingFunction":"EaseInEaseOut","property":"opacity","to":{"scalar":1}},{"timeOffset":0,"from":{"scalar":false},"beginTime":0,"repeatCount":0,"fillMode":"forwards","property":"hidden","autoreverses":false,"duration":0.9,"to":{"scalar":false}}],"fillMode":"both","autoreverses":false,"duration":0.9}],"layers":[],"initialState":{"affineTransform":[1,0,0,1,0,0],"masksToBounds":false,"rotation":0,"scale":1,"position":{"pointX":88.6354561768494,"pointY":53.00173421168813},"width":181,"sublayerTransform":[1,0,0,0,0,1,0,0,0,0,1,0,0,0,0,1],"contentsRect":{"y":0,"x":0,"width":1,"height":1},"opacity":1,"edgeAntialiasingMask":0,"height":109,"hidden":true,"anchorPoint":{"pointX":0.5,"pointY":0.5}},"texture":"7791045A79259F338F09FF670D707BF2"}]}]},"effects":[],"duration":0.9,"type":"buildIn","attributes":{"direction":12},"name":"apple:wipe","objectID":"3AA2A824-0557-4F86-A172-5BAC87F9FB13"}],"duration":0.9,"type":"buildIn","attributes":{"direction":11},"name":"apple:wipe","objectID":"150C3869-DA2C-4D85-8BB1-6B3811D38D62"}],"automaticPlay":false,"hyperlinks":[],"accessibility":[{"text":"Notation","targetRectangle":{"y":337.5085754394531,"x":581.93701171875,"width":97.3125,"height":29}},{"text":"Composition process","targetRectangle":{"y":322.9128723144531,"x":351.0804748535156,"width":140.0625,"height":58}}],"baseLayer":{"animations":[],"initialState":{"affineTransform":[1,0,0,1,0,0],"masksToBounds":false,"rotation":0,"scale":1,"position":{"pointX":512,"pointY":384},"width":1024,"sublayerTransform":[1,0,0,0,0,1,0,0,0,0,1,0,0,0,0,1],"contentsRect":{"y":0,"x":0,"width":1,"height":1},"opacity":1,"edgeAntialiasingMask":251658240,"height":768,"hidden":false,"anchorPoint":{"pointX":0.5,"pointY":0.5}},"layers":[{"animations":[],"initialState":{"affineTransform":[1,0,0,1,0,0],"masksToBounds":false,"rotation":0,"scale":1,"position":{"pointX":512,"pointY":384},"width":1024,"sublayerTransform":[1,0,0,0,0,1,0,0,0,0,1,0,0,0,0,1],"contentsRect":{"y":0,"x":0,"width":1,"height":1},"opacity":1,"edgeAntialiasingMask":251658240,"height":768,"hidden":false,"anchorPoint":{"pointX":0.5,"pointY":0.5}},"layers":[{"animations":[],"initialState":{"affineTransform":[1,0,0,1,0,0],"masksToBounds":false,"rotation":0,"scale":1,"position":{"pointX":512,"pointY":384},"width":1024,"sublayerTransform":[1,0,0,0,0,1,0,0,0,0,1,0,0,0,0,1],"contentsRect":{"y":0,"x":0,"width":1,"height":1},"opacity":1,"edgeAntialiasingMask":251658240,"height":768,"hidden":false,"anchorPoint":{"pointX":0.5,"pointY":0.5}},"layers":[{"animations":[],"layers":[],"initialState":{"affineTransform":[1,0,0,1,0,0],"masksToBounds":false,"rotation":0,"scale":1,"position":{"pointX":512,"pointY":384},"width":1024,"sublayerTransform":[1,0,0,0,0,1,0,0,0,0,1,0,0,0,0,1],"contentsRect":{"y":0,"x":0,"width":1,"height":1},"opacity":1,"edgeAntialiasingMask":0,"height":768,"hidden":false,"anchorPoint":{"pointX":0.5,"pointY":0.5}},"texture":"DB8451458D98EFA7506DBEBC2B1323F0"}]}]},{"animations":[],"initialState":{"affineTransform":[1,0,0,1,0,0],"masksToBounds":false,"rotation":0,"scale":1,"position":{"pointX":512,"pointY":384},"width":1024,"sublayerTransform":[1,0,0,0,0,1,0,0,0,0,1,0,0,0,0,1],"contentsRect":{"y":0,"x":0,"width":1,"height":1},"opacity":1,"edgeAntialiasingMask":251658240,"height":768,"hidden":false,"anchorPoint":{"pointX":0.5,"pointY":0.5}},"layers":[{"animations":[],"initialState":{"affineTransform":[1,0,0,1,0,0],"masksToBounds":false,"rotation":0,"scale":1,"position":{"pointX":630.58544921875,"pointY":352.0222473144531},"width":125.703125,"sublayerTransform":[1,0,0,0,0,1,0,0,0,0,1,0,0,0,0,1],"contentsRect":{"y":0,"x":0,"width":1,"height":1},"opacity":1,"edgeAntialiasingMask":251658240,"height":115.37109375,"hidden":false,"anchorPoint":{"pointX":0.5,"pointY":0.5}},"objectID":"7971D082-3F9A-4A57-82E7-B42EFBA3CEE2","layers":[{"animations":[],"layers":[],"initialState":{"affineTransform":[1,0,0,1,0,0],"masksToBounds":false,"rotation":0,"scale":1,"position":{"pointX":62.76611328125,"pointY":57.66329956054688},"width":369,"sublayerTransform":[1,0,0,0,0,1,0,0,0,0,1,0,0,0,0,1],"contentsRect":{"y":0,"x":0,"width":1,"height":1},"opacity":1,"edgeAntialiasingMask":0,"height":268,"hidden":false,"anchorPoint":{"pointX":0.5,"pointY":0.5}},"texture":"9E7D993D748360BD5AD973B1CACEF741"}]}]},{"animations":[],"initialState":{"affineTransform":[1,0,0,1,0,0],"masksToBounds":false,"rotation":0,"scale":1,"position":{"pointX":512,"pointY":384},"width":1024,"sublayerTransform":[1,0,0,0,0,1,0,0,0,0,1,0,0,0,0,1],"contentsRect":{"y":0,"x":0,"width":1,"height":1},"opacity":1,"edgeAntialiasingMask":251658240,"height":768,"hidden":false,"anchorPoint":{"pointX":0.5,"pointY":0.5}},"layers":[{"animations":[],"initialState":{"affineTransform":[1,0,0,1,0,0],"masksToBounds":false,"rotation":0,"scale":1,"position":{"pointX":529.1542913342536,"pointY":263.850079786552},"width":171.7170005134089,"sublayerTransform":[1,0,0,0,0,1,0,0,0,0,1,0,0,0,0,1],"contentsRect":{"y":0,"x":0,"width":1,"height":1},"opacity":1,"edgeAntialiasingMask":251658240,"height":89.55340866550955,"hidden":false,"anchorPoint":{"pointX":0.5,"pointY":0.5}},"objectID":"150C3869-DA2C-4D85-8BB1-6B3811D38D62","layers":[{"animations":[],"layers":[],"initialState":{"affineTransform":[1,0,0,1,0,0],"masksToBounds":false,"rotation":0,"scale":1,"position":{"pointX":86.2042089224509,"pointY":44.92662454620279},"width":175,"sublayerTransform":[1,0,0,0,0,1,0,0,0,0,1,0,0,0,0,1],"contentsRect":{"y":0,"x":0,"width":1,"height":1},"opacity":1,"edgeAntialiasingMask":0,"height":92,"hidden":true,"anchorPoint":{"pointX":0.5,"pointY":0.5}},"texture":"A0E9EB7745CEFDEEA7954B10BD245E3D"}]}]},{"animations":[],"initialState":{"affineTransform":[1,0,0,1,0,0],"masksToBounds":false,"rotation":0,"scale":1,"position":{"pointX":512,"pointY":384},"width":1024,"sublayerTransform":[1,0,0,0,0,1,0,0,0,0,1,0,0,0,0,1],"contentsRect":{"y":0,"x":0,"width":1,"height":1},"opacity":1,"edgeAntialiasingMask":251658240,"height":768,"hidden":false,"anchorPoint":{"pointX":0.5,"pointY":0.5}},"layers":[{"animations":[],"initialState":{"affineTransform":[1,0,0,1,0,0],"masksToBounds":false,"rotation":0,"scale":1,"position":{"pointX":417.7777404785156,"pointY":352.0222473144531},"width":174.429443359375,"sublayerTransform":[1,0,0,0,0,1,0,0,0,0,1,0,0,0,0,1],"contentsRect":{"y":0,"x":0,"width":1,"height":1},"opacity":1,"edgeAntialiasingMask":251658240,"height":89,"hidden":false,"anchorPoint":{"pointX":0.5,"pointY":0.5}},"objectID":"6E6EF912-5F1D-4619-8A15-33824E0AA874","layers":[{"animations":[],"layers":[],"initialState":{"affineTransform":[1,0,0,1,0,0],"masksToBounds":false,"rotation":0,"scale":1,"position":{"pointX":86.93698120117188,"pointY":44.47775268554688},"width":417,"sublayerTransform":[1,0,0,0,0,1,0,0,0,0,1,0,0,0,0,1],"contentsRect":{"y":0,"x":0,"width":1,"height":1},"opacity":1,"edgeAntialiasingMask":0,"height":262,"hidden":false,"anchorPoint":{"pointX":0.5,"pointY":0.5}},"texture":"FDC19948262FCD87F48B42B5BD6C0674"}]}]},{"animations":[],"initialState":{"affineTransform":[1,0,0,1,0,0],"masksToBounds":false,"rotation":0,"scale":1,"position":{"pointX":512,"pointY":384},"width":1024,"sublayerTransform":[1,0,0,0,0,1,0,0,0,0,1,0,0,0,0,1],"contentsRect":{"y":0,"x":0,"width":1,"height":1},"opacity":1,"edgeAntialiasingMask":251658240,"height":768,"hidden":false,"anchorPoint":{"pointX":0.5,"pointY":0.5}},"layers":[{"animations":[],"initialState":{"affineTransform":[1,0,0,1,0,0],"masksToBounds":false,"rotation":0,"scale":1,"position":{"pointX":529.7195173581856,"pointY":448.458239917538},"width":177.70994707007,"sublayerTransform":[1,0,0,0,0,1,0,0,0,0,1,0,0,0,0,1],"contentsRect":{"y":0,"x":0,"width":1,"height":1},"opacity":1,"edgeAntialiasingMask":251658240,"height":105.9199482584523,"hidden":false,"anchorPoint":{"pointX":0.5,"pointY":0.5}},"objectID":"3AA2A824-0557-4F86-A172-5BAC87F9FB13","layers":[{"animations":[],"layers":[],"initialState":{"affineTransform":[1,0,0,1,0,0],"masksToBounds":false,"rotation":0,"scale":1,"position":{"pointX":88.6354561768494,"pointY":53.00173421168813},"width":181,"sublayerTransform":[1,0,0,0,0,1,0,0,0,0,1,0,0,0,0,1],"contentsRect":{"y":0,"x":0,"width":1,"height":1},"opacity":1,"edgeAntialiasingMask":0,"height":109,"hidden":true,"anchorPoint":{"pointX":0.5,"pointY":0.5}},"texture":"7791045A79259F338F09FF670D707BF2"}]}]}]}},{"effects":[{"beginTime":0,"baseLayer":{"animations":[],"initialState":{"affineTransform":[1,0,0,1,0,0],"masksToBounds":false,"rotation":0,"scale":1,"position":{"pointX":512,"pointY":384},"width":1024,"sublayerTransform":[1,0,0,0,0,1,0,0,0,0,1,0,0,0,0,1],"contentsRect":{"y":0,"x":0,"width":1,"height":1},"opacity":1,"edgeAntialiasingMask":251658240,"height":768,"hidden":false,"anchorPoint":{"pointX":0.5,"pointY":0.5}},"objectID":"0","layers":[{"animations":[],"initialState":{"affineTransform":[1,0,0,1,0,0],"masksToBounds":false,"rotation":0,"scale":1,"position":{"pointX":512,"pointY":384},"width":1024,"sublayerTransform":[1,0,0,0,0,1,0,0,0,0,1,-0.0004922987690640373,0,0,0,1],"contentsRect":{"y":0,"x":0,"width":1,"height":1},"opacity":1,"edgeAntialiasingMask":251658240,"height":768,"hidden":false,"anchorPoint":{"pointX":0.5,"pointY":0.5}},"layers":[{"animations":[],"layers":[],"initialState":{"affineTransform":[1,0,0,1,0,0],"masksToBounds":false,"rotation":0,"scale":1,"position":{"pointX":512,"pointY":384},"width":1024,"sublayerTransform":[1,0,0,0,0,1,0,0,0,0,1,0,0,0,0,1],"contentsRect":{"y":0,"x":0,"width":1,"height":1},"opacity":1,"edgeAntialiasingMask":0,"height":768,"hidden":false,"anchorPoint":{"pointX":0.5,"pointY":0.5}},"texture":"3F96ED5600C52F69307CC02BDAA34021"},{"animations":[{"timeOffset":0,"beginTime":0,"repeatCount":0,"animations":[{"timeOffset":0,"from":{"scalar":1},"beginTime":0,"repeatCount":0,"fillMode":"removed","property":"opacity","autoreverses":false,"duration":0.5,"to":{"scalar":1}},{"timeOffset":0,"from":{"scalar":0},"beginTime":0.5,"repeatCount":0,"fillMode":"removed","property":"opacity","autoreverses":false,"duration":0.5,"to":{"scalar":0}}],"fillMode":"both","autoreverses":false,"duration":1}],"layers":[],"initialState":{"affineTransform":[1,0,0,1,0,0],"masksToBounds":false,"rotation":0,"scale":1,"position":{"pointX":512,"pointY":384},"width":1024,"sublayerTransform":[1,0,0,0,0,1,0,0,0,0,1,0,0,0,0,1],"contentsRect":{"y":0,"x":0,"width":1,"height":1},"opacity":1,"edgeAntialiasingMask":0,"height":768,"hidden":false,"anchorPoint":{"pointX":0.5,"pointY":0.5}},"texture":"AF491C3F6410167B5D46A376B19AC0AF"},{"animations":[{"timeOffset":0,"beginTime":0,"repeatCount":0,"animations":[{"timeOffset":0,"from":{"scalar":0},"beginTime":0,"repeatCount":0,"fillMode":"removed","duration":0.5,"autoreverses":false,"timingFunction":"EaseIn","property":"opacity","to":{"scalar":1}},{"timeOffset":0,"from":{"scalar":1},"beginTime":0.5,"repeatCount":0,"fillMode":"removed","duration":0.5,"autoreverses":false,"timingFunction":"EaseOut","property":"opacity","to":{"scalar":0}}],"fillMode":"both","autoreverses":false,"duration":1}],"initialState":{"affineTransform":[1,0,0,1,0,0],"scale":1,"rotation":0,"masksToBounds":false,"position":{"pointX":512,"pointY":384},"backgroundColor":[0,0,0,1],"width":1024,"sublayerTransform":[1,0,0,0,0,1,0,0,0,0,1,0,0,0,0,1],"contentsRect":{"y":0,"x":0,"width":1,"height":1},"opacity":0,"edgeAntialiasingMask":251658240,"height":768,"hidden":false,"anchorPoint":{"pointX":0.5,"pointY":0.5}},"layers":[]}]}]},"effects":[],"duration":1,"type":"transition","name":"com.apple.iWork.Keynote.BLTFadeThruColor","objectID":"0"}],"automaticPlay":false,"hyperlinks":[],"accessibility":[{"text":"Notation","targetRectangle":{"y":337.5085754394531,"x":581.93701171875,"width":97.3125,"height":29}},{"text":"Composition process","targetRectangle":{"y":322.9128723144531,"x":351.0804748535156,"width":140.0625,"height":58}}],"baseLayer":{"animations":[],"initialState":{"affineTransform":[1,0,0,1,0,0],"masksToBounds":false,"rotation":0,"scale":1,"position":{"pointX":512,"pointY":384},"width":1024,"sublayerTransform":[1,0,0,0,0,1,0,0,0,0,1,0,0,0,0,1],"contentsRect":{"y":0,"x":0,"width":1,"height":1},"opacity":1,"edgeAntialiasingMask":251658240,"height":768,"hidden":false,"anchorPoint":{"pointX":0.5,"pointY":0.5}},"objectID":"0","layers":[{"animations":[],"initialState":{"affineTransform":[1,0,0,1,0,0],"masksToBounds":false,"rotation":0,"scale":1,"position":{"pointX":512,"pointY":384},"width":1024,"sublayerTransform":[1,0,0,0,0,1,0,0,0,0,1,-0.0004922987690640373,0,0,0,1],"contentsRect":{"y":0,"x":0,"width":1,"height":1},"opacity":1,"edgeAntialiasingMask":251658240,"height":768,"hidden":false,"anchorPoint":{"pointX":0.5,"pointY":0.5}},"layers":[{"animations":[],"layers":[],"initialState":{"affineTransform":[1,0,0,1,0,0],"masksToBounds":false,"rotation":0,"scale":1,"position":{"pointX":512,"pointY":384},"width":1024,"sublayerTransform":[1,0,0,0,0,1,0,0,0,0,1,0,0,0,0,1],"contentsRect":{"y":0,"x":0,"width":1,"height":1},"opacity":1,"edgeAntialiasingMask":0,"height":768,"hidden":false,"anchorPoint":{"pointX":0.5,"pointY":0.5}},"texture":"AF491C3F6410167B5D46A376B19AC0AF"}]}]}}]}