{"assets":{"3C86DAD46F7DF4A900608DFD3DF747D6":{"type":"texture","index":34,"assetRequest":{"type":"slide","state":"incoming","slide":"3064E72F-689D-4245-A2EB-6A8F28C0555D"},"url":{"web":"assets/3C86DAD46F7DF4A900608DFD3DF747D6.svg"},"width":1024,"height":768},"FAF50E2C833656269FE7127F4155E5F8":{"type":"texture","index":33,"assetRequest":{"type":"slide","state":"outgoing","slide":"CB8D3B6D-BFB2-460F-B45B-C31457383EF3"},"url":{"web":"assets/FAF50E2C833656269FE7127F4155E5F8.svg"},"width":1024,"height":768}},"events":[{"effects":[{"beginTime":0,"baseLayer":{"animations":[],"initialState":{"affineTransform":[1,0,0,1,0,0],"masksToBounds":false,"rotation":0,"scale":1,"position":{"pointX":512,"pointY":384},"width":1024,"sublayerTransform":[1,0,0,0,0,1,0,0,0,0,1,0,0,0,0,1],"contentsRect":{"y":0,"x":0,"width":1,"height":1},"opacity":1,"edgeAntialiasingMask":251658240,"height":768,"hidden":false,"anchorPoint":{"pointX":0.5,"pointY":0.5}},"objectID":"0","layers":[{"animations":[],"initialState":{"affineTransform":[1,0,0,1,0,0],"masksToBounds":false,"rotation":0,"scale":1,"position":{"pointX":512,"pointY":384},"width":1024,"sublayerTransform":[1,0,0,0,0,1,0,0,0,0,1,-0.0004922987690640373,0,0,0,1],"contentsRect":{"y":0,"x":0,"width":1,"height":1},"opacity":1,"edgeAntialiasingMask":251658240,"height":768,"hidden":false,"anchorPoint":{"pointX":0.5,"pointY":0.5}},"layers":[{"animations":[],"layers":[],"initialState":{"affineTransform":[1,0,0,1,0,0],"masksToBounds":false,"rotation":0,"scale":1,"position":{"pointX":512,"pointY":384},"width":1024,"sublayerTransform":[1,0,0,0,0,1,0,0,0,0,1,0,0,0,0,1],"contentsRect":{"y":0,"x":0,"width":1,"height":1},"opacity":1,"edgeAntialiasingMask":0,"height":768,"hidden":false,"anchorPoint":{"pointX":0.5,"pointY":0.5}},"texture":"3C86DAD46F7DF4A900608DFD3DF747D6"},{"animations":[{"timeOffset":0,"from":{"scalar":1},"beginTime":0,"repeatCount":0,"fillMode":"both","duration":1,"autoreverses":false,"timingFunction":"EaseInEaseOut","property":"opacity","to":{"scalar":0}}],"layers":[],"initialState":{"affineTransform":[1,0,0,1,0,0],"masksToBounds":false,"rotation":0,"scale":1,"position":{"pointX":512,"pointY":384},"width":1024,"sublayerTransform":[1,0,0,0,0,1,0,0,0,0,1,0,0,0,0,1],"contentsRect":{"y":0,"x":0,"width":1,"height":1},"opacity":1,"edgeAntialiasingMask":0,"height":768,"hidden":false,"anchorPoint":{"pointX":0.5,"pointY":0.5}},"texture":"FAF50E2C833656269FE7127F4155E5F8"}]}]},"effects":[],"duration":1,"type":"transition","name":"apple:dissolve","objectID":"0"}],"automaticPlay":false,"hyperlinks":[],"accessibility":[{"text":"Guido Music Notation Language","targetRectangle":{"y":720.5918582081795,"x":366.2300028800964,"width":291.54,"height":27}},{"text":"pasted-image.tif","targetRectangle":{"y":-319.1939392089844,"x":-285.0513916015625,"width":236,"height":101}},{"text":"A simple textual language for music scores description.","targetRectangle":{"y":107.1785278320312,"x":73.38327026367188,"width":688.0439999999999,"height":38}},{"text":"￼","targetRectangle":{"y":721.5918579101562,"x":35.27275237441063,"width":10.008,"height":25}},{"text":"{","targetRectangle":{"y":181.2959175109863,"x":148.6484375,"width":13.2021484375,"height":26}},{"text":"\t[ \t\\meter<\"2/4\"> \\stemsUp","targetRectangle":{"y":207.2959175109863,"x":148.6484375,"width":382.447265625,"height":26}},{"text":"\t\t\\beam(g2*1/32 e2*1/16 c2*3/32) ","targetRectangle":{"y":233.2959175109863,"x":148.6484375,"width":501.2666015625,"height":26}},{"text":"\t\tc2*1/8 \\beam(a1*1/16 c2 f2)","targetRectangle":{"y":259.2959175109863,"x":148.6484375,"width":448.4580078125,"height":26}},{"text":"\t \t\\beam(g2*1/32 d2*1/16 h1*3/32) ","targetRectangle":{"y":285.2959175109863,"x":148.6484375,"width":501.2666015625,"height":26}},{"text":"\t\td2*1/8 \\beam(h1*1/16 d2 g2)","targetRectangle":{"y":311.2959175109863,"x":148.6484375,"width":448.4580078125,"height":26}},{"text":"\t],","targetRectangle":{"y":337.2959175109863,"x":148.6484375,"width":72.404296875,"height":26}},{"text":"\t[\t\\staff<1> \\stemsDown g1*1/8 e1*1/8 ","targetRectangle":{"y":363.2959175109863,"x":148.6484375,"width":554.0751953125,"height":26}},{"text":"\t\t\\beam(g1*1/16 d f a) a1*1/8 e1*1/8 ","targetRectangle":{"y":389.2959175109863,"x":148.6484375,"width":554.0751953125,"height":26}},{"text":"\t\t\\beam(a1*1/16 e g h)","targetRectangle":{"y":415.2959175109863,"x":148.6484375,"width":356.04296875,"height":26}},{"text":"\t],","targetRectangle":{"y":441.2959175109863,"x":148.6484375,"width":72.404296875,"height":26}},{"text":"\t[\t\\staff<2> \\meter<\"2/4\"> \\stemsUp a0*1/4 f0*1/4 ","targetRectangle":{"y":467.2959175109863,"x":148.6484375,"width":712.5009765625,"height":26}},{"text":"\t\th0*1/4 c1*1/4","targetRectangle":{"y":493.2959175109863,"x":148.6484375,"width":263.6279296875,"height":26}},{"text":"\t],","targetRectangle":{"y":519.2959175109863,"x":148.6484375,"width":72.404296875,"height":26}},{"text":"\t[\t\\staff<2> \\stemsDown f0*1/4 d0*1/4 ","targetRectangle":{"y":545.2959175109863,"x":148.6484375,"width":554.0751953125,"height":26}},{"text":"\t\tg0*1/4 a0*1/4","targetRectangle":{"y":571.2959175109863,"x":148.6484375,"width":263.6279296875,"height":26}},{"text":"\t]","targetRectangle":{"y":597.2959175109863,"x":148.6484375,"width":59.2021484375,"height":26}},{"text":"}","targetRectangle":{"y":623.2959175109863,"x":148.6484375,"width":13.2021484375,"height":26}},{"text":"GUIDO Music Notation Language","targetRectangle":{"y":42,"x":73.38327026367188,"width":775.85,"height":68}}],"baseLayer":{"animations":[],"initialState":{"affineTransform":[1,0,0,1,0,0],"masksToBounds":false,"rotation":0,"scale":1,"position":{"pointX":512,"pointY":384},"width":1024,"sublayerTransform":[1,0,0,0,0,1,0,0,0,0,1,0,0,0,0,1],"contentsRect":{"y":0,"x":0,"width":1,"height":1},"opacity":1,"edgeAntialiasingMask":251658240,"height":768,"hidden":false,"anchorPoint":{"pointX":0.5,"pointY":0.5}},"objectID":"0","layers":[{"animations":[],"initialState":{"affineTransform":[1,0,0,1,0,0],"masksToBounds":false,"rotation":0,"scale":1,"position":{"pointX":512,"pointY":384},"width":1024,"sublayerTransform":[1,0,0,0,0,1,0,0,0,0,1,-0.0004922987690640373,0,0,0,1],"contentsRect":{"y":0,"x":0,"width":1,"height":1},"opacity":1,"edgeAntialiasingMask":251658240,"height":768,"hidden":false,"anchorPoint":{"pointX":0.5,"pointY":0.5}},"layers":[{"animations":[],"layers":[],"initialState":{"affineTransform":[1,0,0,1,0,0],"masksToBounds":false,"rotation":0,"scale":1,"position":{"pointX":512,"pointY":384},"width":1024,"sublayerTransform":[1,0,0,0,0,1,0,0,0,0,1,0,0,0,0,1],"contentsRect":{"y":0,"x":0,"width":1,"height":1},"opacity":1,"edgeAntialiasingMask":0,"height":768,"hidden":false,"anchorPoint":{"pointX":0.5,"pointY":0.5}},"texture":"FAF50E2C833656269FE7127F4155E5F8"}]}]}}]}