{"assets":{"2706F76DD9FD6023345EFEFCF5CAA34C":{"type":"texture","index":688,"assetRequest":{"type":"slide","state":"text","slide":"808A5A4D-50B8-4BBD-A42C-71109FDD9271"},"url":{"web":"assets/2706F76DD9FD6023345EFEFCF5CAA34C.svg"},"width":100,"height":40},"9C91A7B6794D5D31F6F055C8C37E455F":{"type":"texture","index":679,"assetRequest":{"type":"slide","state":"text","slide":"808A5A4D-50B8-4BBD-A42C-71109FDD9271"},"url":{"web":"assets/9C91A7B6794D5D31F6F055C8C37E455F.svg"},"width":624,"height":23},"EE82E0FFA2285541B48DEF354450AB30":{"type":"texture","index":684,"assetRequest":{"type":"slide","state":"text","slide":"808A5A4D-50B8-4BBD-A42C-71109FDD9271"},"url":{"web":"assets/EE82E0FFA2285541B48DEF354450AB30.svg"},"width":854,"height":45},"CB86154A2C7D9B51A1A72808257DC489":{"type":"texture","index":686,"assetRequest":{"type":"slide","state":"text","slide":"808A5A4D-50B8-4BBD-A42C-71109FDD9271"},"url":{"web":"assets/CB86154A2C7D9B51A1A72808257DC489.svg"},"width":320,"height":42},"71C6FAC6FA7260F8080234A968054EB3":{"type":"texture","index":681,"assetRequest":{"type":"slide","state":"text","slide":"808A5A4D-50B8-4BBD-A42C-71109FDD9271"},"url":{"web":"assets/71C6FAC6FA7260F8080234A968054EB3.svg"},"width":11,"height":22},"FA95DEB5F0740250BC58E656C45B2C79":{"type":"texture","index":665,"assetRequest":{"type":"slide","state":"text","slide":"808A5A4D-50B8-4BBD-A42C-71109FDD9271"},"url":{"web":"assets/FA95DEB5F0740250BC58E656C45B2C79.svg"},"width":775,"height":51},"DEB9769EDE936497E12533FDEF940264":{"type":"texture","index":664,"assetRequest":{"type":"slide","state":"text","slide":"808A5A4D-50B8-4BBD-A42C-71109FDD9271"},"url":{"web":"assets/DEB9769EDE936497E12533FDEF940264.svg"},"width":294,"height":24},"07FAC146B70ED22FAE5B740CEC929108":{"type":"texture","index":670,"assetRequest":{"type":"slide","state":"text","slide":"808A5A4D-50B8-4BBD-A42C-71109FDD9271"},"url":{"web":"assets/07FAC146B70ED22FAE5B740CEC929108.svg"},"width":585,"height":24},"9846A3BA50E2DEA5BE51DD1ED3BFD8F1":{"type":"texture","index":673,"assetRequest":{"type":"slide","state":"text","slide":"808A5A4D-50B8-4BBD-A42C-71109FDD9271"},"url":{"web":"assets/9846A3BA50E2DEA5BE51DD1ED3BFD8F1.svg"},"width":314,"height":23},"88C3529A2641C9C82331E6975D55C7BC":{"type":"texture","index":666,"assetRequest":{"type":"slide","state":"text","slide":"808A5A4D-50B8-4BBD-A42C-71109FDD9271"},"url":{"web":"assets/88C3529A2641C9C82331E6975D55C7BC.svg"},"width":682,"height":53},"3A67A76AD882A77F560139E27D5E5F60":{"type":"texture","index":690,"assetRequest":{"type":"slide","state":"contents","slide":"808A5A4D-50B8-4BBD-A42C-71109FDD9271"},"url":{"web":"assets/3A67A76AD882A77F560139E27D5E5F60.svg"},"width":20,"height":17},"BD01BD9E8821F9852922E4A33C0DC9DD":{"type":"texture","index":672,"assetRequest":{"type":"slide","state":"text","slide":"808A5A4D-50B8-4BBD-A42C-71109FDD9271"},"url":{"web":"assets/BD01BD9E8821F9852922E4A33C0DC9DD.svg"},"width":275,"height":23},"593E206575F248496DFDFB43E256EC77":{"type":"texture","index":668,"assetRequest":{"type":"slide","state":"object","slide":"808A5A4D-50B8-4BBD-A42C-71109FDD9271"},"url":{"web":"assets/593E206575F248496DFDFB43E256EC77.svg"},"width":239,"height":104},"2C1A826A2F4A73A6A12FCA0B3F504E03":{"type":"texture","index":683,"assetRequest":{"type":"slide","state":"text","slide":"808A5A4D-50B8-4BBD-A42C-71109FDD9271"},"url":{"web":"assets/2C1A826A2F4A73A6A12FCA0B3F504E03.svg"},"width":404,"height":31},"11E01624ECA76F7BFA54F13E5E2CEB7B":{"type":"texture","index":682,"assetRequest":{"type":"slide","state":"text","slide":"808A5A4D-50B8-4BBD-A42C-71109FDD9271"},"url":{"web":"assets/11E01624ECA76F7BFA54F13E5E2CEB7B.svg"},"width":8,"height":21},"43819BB9351452264D6A69BBEE9F488F":{"type":"texture","index":680,"assetRequest":{"type":"slide","state":"text","slide":"808A5A4D-50B8-4BBD-A42C-71109FDD9271"},"url":{"web":"assets/43819BB9351452264D6A69BBEE9F488F.svg"},"width":454,"height":23},"0B4AEBE7711A589336D9125F100CC2AE":{"type":"texture","index":678,"assetRequest":{"type":"slide","state":"text","slide":"808A5A4D-50B8-4BBD-A42C-71109FDD9271"},"url":{"web":"assets/0B4AEBE7711A589336D9125F100CC2AE.svg"},"width":212,"height":23},"D16A4FF1EF4298FA9C5A7401C7E958D9":{"type":"texture","index":669,"assetRequest":{"type":"slide","state":"text","slide":"808A5A4D-50B8-4BBD-A42C-71109FDD9271"},"url":{"web":"assets/D16A4FF1EF4298FA9C5A7401C7E958D9.svg"},"width":11,"height":22},"C0445CBB3FC78E9BD54EB1A8A8987DF2":{"type":"texture","index":674,"assetRequest":{"type":"slide","state":"text","slide":"808A5A4D-50B8-4BBD-A42C-71109FDD9271"},"url":{"web":"assets/C0445CBB3FC78E9BD54EB1A8A8987DF2.svg"},"width":388,"height":23},"198543450D2FC8865AB431C0054907B0":{"type":"texture","index":676,"assetRequest":{"type":"slide","state":"text","slide":"808A5A4D-50B8-4BBD-A42C-71109FDD9271"},"url":{"web":"assets/198543450D2FC8865AB431C0054907B0.svg"},"width":290,"height":23},"E798B19566351667BDC88D3466A59DA4":{"type":"texture","index":671,"assetRequest":{"type":"slide","state":"text","slide":"808A5A4D-50B8-4BBD-A42C-71109FDD9271"},"url":{"web":"assets/E798B19566351667BDC88D3466A59DA4.svg"},"width":433,"height":23},"55235E7398A0F700EFC484B2CD6FB01A":{"type":"texture","index":675,"assetRequest":{"type":"slide","state":"text","slide":"808A5A4D-50B8-4BBD-A42C-71109FDD9271"},"url":{"web":"assets/55235E7398A0F700EFC484B2CD6FB01A.svg"},"width":21,"height":21},"674C7551E08330E8A66D7BC55ADA5926":{"type":"texture","index":667,"assetRequest":{"type":"slide","state":"text","slide":"808A5A4D-50B8-4BBD-A42C-71109FDD9271"},"url":{"web":"assets/674C7551E08330E8A66D7BC55ADA5926.svg"},"width":23,"height":17},"91409355FCC51FAA98E92D99209E954E":{"type":"texture","index":677,"assetRequest":{"type":"slide","state":"text","slide":"808A5A4D-50B8-4BBD-A42C-71109FDD9271"},"url":{"web":"assets/91409355FCC51FAA98E92D99209E954E.svg"},"width":134,"height":23},"2D60E78A247B367D7376182EB5E5357C":{"type":"texture","index":687,"assetRequest":{"type":"slide","state":"text","slide":"808A5A4D-50B8-4BBD-A42C-71109FDD9271"},"url":{"web":"assets/2D60E78A247B367D7376182EB5E5357C.svg"},"width":180,"height":40},"9F350C6D8784D48B2D16B71497B6378C":{"type":"texture","index":689,"assetRequest":{"type":"slide","state":"text","slide":"808A5A4D-50B8-4BBD-A42C-71109FDD9271"},"url":{"web":"assets/9F350C6D8784D48B2D16B71497B6378C.svg"},"width":198,"height":43},"9E63D557FEFED32E77ACA4C494E60A67":{"type":"texture","index":685,"assetRequest":{"type":"slide","state":"text","slide":"808A5A4D-50B8-4BBD-A42C-71109FDD9271"},"url":{"web":"assets/9E63D557FEFED32E77ACA4C494E60A67.svg"},"width":292,"height":38},"DB8451458D98EFA7506DBEBC2B1323F0":{"type":"texture","index":663,"assetRequest":{"type":"slide","state":"background","slide":"808A5A4D-50B8-4BBD-A42C-71109FDD9271"},"url":{"web":"assets/DB8451458D98EFA7506DBEBC2B1323F0.svg"},"width":1024,"height":768}},"events":[{"effects":[{"beginTime":0,"baseLayer":{"animations":[],"initialState":{"affineTransform":[1,0,0,1,0,0],"masksToBounds":false,"rotation":0,"scale":1,"position":{"pointX":512,"pointY":384},"width":1024,"sublayerTransform":[1,0,0,0,0,1,0,0,0,0,1,0,0,0,0,1],"contentsRect":{"y":0,"x":0,"width":1,"height":1},"opacity":1,"edgeAntialiasingMask":251658240,"height":768,"hidden":false,"anchorPoint":{"pointX":0.5,"pointY":0.5}},"objectID":"0","layers":[{"animations":[],"initialState":{"affineTransform":[1,0,0,1,0,0],"masksToBounds":false,"rotation":0,"scale":1,"position":{"pointX":512,"pointY":384},"width":1024,"sublayerTransform":[1,0,0,0,0,1,0,0,0,0,1,-0.0004922987690640373,0,0,0,1],"contentsRect":{"y":0,"x":0,"width":1,"height":1},"opacity":1,"edgeAntialiasingMask":251658240,"height":768,"hidden":false,"anchorPoint":{"pointX":0.5,"pointY":0.5}},"layers":[{"animations":[{"timeOffset":0,"beginTime":0,"repeatCount":0,"animations":[{"timeOffset":0,"from":{"scalar":0},"beginTime":0,"repeatCount":0,"fillMode":"both","duration":1,"autoreverses":false,"timingFunction":"EaseInEaseOut","property":"zPosition","to":{"scalar":0}}],"fillMode":"both","autoreverses":false,"duration":1}],"initialState":{"affineTransform":[1,0,0,1,0,0],"masksToBounds":false,"rotation":0,"scale":1,"position":{"pointX":512,"pointY":384},"width":1024,"sublayerTransform":[1,0,0,0,0,1,0,0,0,0,1,0,0,0,0,1],"contentsRect":{"y":0,"x":0,"width":1,"height":1},"opacity":1,"edgeAntialiasingMask":251658240,"height":768,"hidden":false,"anchorPoint":{"pointX":0.5,"pointY":0.5}},"layers":[{"animations":[],"layers":[],"initialState":{"affineTransform":[1,0,0,1,0,0],"masksToBounds":false,"rotation":0,"scale":1,"position":{"pointX":512,"pointY":384},"width":1024,"sublayerTransform":[1,0,0,0,0,1,0,0,0,0,1,0,0,0,0,1],"contentsRect":{"y":0,"x":0,"width":1,"height":1},"opacity":1,"edgeAntialiasingMask":0,"height":768,"hidden":false,"anchorPoint":{"pointX":0.5,"pointY":0.5}},"texture":"DB8451458D98EFA7506DBEBC2B1323F0"}]}]},{"animations":[{"timeOffset":0,"beginTime":0,"repeatCount":0,"animations":[{"timeOffset":0,"from":{"scalar":0.001},"beginTime":0,"repeatCount":0,"fillMode":"both","duration":1,"autoreverses":false,"timingFunction":"EaseInEaseOut","property":"zPosition","to":{"scalar":0.001}}],"fillMode":"both","autoreverses":false,"duration":1}],"initialState":{"affineTransform":[1,0,0,1,0,0],"masksToBounds":false,"rotation":0,"scale":1,"position":{"pointX":512,"pointY":734.0918579101562},"width":300.5399942398071,"sublayerTransform":[1,0,0,0,0,1,0,0,0,0,1,0,0,0,0,1],"contentsRect":{"y":0,"x":0,"width":1,"height":1},"opacity":1,"edgeAntialiasingMask":251658240,"height":34.99999940395355,"hidden":false,"anchorPoint":{"pointX":0.5,"pointY":0.5}},"layers":[{"animations":[{"timeOffset":0,"beginTime":0,"repeatCount":0,"animations":[{"timeOffset":0,"from":{"texture":"DEB9769EDE936497E12533FDEF940264"},"beginTime":0,"repeatCount":0,"fillMode":"both","duration":1,"autoreverses":false,"timingFunction":"EaseInEaseOut","property":"contents","to":{"texture":"DEB9769EDE936497E12533FDEF940264"}}],"fillMode":"both","autoreverses":false,"duration":1}],"layers":[],"initialState":{"affineTransform":[1,0,0,1,0,0],"masksToBounds":false,"rotation":0,"scale":1,"position":{"pointX":150.27,"pointY":17.5},"width":294,"sublayerTransform":[1,0,0,0,0,1,0,0,0,0,1,0,0,0,0,1],"contentsRect":{"y":0,"x":0,"width":1,"height":1},"opacity":1,"edgeAntialiasingMask":0,"height":24,"hidden":false,"anchorPoint":{"pointX":0.5000000097962463,"pointY":0.4621607586741447}},"texture":"DEB9769EDE936497E12533FDEF940264"}]},{"animations":[{"timeOffset":0,"beginTime":0,"repeatCount":0,"animations":[{"timeOffset":0,"from":{"scalar":0.002},"beginTime":0,"repeatCount":0,"fillMode":"both","duration":1,"autoreverses":false,"timingFunction":"EaseInEaseOut","property":"zPosition","to":{"scalar":0.002}}],"fillMode":"both","autoreverses":false,"duration":1}],"initialState":{"affineTransform":[1,0,0,1,0,0],"masksToBounds":false,"rotation":0,"scale":1,"position":{"pointX":511.8040823936462,"pointY":69.49999928474426},"width":884.8416242599487,"sublayerTransform":[1,0,0,0,0,1,0,0,0,0,1,0,0,0,0,1],"contentsRect":{"y":0,"x":0,"width":1,"height":1},"opacity":1,"edgeAntialiasingMask":251658240,"height":88.99999856948853,"hidden":false,"anchorPoint":{"pointX":0.5,"pointY":0.5}},"layers":[{"animations":[{"timeOffset":0,"beginTime":0,"repeatCount":0,"animations":[{"timeOffset":0,"from":{"scalar":1},"beginTime":0,"repeatCount":0,"fillMode":"forwards","duration":0.3333,"autoreverses":false,"timingFunction":"EaseInEaseOut","property":"opacity","to":{"scalar":0}},{"timeOffset":0,"from":{"scalar":true},"beginTime":0.3333,"repeatCount":0,"fillMode":"forwards","property":"hidden","autoreverses":false,"duration":0.6667000000000001,"to":{"scalar":true}}],"fillMode":"both","autoreverses":false,"duration":1}],"layers":[],"initialState":{"affineTransform":[1,0,0,1,0,0],"masksToBounds":false,"rotation":0,"scale":1,"position":{"pointX":442.4208068847656,"pointY":44.5},"width":775,"sublayerTransform":[1,0,0,0,0,1,0,0,0,0,1,0,0,0,0,1],"contentsRect":{"y":0,"x":0,"width":1,"height":1},"opacity":1,"edgeAntialiasingMask":0,"height":51,"hidden":false,"anchorPoint":{"pointX":0.5649084866431452,"pointY":0.303921568627451}},"texture":"FA95DEB5F0740250BC58E656C45B2C79"}]},{"animations":[{"timeOffset":0,"beginTime":0,"repeatCount":0,"animations":[{"timeOffset":0,"from":{"scalar":0.003},"beginTime":0,"repeatCount":0,"fillMode":"both","duration":1,"autoreverses":false,"timingFunction":"EaseInEaseOut","property":"zPosition","to":{"scalar":0.003}}],"fillMode":"both","autoreverses":false,"duration":1}],"initialState":{"affineTransform":[1,0,0,1,0,0],"masksToBounds":false,"rotation":0,"scale":1,"position":{"pointX":511.8040823936462,"pointY":69.49999928474426},"width":884.8416242599487,"sublayerTransform":[1,0,0,0,0,1,0,0,0,0,1,0,0,0,0,1],"contentsRect":{"y":0,"x":0,"width":1,"height":1},"opacity":1,"edgeAntialiasingMask":251658240,"height":88.99999856948853,"hidden":false,"anchorPoint":{"pointX":0.5,"pointY":0.5}},"layers":[{"animations":[{"timeOffset":0,"beginTime":0,"repeatCount":0,"animations":[{"timeOffset":0,"from":{"scalar":0},"beginTime":0.6667000000000001,"repeatCount":0,"fillMode":"both","duration":0.3333,"autoreverses":false,"timingFunction":"EaseInEaseOut","property":"opacity","to":{"scalar":1}},{"timeOffset":0,"from":{"scalar":false},"beginTime":0.6667000000000001,"repeatCount":0,"fillMode":"forwards","property":"hidden","autoreverses":false,"duration":0.3332999999999999,"to":{"scalar":false}}],"fillMode":"both","autoreverses":false,"duration":1}],"layers":[],"initialState":{"affineTransform":[1,0,0,1,0,0],"masksToBounds":false,"rotation":0,"scale":1,"position":{"pointX":442.4208068847656,"pointY":44.5},"width":682,"sublayerTransform":[1,0,0,0,0,1,0,0,0,0,1,0,0,0,0,1],"contentsRect":{"y":0,"x":0,"width":1,"height":1},"opacity":1,"edgeAntialiasingMask":0,"height":53,"hidden":true,"anchorPoint":{"pointX":0.6463402890739552,"pointY":0.330188679245283}},"texture":"88C3529A2641C9C82331E6975D55C7BC"}]},{"animations":[{"timeOffset":0,"beginTime":0,"repeatCount":0,"animations":[{"timeOffset":0,"from":{"scalar":0.004},"beginTime":0,"repeatCount":0,"fillMode":"both","duration":1,"autoreverses":false,"timingFunction":"EaseInEaseOut","property":"zPosition","to":{"scalar":0.004}}],"fillMode":"both","autoreverses":false,"duration":1}],"initialState":{"affineTransform":[1,0,0,1,0,0],"masksToBounds":false,"rotation":0,"scale":1,"position":{"pointX":40.27675247192383,"pointY":734.0918585658073},"width":29.01600003242493,"sublayerTransform":[1,0,0,0,0,1,0,0,0,0,1,0,0,0,0,1],"contentsRect":{"y":0,"x":0,"width":1,"height":1},"opacity":1,"edgeAntialiasingMask":251658240,"height":33.00000131130219,"hidden":false,"anchorPoint":{"pointX":0.5,"pointY":0.5}},"layers":[{"animations":[{"timeOffset":0,"beginTime":0,"repeatCount":0,"animations":[{"timeOffset":0,"from":{"scalar":1},"beginTime":0,"repeatCount":0,"fillMode":"both","duration":1,"autoreverses":false,"timingFunction":"EaseInEaseOut","property":"transform.scale.x","to":{"scalar":0.8695652173913043}},{"timeOffset":0,"from":{"scalar":1},"beginTime":0,"repeatCount":0,"fillMode":"both","duration":1,"autoreverses":false,"timingFunction":"EaseInEaseOut","property":"transform.scale.y","to":{"scalar":1}},{"timeOffset":0,"from":{"texture":"674C7551E08330E8A66D7BC55ADA5926"},"beginTime":0,"repeatCount":0,"fillMode":"both","duration":1,"autoreverses":false,"timingFunction":"EaseInEaseOut","property":"contents","to":{"texture":"3A67A76AD882A77F560139E27D5E5F60"}},{"timeOffset":0,"from":{"pointX":0,"pointY":0},"beginTime":0,"repeatCount":0,"fillMode":"both","duration":1,"autoreverses":false,"timingFunction":"EaseInEaseOut","property":"transform.translation","to":{"pointX":-1.601315537701481,"pointY":0}}],"fillMode":"both","autoreverses":false,"duration":1}],"layers":[],"initialState":{"affineTransform":[1,0,0,1,0,0],"masksToBounds":false,"rotation":0,"scale":1,"position":{"pointX":14.50799999999999,"pointY":16.5},"width":23,"sublayerTransform":[1,0,0,0,0,1,0,0,0,0,1,0,0,0,0,1],"contentsRect":{"y":0,"x":0,"width":1,"height":1},"opacity":1,"edgeAntialiasingMask":0,"height":17,"hidden":false,"anchorPoint":{"pointX":0.5337718459004939,"pointY":0.5348151711856618}},"texture":"674C7551E08330E8A66D7BC55ADA5926"}]},{"animations":[{"timeOffset":0,"beginTime":0,"repeatCount":0,"animations":[{"timeOffset":0,"from":{"scalar":0.005},"beginTime":0,"repeatCount":0,"fillMode":"both","duration":1,"autoreverses":false,"timingFunction":"EaseInEaseOut","property":"zPosition","to":{"scalar":0.005}}],"fillMode":"both","autoreverses":false,"duration":1}],"initialState":{"affineTransform":[1,0,0,1,0,0],"masksToBounds":false,"rotation":0,"scale":1,"position":{"pointX":-167.0513916015625,"pointY":-268.6939392089844},"width":236,"sublayerTransform":[1,0,0,0,0,1,0,0,0,0,1,0,0,0,0,1],"contentsRect":{"y":0,"x":0,"width":1,"height":1},"opacity":1,"edgeAntialiasingMask":251658240,"height":101,"hidden":false,"anchorPoint":{"pointX":0.5,"pointY":0.5}},"layers":[{"animations":[],"layers":[],"initialState":{"affineTransform":[1,0,0,1,0,0],"masksToBounds":false,"rotation":0,"scale":1,"position":{"pointX":118,"pointY":50.5},"width":239,"sublayerTransform":[1,0,0,0,0,1,0,0,0,0,1,0,0,0,0,1],"contentsRect":{"y":0,"x":0,"width":1,"height":1},"opacity":1,"edgeAntialiasingMask":0,"height":104,"hidden":false,"anchorPoint":{"pointX":0.5018770225876046,"pointY":0.5029428922213041}},"texture":"593E206575F248496DFDFB43E256EC77"}]},{"animations":[{"timeOffset":0,"beginTime":0,"repeatCount":0,"animations":[{"timeOffset":0,"from":{"scalar":0.006},"beginTime":0,"repeatCount":0,"fillMode":"both","duration":1,"autoreverses":false,"timingFunction":"EaseInEaseOut","property":"zPosition","to":{"scalar":0.006}}],"fillMode":"both","autoreverses":false,"duration":1}],"initialState":{"affineTransform":[1,0,0,1,0,0],"masksToBounds":false,"rotation":0,"scale":1,"position":{"pointX":492.1967792510986,"pointY":375},"width":695.0966835021973,"sublayerTransform":[1,0,0,0,0,1,0,0,0,0,1,0,0,0,0,1],"contentsRect":{"y":0,"x":0,"width":1,"height":1},"opacity":1,"edgeAntialiasingMask":251658240,"height":501.9999980926514,"hidden":false,"anchorPoint":{"pointX":0.5,"pointY":0.5}},"layers":[{"animations":[{"timeOffset":0,"beginTime":0,"repeatCount":0,"animations":[{"timeOffset":0,"from":{"scalar":1},"beginTime":0,"repeatCount":0,"fillMode":"forwards","duration":0.3333,"autoreverses":false,"timingFunction":"EaseInEaseOut","property":"opacity","to":{"scalar":0}},{"timeOffset":0,"from":{"scalar":true},"beginTime":0.3333,"repeatCount":0,"fillMode":"forwards","property":"hidden","autoreverses":false,"duration":0.6667000000000001,"to":{"scalar":true}}],"fillMode":"both","autoreverses":false,"duration":1}],"layers":[],"initialState":{"affineTransform":[1,0,0,1,0,0],"masksToBounds":false,"rotation":0,"scale":1,"position":{"pointX":347.54833984375,"pointY":251},"width":11,"sublayerTransform":[1,0,0,0,0,1,0,0,0,0,1,0,0,0,0,1],"contentsRect":{"y":0,"x":0,"width":1,"height":1},"opacity":1,"edgeAntialiasingMask":0,"height":22,"hidden":false,"anchorPoint":{"pointX":31.10879794034091,"pointY":11.00000004334883}},"texture":"D16A4FF1EF4298FA9C5A7401C7E958D9"}]},{"animations":[{"timeOffset":0,"beginTime":0,"repeatCount":0,"animations":[{"timeOffset":0,"from":{"scalar":0.007},"beginTime":0,"repeatCount":0,"fillMode":"both","duration":1,"autoreverses":false,"timingFunction":"EaseInEaseOut","property":"zPosition","to":{"scalar":0.007}}],"fillMode":"both","autoreverses":false,"duration":1}],"initialState":{"affineTransform":[1,0,0,1,0,0],"masksToBounds":false,"rotation":0,"scale":1,"position":{"pointX":492.1967792510986,"pointY":375},"width":695.0966835021973,"sublayerTransform":[1,0,0,0,0,1,0,0,0,0,1,0,0,0,0,1],"contentsRect":{"y":0,"x":0,"width":1,"height":1},"opacity":1,"edgeAntialiasingMask":251658240,"height":501.9999980926514,"hidden":false,"anchorPoint":{"pointX":0.5,"pointY":0.5}},"layers":[{"animations":[{"timeOffset":0,"beginTime":0,"repeatCount":0,"animations":[{"timeOffset":0,"from":{"scalar":1},"beginTime":0,"repeatCount":0,"fillMode":"forwards","duration":0.3333,"autoreverses":false,"timingFunction":"EaseInEaseOut","property":"opacity","to":{"scalar":0}},{"timeOffset":0,"from":{"scalar":true},"beginTime":0.3333,"repeatCount":0,"fillMode":"forwards","property":"hidden","autoreverses":false,"duration":0.6667000000000001,"to":{"scalar":true}}],"fillMode":"both","autoreverses":false,"duration":1}],"layers":[],"initialState":{"affineTransform":[1,0,0,1,0,0],"masksToBounds":false,"rotation":0,"scale":1,"position":{"pointX":347.54833984375,"pointY":251},"width":585,"sublayerTransform":[1,0,0,0,0,1,0,0,0,0,1,0,0,0,0,1],"contentsRect":{"y":0,"x":0,"width":1,"height":1},"opacity":1,"edgeAntialiasingMask":0,"height":24,"hidden":false,"anchorPoint":{"pointX":0.504609875801282,"pointY":9.041666706403097}},"texture":"07FAC146B70ED22FAE5B740CEC929108"}]},{"animations":[{"timeOffset":0,"beginTime":0,"repeatCount":0,"animations":[{"timeOffset":0,"from":{"scalar":0.008},"beginTime":0,"repeatCount":0,"fillMode":"both","duration":1,"autoreverses":false,"timingFunction":"EaseInEaseOut","property":"zPosition","to":{"scalar":0.008}}],"fillMode":"both","autoreverses":false,"duration":1}],"initialState":{"affineTransform":[1,0,0,1,0,0],"masksToBounds":false,"rotation":0,"scale":1,"position":{"pointX":492.1967792510986,"pointY":375},"width":695.0966835021973,"sublayerTransform":[1,0,0,0,0,1,0,0,0,0,1,0,0,0,0,1],"contentsRect":{"y":0,"x":0,"width":1,"height":1},"opacity":1,"edgeAntialiasingMask":251658240,"height":501.9999980926514,"hidden":false,"anchorPoint":{"pointX":0.5,"pointY":0.5}},"layers":[{"animations":[{"timeOffset":0,"beginTime":0,"repeatCount":0,"animations":[{"timeOffset":0,"from":{"scalar":1},"beginTime":0,"repeatCount":0,"fillMode":"forwards","duration":0.3333,"autoreverses":false,"timingFunction":"EaseInEaseOut","property":"opacity","to":{"scalar":0}},{"timeOffset":0,"from":{"scalar":true},"beginTime":0.3333,"repeatCount":0,"fillMode":"forwards","property":"hidden","autoreverses":false,"duration":0.6667000000000001,"to":{"scalar":true}}],"fillMode":"both","autoreverses":false,"duration":1}],"layers":[],"initialState":{"affineTransform":[1,0,0,1,0,0],"masksToBounds":false,"rotation":0,"scale":1,"position":{"pointX":347.54833984375,"pointY":251},"width":433,"sublayerTransform":[1,0,0,0,0,1,0,0,0,0,1,0,0,0,0,1],"contentsRect":{"y":0,"x":0,"width":1,"height":1},"opacity":1,"edgeAntialiasingMask":0,"height":23,"hidden":false,"anchorPoint":{"pointX":0.5801311255051963,"pointY":8.304347867551057}},"texture":"E798B19566351667BDC88D3466A59DA4"}]},{"animations":[{"timeOffset":0,"beginTime":0,"repeatCount":0,"animations":[{"timeOffset":0,"from":{"scalar":0.009000000000000001},"beginTime":0,"repeatCount":0,"fillMode":"both","duration":1,"autoreverses":false,"timingFunction":"EaseInEaseOut","property":"zPosition","to":{"scalar":0.009000000000000001}}],"fillMode":"both","autoreverses":false,"duration":1}],"initialState":{"affineTransform":[1,0,0,1,0,0],"masksToBounds":false,"rotation":0,"scale":1,"position":{"pointX":492.1967792510986,"pointY":375},"width":695.0966835021973,"sublayerTransform":[1,0,0,0,0,1,0,0,0,0,1,0,0,0,0,1],"contentsRect":{"y":0,"x":0,"width":1,"height":1},"opacity":1,"edgeAntialiasingMask":251658240,"height":501.9999980926514,"hidden":false,"anchorPoint":{"pointX":0.5,"pointY":0.5}},"layers":[{"animations":[{"timeOffset":0,"beginTime":0,"repeatCount":0,"animations":[{"timeOffset":0,"from":{"scalar":1},"beginTime":0,"repeatCount":0,"fillMode":"forwards","duration":0.3333,"autoreverses":false,"timingFunction":"EaseInEaseOut","property":"opacity","to":{"scalar":0}},{"timeOffset":0,"from":{"scalar":true},"beginTime":0.3333,"repeatCount":0,"fillMode":"forwards","property":"hidden","autoreverses":false,"duration":0.6667000000000001,"to":{"scalar":true}}],"fillMode":"both","autoreverses":false,"duration":1}],"layers":[],"initialState":{"affineTransform":[1,0,0,1,0,0],"masksToBounds":false,"rotation":0,"scale":1,"position":{"pointX":347.54833984375,"pointY":251},"width":275,"sublayerTransform":[1,0,0,0,0,1,0,0,0,0,1,0,0,0,0,1],"contentsRect":{"y":0,"x":0,"width":1,"height":1},"opacity":1,"edgeAntialiasingMask":0,"height":23,"hidden":false,"anchorPoint":{"pointX":0.9170791903409091,"pointY":7.173913084942361}},"texture":"BD01BD9E8821F9852922E4A33C0DC9DD"}]},{"animations":[{"timeOffset":0,"beginTime":0,"repeatCount":0,"animations":[{"timeOffset":0,"from":{"scalar":0.01},"beginTime":0,"repeatCount":0,"fillMode":"both","duration":1,"autoreverses":false,"timingFunction":"EaseInEaseOut","property":"zPosition","to":{"scalar":0.01}}],"fillMode":"both","autoreverses":false,"duration":1}],"initialState":{"affineTransform":[1,0,0,1,0,0],"masksToBounds":false,"rotation":0,"scale":1,"position":{"pointX":492.1967792510986,"pointY":375},"width":695.0966835021973,"sublayerTransform":[1,0,0,0,0,1,0,0,0,0,1,0,0,0,0,1],"contentsRect":{"y":0,"x":0,"width":1,"height":1},"opacity":1,"edgeAntialiasingMask":251658240,"height":501.9999980926514,"hidden":false,"anchorPoint":{"pointX":0.5,"pointY":0.5}},"layers":[{"animations":[{"timeOffset":0,"beginTime":0,"repeatCount":0,"animations":[{"timeOffset":0,"from":{"scalar":1},"beginTime":0,"repeatCount":0,"fillMode":"forwards","duration":0.3333,"autoreverses":false,"timingFunction":"EaseInEaseOut","property":"opacity","to":{"scalar":0}},{"timeOffset":0,"from":{"scalar":true},"beginTime":0.3333,"repeatCount":0,"fillMode":"forwards","property":"hidden","autoreverses":false,"duration":0.6667000000000001,"to":{"scalar":true}}],"fillMode":"both","autoreverses":false,"duration":1}],"layers":[],"initialState":{"affineTransform":[1,0,0,1,0,0],"masksToBounds":false,"rotation":0,"scale":1,"position":{"pointX":347.54833984375,"pointY":251},"width":314,"sublayerTransform":[1,0,0,0,0,1,0,0,0,0,1,0,0,0,0,1],"contentsRect":{"y":0,"x":0,"width":1,"height":1},"opacity":1,"edgeAntialiasingMask":0,"height":23,"hidden":false,"anchorPoint":{"pointX":0.799989736763535,"pointY":6.043478302333666}},"texture":"9846A3BA50E2DEA5BE51DD1ED3BFD8F1"}]},{"animations":[{"timeOffset":0,"beginTime":0,"repeatCount":0,"animations":[{"timeOffset":0,"from":{"scalar":0.011},"beginTime":0,"repeatCount":0,"fillMode":"both","duration":1,"autoreverses":false,"timingFunction":"EaseInEaseOut","property":"zPosition","to":{"scalar":0.011}}],"fillMode":"both","autoreverses":false,"duration":1}],"initialState":{"affineTransform":[1,0,0,1,0,0],"masksToBounds":false,"rotation":0,"scale":1,"position":{"pointX":492.1967792510986,"pointY":375},"width":695.0966835021973,"sublayerTransform":[1,0,0,0,0,1,0,0,0,0,1,0,0,0,0,1],"contentsRect":{"y":0,"x":0,"width":1,"height":1},"opacity":1,"edgeAntialiasingMask":251658240,"height":501.9999980926514,"hidden":false,"anchorPoint":{"pointX":0.5,"pointY":0.5}},"layers":[{"animations":[{"timeOffset":0,"beginTime":0,"repeatCount":0,"animations":[{"timeOffset":0,"from":{"scalar":1},"beginTime":0,"repeatCount":0,"fillMode":"forwards","duration":0.3333,"autoreverses":false,"timingFunction":"EaseInEaseOut","property":"opacity","to":{"scalar":0}},{"timeOffset":0,"from":{"scalar":true},"beginTime":0.3333,"repeatCount":0,"fillMode":"forwards","property":"hidden","autoreverses":false,"duration":0.6667000000000001,"to":{"scalar":true}}],"fillMode":"both","autoreverses":false,"duration":1}],"layers":[],"initialState":{"affineTransform":[1,0,0,1,0,0],"masksToBounds":false,"rotation":0,"scale":1,"position":{"pointX":347.54833984375,"pointY":251},"width":388,"sublayerTransform":[1,0,0,0,0,1,0,0,0,0,1,0,0,0,0,1],"contentsRect":{"y":0,"x":0,"width":1,"height":1},"opacity":1,"edgeAntialiasingMask":0,"height":23,"hidden":false,"anchorPoint":{"pointX":0.7608164364529639,"pointY":1.521739171898883}},"texture":"C0445CBB3FC78E9BD54EB1A8A8987DF2"}]},{"animations":[{"timeOffset":0,"beginTime":0,"repeatCount":0,"animations":[{"timeOffset":0,"from":{"scalar":0.012},"beginTime":0,"repeatCount":0,"fillMode":"both","duration":1,"autoreverses":false,"timingFunction":"EaseInEaseOut","property":"zPosition","to":{"scalar":0.012}}],"fillMode":"both","autoreverses":false,"duration":1}],"initialState":{"affineTransform":[1,0,0,1,0,0],"masksToBounds":false,"rotation":0,"scale":1,"position":{"pointX":492.1967792510986,"pointY":375},"width":695.0966835021973,"sublayerTransform":[1,0,0,0,0,1,0,0,0,0,1,0,0,0,0,1],"contentsRect":{"y":0,"x":0,"width":1,"height":1},"opacity":1,"edgeAntialiasingMask":251658240,"height":501.9999980926514,"hidden":false,"anchorPoint":{"pointX":0.5,"pointY":0.5}},"layers":[{"animations":[{"timeOffset":0,"beginTime":0,"repeatCount":0,"animations":[{"timeOffset":0,"from":{"scalar":1},"beginTime":0,"repeatCount":0,"fillMode":"forwards","duration":0.3333,"autoreverses":false,"timingFunction":"EaseInEaseOut","property":"opacity","to":{"scalar":0}},{"timeOffset":0,"from":{"scalar":true},"beginTime":0.3333,"repeatCount":0,"fillMode":"forwards","property":"hidden","autoreverses":false,"duration":0.6667000000000001,"to":{"scalar":true}}],"fillMode":"both","autoreverses":false,"duration":1}],"layers":[],"initialState":{"affineTransform":[1,0,0,1,0,0],"masksToBounds":false,"rotation":0,"scale":1,"position":{"pointX":347.54833984375,"pointY":251},"width":21,"sublayerTransform":[1,0,0,0,0,1,0,0,0,0,1,0,0,0,0,1],"contentsRect":{"y":0,"x":0,"width":1,"height":1},"opacity":1,"edgeAntialiasingMask":0,"height":21,"hidden":false,"anchorPoint":{"pointX":14.05698939732143,"pointY":4.04761909303211}},"texture":"55235E7398A0F700EFC484B2CD6FB01A"}]},{"animations":[{"timeOffset":0,"beginTime":0,"repeatCount":0,"animations":[{"timeOffset":0,"from":{"scalar":0.013},"beginTime":0,"repeatCount":0,"fillMode":"both","duration":1,"autoreverses":false,"timingFunction":"EaseInEaseOut","property":"zPosition","to":{"scalar":0.013}}],"fillMode":"both","autoreverses":false,"duration":1}],"initialState":{"affineTransform":[1,0,0,1,0,0],"masksToBounds":false,"rotation":0,"scale":1,"position":{"pointX":492.1967792510986,"pointY":375},"width":695.0966835021973,"sublayerTransform":[1,0,0,0,0,1,0,0,0,0,1,0,0,0,0,1],"contentsRect":{"y":0,"x":0,"width":1,"height":1},"opacity":1,"edgeAntialiasingMask":251658240,"height":501.9999980926514,"hidden":false,"anchorPoint":{"pointX":0.5,"pointY":0.5}},"layers":[{"animations":[{"timeOffset":0,"beginTime":0,"repeatCount":0,"animations":[{"timeOffset":0,"from":{"scalar":1},"beginTime":0,"repeatCount":0,"fillMode":"forwards","duration":0.3333,"autoreverses":false,"timingFunction":"EaseInEaseOut","property":"opacity","to":{"scalar":0}},{"timeOffset":0,"from":{"scalar":true},"beginTime":0.3333,"repeatCount":0,"fillMode":"forwards","property":"hidden","autoreverses":false,"duration":0.6667000000000001,"to":{"scalar":true}}],"fillMode":"both","autoreverses":false,"duration":1}],"layers":[],"initialState":{"affineTransform":[1,0,0,1,0,0],"masksToBounds":false,"rotation":0,"scale":1,"position":{"pointX":347.54833984375,"pointY":251},"width":290,"sublayerTransform":[1,0,0,0,0,1,0,0,0,0,1,0,0,0,0,1],"contentsRect":{"y":0,"x":0,"width":1,"height":1},"opacity":1,"edgeAntialiasingMask":0,"height":23,"hidden":false,"anchorPoint":{"pointX":0.8730923356681034,"pointY":4.913043519724971}},"texture":"198543450D2FC8865AB431C0054907B0"}]},{"animations":[{"timeOffset":0,"beginTime":0,"repeatCount":0,"animations":[{"timeOffset":0,"from":{"scalar":0.014},"beginTime":0,"repeatCount":0,"fillMode":"both","duration":1,"autoreverses":false,"timingFunction":"EaseInEaseOut","property":"zPosition","to":{"scalar":0.014}}],"fillMode":"both","autoreverses":false,"duration":1}],"initialState":{"affineTransform":[1,0,0,1,0,0],"masksToBounds":false,"rotation":0,"scale":1,"position":{"pointX":492.1967792510986,"pointY":375},"width":695.0966835021973,"sublayerTransform":[1,0,0,0,0,1,0,0,0,0,1,0,0,0,0,1],"contentsRect":{"y":0,"x":0,"width":1,"height":1},"opacity":1,"edgeAntialiasingMask":251658240,"height":501.9999980926514,"hidden":false,"anchorPoint":{"pointX":0.5,"pointY":0.5}},"layers":[{"animations":[{"timeOffset":0,"beginTime":0,"repeatCount":0,"animations":[{"timeOffset":0,"from":{"scalar":1},"beginTime":0,"repeatCount":0,"fillMode":"forwards","duration":0.3333,"autoreverses":false,"timingFunction":"EaseInEaseOut","property":"opacity","to":{"scalar":0}},{"timeOffset":0,"from":{"scalar":true},"beginTime":0.3333,"repeatCount":0,"fillMode":"forwards","property":"hidden","autoreverses":false,"duration":0.6667000000000001,"to":{"scalar":true}}],"fillMode":"both","autoreverses":false,"duration":1}],"layers":[],"initialState":{"affineTransform":[1,0,0,1,0,0],"masksToBounds":false,"rotation":0,"scale":1,"position":{"pointX":347.54833984375,"pointY":251},"width":134,"sublayerTransform":[1,0,0,0,0,1,0,0,0,0,1,0,0,0,0,1],"contentsRect":{"y":0,"x":0,"width":1,"height":1},"opacity":1,"edgeAntialiasingMask":0,"height":23,"hidden":false,"anchorPoint":{"pointX":1.882065502565299,"pointY":-0.7391303933185079}},"texture":"91409355FCC51FAA98E92D99209E954E"}]},{"animations":[{"timeOffset":0,"beginTime":0,"repeatCount":0,"animations":[{"timeOffset":0,"from":{"scalar":0.015},"beginTime":0,"repeatCount":0,"fillMode":"both","duration":1,"autoreverses":false,"timingFunction":"EaseInEaseOut","property":"zPosition","to":{"scalar":0.015}}],"fillMode":"both","autoreverses":false,"duration":1}],"initialState":{"affineTransform":[1,0,0,1,0,0],"masksToBounds":false,"rotation":0,"scale":1,"position":{"pointX":492.1967792510986,"pointY":375},"width":695.0966835021973,"sublayerTransform":[1,0,0,0,0,1,0,0,0,0,1,0,0,0,0,1],"contentsRect":{"y":0,"x":0,"width":1,"height":1},"opacity":1,"edgeAntialiasingMask":251658240,"height":501.9999980926514,"hidden":false,"anchorPoint":{"pointX":0.5,"pointY":0.5}},"layers":[{"animations":[{"timeOffset":0,"beginTime":0,"repeatCount":0,"animations":[{"timeOffset":0,"from":{"scalar":1},"beginTime":0,"repeatCount":0,"fillMode":"forwards","duration":0.3333,"autoreverses":false,"timingFunction":"EaseInEaseOut","property":"opacity","to":{"scalar":0}},{"timeOffset":0,"from":{"scalar":true},"beginTime":0.3333,"repeatCount":0,"fillMode":"forwards","property":"hidden","autoreverses":false,"duration":0.6667000000000001,"to":{"scalar":true}}],"fillMode":"both","autoreverses":false,"duration":1}],"layers":[],"initialState":{"affineTransform":[1,0,0,1,0,0],"masksToBounds":false,"rotation":0,"scale":1,"position":{"pointX":347.54833984375,"pointY":251},"width":212,"sublayerTransform":[1,0,0,0,0,1,0,0,0,0,1,0,0,0,0,1],"contentsRect":{"y":0,"x":0,"width":1,"height":1},"opacity":1,"edgeAntialiasingMask":0,"height":23,"hidden":false,"anchorPoint":{"pointX":1.189607440300708,"pointY":0.3913043892901877}},"texture":"0B4AEBE7711A589336D9125F100CC2AE"}]},{"animations":[{"timeOffset":0,"beginTime":0,"repeatCount":0,"animations":[{"timeOffset":0,"from":{"scalar":0.016},"beginTime":0,"repeatCount":0,"fillMode":"both","duration":1,"autoreverses":false,"timingFunction":"EaseInEaseOut","property":"zPosition","to":{"scalar":0.016}}],"fillMode":"both","autoreverses":false,"duration":1}],"initialState":{"affineTransform":[1,0,0,1,0,0],"masksToBounds":false,"rotation":0,"scale":1,"position":{"pointX":492.1967792510986,"pointY":375},"width":695.0966835021973,"sublayerTransform":[1,0,0,0,0,1,0,0,0,0,1,0,0,0,0,1],"contentsRect":{"y":0,"x":0,"width":1,"height":1},"opacity":1,"edgeAntialiasingMask":251658240,"height":501.9999980926514,"hidden":false,"anchorPoint":{"pointX":0.5,"pointY":0.5}},"layers":[{"animations":[{"timeOffset":0,"beginTime":0,"repeatCount":0,"animations":[{"timeOffset":0,"from":{"scalar":1},"beginTime":0,"repeatCount":0,"fillMode":"forwards","duration":0.3333,"autoreverses":false,"timingFunction":"EaseInEaseOut","property":"opacity","to":{"scalar":0}},{"timeOffset":0,"from":{"scalar":true},"beginTime":0.3333,"repeatCount":0,"fillMode":"forwards","property":"hidden","autoreverses":false,"duration":0.6667000000000001,"to":{"scalar":true}}],"fillMode":"both","autoreverses":false,"duration":1}],"layers":[],"initialState":{"affineTransform":[1,0,0,1,0,0],"masksToBounds":false,"rotation":0,"scale":1,"position":{"pointX":347.54833984375,"pointY":251},"width":21,"sublayerTransform":[1,0,0,0,0,1,0,0,0,0,1,0,0,0,0,1],"contentsRect":{"y":0,"x":0,"width":1,"height":1},"opacity":1,"edgeAntialiasingMask":0,"height":21,"hidden":false,"anchorPoint":{"pointX":14.05698939732143,"pointY":-2.14285709744408}},"texture":"55235E7398A0F700EFC484B2CD6FB01A"}]},{"animations":[{"timeOffset":0,"beginTime":0,"repeatCount":0,"animations":[{"timeOffset":0,"from":{"scalar":0.017},"beginTime":0,"repeatCount":0,"fillMode":"both","duration":1,"autoreverses":false,"timingFunction":"EaseInEaseOut","property":"zPosition","to":{"scalar":0.017}}],"fillMode":"both","autoreverses":false,"duration":1}],"initialState":{"affineTransform":[1,0,0,1,0,0],"masksToBounds":false,"rotation":0,"scale":1,"position":{"pointX":492.1967792510986,"pointY":375},"width":695.0966835021973,"sublayerTransform":[1,0,0,0,0,1,0,0,0,0,1,0,0,0,0,1],"contentsRect":{"y":0,"x":0,"width":1,"height":1},"opacity":1,"edgeAntialiasingMask":251658240,"height":501.9999980926514,"hidden":false,"anchorPoint":{"pointX":0.5,"pointY":0.5}},"layers":[{"animations":[{"timeOffset":0,"beginTime":0,"repeatCount":0,"animations":[{"timeOffset":0,"from":{"scalar":1},"beginTime":0,"repeatCount":0,"fillMode":"forwards","duration":0.3333,"autoreverses":false,"timingFunction":"EaseInEaseOut","property":"opacity","to":{"scalar":0}},{"timeOffset":0,"from":{"scalar":true},"beginTime":0.3333,"repeatCount":0,"fillMode":"forwards","property":"hidden","autoreverses":false,"duration":0.6667000000000001,"to":{"scalar":true}}],"fillMode":"both","autoreverses":false,"duration":1}],"layers":[],"initialState":{"affineTransform":[1,0,0,1,0,0],"masksToBounds":false,"rotation":0,"scale":1,"position":{"pointX":347.54833984375,"pointY":251},"width":21,"sublayerTransform":[1,0,0,0,0,1,0,0,0,0,1,0,0,0,0,1],"contentsRect":{"y":0,"x":0,"width":1,"height":1},"opacity":1,"edgeAntialiasingMask":0,"height":21,"hidden":false,"anchorPoint":{"pointX":14.05698939732143,"pointY":-5.857142811729794}},"texture":"55235E7398A0F700EFC484B2CD6FB01A"}]},{"animations":[{"timeOffset":0,"beginTime":0,"repeatCount":0,"animations":[{"timeOffset":0,"from":{"scalar":0.018},"beginTime":0,"repeatCount":0,"fillMode":"both","duration":1,"autoreverses":false,"timingFunction":"EaseInEaseOut","property":"zPosition","to":{"scalar":0.018}}],"fillMode":"both","autoreverses":false,"duration":1}],"initialState":{"affineTransform":[1,0,0,1,0,0],"masksToBounds":false,"rotation":0,"scale":1,"position":{"pointX":492.1967792510986,"pointY":375},"width":695.0966835021973,"sublayerTransform":[1,0,0,0,0,1,0,0,0,0,1,0,0,0,0,1],"contentsRect":{"y":0,"x":0,"width":1,"height":1},"opacity":1,"edgeAntialiasingMask":251658240,"height":501.9999980926514,"hidden":false,"anchorPoint":{"pointX":0.5,"pointY":0.5}},"layers":[{"animations":[{"timeOffset":0,"beginTime":0,"repeatCount":0,"animations":[{"timeOffset":0,"from":{"scalar":1},"beginTime":0,"repeatCount":0,"fillMode":"forwards","duration":0.3333,"autoreverses":false,"timingFunction":"EaseInEaseOut","property":"opacity","to":{"scalar":0}},{"timeOffset":0,"from":{"scalar":true},"beginTime":0.3333,"repeatCount":0,"fillMode":"forwards","property":"hidden","autoreverses":false,"duration":0.6667000000000001,"to":{"scalar":true}}],"fillMode":"both","autoreverses":false,"duration":1}],"layers":[],"initialState":{"affineTransform":[1,0,0,1,0,0],"masksToBounds":false,"rotation":0,"scale":1,"position":{"pointX":347.54833984375,"pointY":251},"width":624,"sublayerTransform":[1,0,0,0,0,1,0,0,0,0,1,0,0,0,0,1],"contentsRect":{"y":0,"x":0,"width":1,"height":1},"opacity":1,"edgeAntialiasingMask":0,"height":23,"hidden":false,"anchorPoint":{"pointX":0.4730717585637019,"pointY":-4.130434741144595}},"texture":"9C91A7B6794D5D31F6F055C8C37E455F"}]},{"animations":[{"timeOffset":0,"beginTime":0,"repeatCount":0,"animations":[{"timeOffset":0,"from":{"scalar":0.019},"beginTime":0,"repeatCount":0,"fillMode":"both","duration":1,"autoreverses":false,"timingFunction":"EaseInEaseOut","property":"zPosition","to":{"scalar":0.019}}],"fillMode":"both","autoreverses":false,"duration":1}],"initialState":{"affineTransform":[1,0,0,1,0,0],"masksToBounds":false,"rotation":0,"scale":1,"position":{"pointX":492.1967792510986,"pointY":375},"width":695.0966835021973,"sublayerTransform":[1,0,0,0,0,1,0,0,0,0,1,0,0,0,0,1],"contentsRect":{"y":0,"x":0,"width":1,"height":1},"opacity":1,"edgeAntialiasingMask":251658240,"height":501.9999980926514,"hidden":false,"anchorPoint":{"pointX":0.5,"pointY":0.5}},"layers":[{"animations":[{"timeOffset":0,"beginTime":0,"repeatCount":0,"animations":[{"timeOffset":0,"from":{"scalar":1},"beginTime":0,"repeatCount":0,"fillMode":"forwards","duration":0.3333,"autoreverses":false,"timingFunction":"EaseInEaseOut","property":"opacity","to":{"scalar":0}},{"timeOffset":0,"from":{"scalar":true},"beginTime":0.3333,"repeatCount":0,"fillMode":"forwards","property":"hidden","autoreverses":false,"duration":0.6667000000000001,"to":{"scalar":true}}],"fillMode":"both","autoreverses":false,"duration":1}],"layers":[],"initialState":{"affineTransform":[1,0,0,1,0,0],"masksToBounds":false,"rotation":0,"scale":1,"position":{"pointX":347.54833984375,"pointY":251},"width":454,"sublayerTransform":[1,0,0,0,0,1,0,0,0,0,1,0,0,0,0,1],"contentsRect":{"y":0,"x":0,"width":1,"height":1},"opacity":1,"edgeAntialiasingMask":0,"height":23,"hidden":false,"anchorPoint":{"pointX":0.6502131659553965,"pointY":-7.521739088970682}},"texture":"43819BB9351452264D6A69BBEE9F488F"}]},{"animations":[{"timeOffset":0,"beginTime":0,"repeatCount":0,"animations":[{"timeOffset":0,"from":{"scalar":0.02},"beginTime":0,"repeatCount":0,"fillMode":"both","duration":1,"autoreverses":false,"timingFunction":"EaseInEaseOut","property":"zPosition","to":{"scalar":0.02}}],"fillMode":"both","autoreverses":false,"duration":1}],"initialState":{"affineTransform":[1,0,0,1,0,0],"masksToBounds":false,"rotation":0,"scale":1,"position":{"pointX":492.1967792510986,"pointY":375},"width":695.0966835021973,"sublayerTransform":[1,0,0,0,0,1,0,0,0,0,1,0,0,0,0,1],"contentsRect":{"y":0,"x":0,"width":1,"height":1},"opacity":1,"edgeAntialiasingMask":251658240,"height":501.9999980926514,"hidden":false,"anchorPoint":{"pointX":0.5,"pointY":0.5}},"layers":[{"animations":[{"timeOffset":0,"beginTime":0,"repeatCount":0,"animations":[{"timeOffset":0,"from":{"scalar":1},"beginTime":0,"repeatCount":0,"fillMode":"forwards","duration":0.3333,"autoreverses":false,"timingFunction":"EaseInEaseOut","property":"opacity","to":{"scalar":0}},{"timeOffset":0,"from":{"scalar":true},"beginTime":0.3333,"repeatCount":0,"fillMode":"forwards","property":"hidden","autoreverses":false,"duration":0.6667000000000001,"to":{"scalar":true}}],"fillMode":"both","autoreverses":false,"duration":1}],"layers":[],"initialState":{"affineTransform":[1,0,0,1,0,0],"masksToBounds":false,"rotation":0,"scale":1,"position":{"pointX":347.54833984375,"pointY":251},"width":11,"sublayerTransform":[1,0,0,0,0,1,0,0,0,0,1,0,0,0,0,1],"contentsRect":{"y":0,"x":0,"width":1,"height":1},"opacity":1,"edgeAntialiasingMask":0,"height":22,"hidden":false,"anchorPoint":{"pointX":31.10879794034091,"pointY":-10.27272722937844}},"texture":"71C6FAC6FA7260F8080234A968054EB3"}]},{"animations":[{"timeOffset":0,"beginTime":0,"repeatCount":0,"animations":[{"timeOffset":0,"from":{"scalar":0.021},"beginTime":0,"repeatCount":0,"fillMode":"both","duration":1,"autoreverses":false,"timingFunction":"EaseInEaseOut","property":"zPosition","to":{"scalar":0.021}}],"fillMode":"both","autoreverses":false,"duration":1}],"initialState":{"affineTransform":[1,0,0,1,0,0],"masksToBounds":false,"rotation":0,"scale":1,"position":{"pointX":492.1967792510986,"pointY":375},"width":695.0966835021973,"sublayerTransform":[1,0,0,0,0,1,0,0,0,0,1,0,0,0,0,1],"contentsRect":{"y":0,"x":0,"width":1,"height":1},"opacity":1,"edgeAntialiasingMask":251658240,"height":501.9999980926514,"hidden":false,"anchorPoint":{"pointX":0.5,"pointY":0.5}},"layers":[{"animations":[{"timeOffset":0,"beginTime":0,"repeatCount":0,"animations":[{"timeOffset":0,"from":{"scalar":1},"beginTime":0,"repeatCount":0,"fillMode":"forwards","duration":0.3333,"autoreverses":false,"timingFunction":"EaseInEaseOut","property":"opacity","to":{"scalar":0}},{"timeOffset":0,"from":{"scalar":true},"beginTime":0.3333,"repeatCount":0,"fillMode":"forwards","property":"hidden","autoreverses":false,"duration":0.6667000000000001,"to":{"scalar":true}}],"fillMode":"both","autoreverses":false,"duration":1}],"layers":[],"initialState":{"affineTransform":[1,0,0,1,0,0],"masksToBounds":false,"rotation":0,"scale":1,"position":{"pointX":347.54833984375,"pointY":251},"width":8,"sublayerTransform":[1,0,0,0,0,1,0,0,0,0,1,0,0,0,0,1],"contentsRect":{"y":0,"x":0,"width":1,"height":1},"opacity":1,"edgeAntialiasingMask":0,"height":21,"hidden":false,"anchorPoint":{"pointX":36.89959716796875,"pointY":-9.571428526015509}},"texture":"11E01624ECA76F7BFA54F13E5E2CEB7B"}]},{"animations":[{"timeOffset":0,"beginTime":0,"repeatCount":0,"animations":[{"timeOffset":0,"from":{"scalar":0.022},"beginTime":0,"repeatCount":0,"fillMode":"both","duration":1,"autoreverses":false,"timingFunction":"EaseInEaseOut","property":"zPosition","to":{"scalar":0.022}}],"fillMode":"both","autoreverses":false,"duration":1}],"initialState":{"affineTransform":[1,0,0,1,0,0],"masksToBounds":false,"rotation":0,"scale":1,"position":{"pointX":726.7968231442736,"pointY":683.718505859375},"width":413.1720066070557,"sublayerTransform":[1,0,0,0,0,1,0,0,0,0,1,0,0,0,0,1],"contentsRect":{"y":0,"x":0,"width":1,"height":1},"opacity":1,"edgeAntialiasingMask":251658240,"height":50.99999904632568,"hidden":false,"anchorPoint":{"pointX":0.5,"pointY":0.5}},"layers":[{"animations":[{"timeOffset":0,"beginTime":0,"repeatCount":0,"animations":[{"timeOffset":0,"from":{"scalar":1},"beginTime":0,"repeatCount":0,"fillMode":"forwards","duration":0.3333,"autoreverses":false,"timingFunction":"EaseInEaseOut","property":"opacity","to":{"scalar":0}},{"timeOffset":0,"from":{"scalar":true},"beginTime":0.3333,"repeatCount":0,"fillMode":"forwards","property":"hidden","autoreverses":false,"duration":0.6667000000000001,"to":{"scalar":true}}],"fillMode":"both","autoreverses":false,"duration":1}],"layers":[],"initialState":{"affineTransform":[1,0,0,1,0,0],"masksToBounds":false,"rotation":0,"scale":1,"position":{"pointX":206.586,"pointY":25.5},"width":404,"sublayerTransform":[1,0,0,0,0,1,0,0,0,0,1,0,0,0,0,1],"contentsRect":{"y":0,"x":0,"width":1,"height":1},"opacity":1,"edgeAntialiasingMask":0,"height":31,"hidden":false,"anchorPoint":{"pointX":0.4970218312889748,"pointY":0.4747905269745857}},"texture":"2C1A826A2F4A73A6A12FCA0B3F504E03"}]},{"animations":[{"timeOffset":0,"beginTime":0,"repeatCount":0,"animations":[{"timeOffset":0,"from":{"scalar":0.023},"beginTime":0,"repeatCount":0,"fillMode":"both","duration":1,"autoreverses":false,"timingFunction":"EaseInEaseOut","property":"zPosition","to":{"scalar":0.023}}],"fillMode":"both","autoreverses":false,"duration":1}],"initialState":{"affineTransform":[1,0,0,1,0,0],"masksToBounds":false,"rotation":0,"scale":1,"position":{"pointX":512,"pointY":259.0000007152557},"width":898.8029327392578,"sublayerTransform":[1,0,0,0,0,1,0,0,0,0,1,0,0,0,0,1],"contentsRect":{"y":0,"x":0,"width":1,"height":1},"opacity":1,"edgeAntialiasingMask":251658240,"height":370.2807021141052,"hidden":false,"anchorPoint":{"pointX":0.5,"pointY":0.5}},"layers":[{"animations":[{"timeOffset":0,"beginTime":0,"repeatCount":0,"animations":[{"timeOffset":0,"from":{"scalar":0},"beginTime":0.6667000000000001,"repeatCount":0,"fillMode":"both","duration":0.3333,"autoreverses":false,"timingFunction":"EaseInEaseOut","property":"opacity","to":{"scalar":1}},{"timeOffset":0,"from":{"scalar":false},"beginTime":0.6667000000000001,"repeatCount":0,"fillMode":"forwards","property":"hidden","autoreverses":false,"duration":0.3332999999999999,"to":{"scalar":false}}],"fillMode":"both","autoreverses":false,"duration":1}],"layers":[],"initialState":{"affineTransform":[1,0,0,1,0,0],"masksToBounds":false,"rotation":0,"scale":1,"position":{"pointX":449.4014892578125,"pointY":185.1403503417969},"width":854,"sublayerTransform":[1,0,0,0,0,1,0,0,0,0,1,0,0,0,0,1],"contentsRect":{"y":0,"x":0,"width":1,"height":1},"opacity":1,"edgeAntialiasingMask":0,"height":45,"hidden":true,"anchorPoint":{"pointX":0.5234192305482244,"pointY":2.777777777777778}},"texture":"EE82E0FFA2285541B48DEF354450AB30"}]},{"animations":[{"timeOffset":0,"beginTime":0,"repeatCount":0,"animations":[{"timeOffset":0,"from":{"scalar":0.024},"beginTime":0,"repeatCount":0,"fillMode":"both","duration":1,"autoreverses":false,"timingFunction":"EaseInEaseOut","property":"zPosition","to":{"scalar":0.024}}],"fillMode":"both","autoreverses":false,"duration":1}],"initialState":{"affineTransform":[1,0,0,1,0,0],"masksToBounds":false,"rotation":0,"scale":1,"position":{"pointX":512,"pointY":259.0000007152557},"width":898.8029327392578,"sublayerTransform":[1,0,0,0,0,1,0,0,0,0,1,0,0,0,0,1],"contentsRect":{"y":0,"x":0,"width":1,"height":1},"opacity":1,"edgeAntialiasingMask":251658240,"height":370.2807021141052,"hidden":false,"anchorPoint":{"pointX":0.5,"pointY":0.5}},"layers":[{"animations":[{"timeOffset":0,"beginTime":0,"repeatCount":0,"animations":[{"timeOffset":0,"from":{"scalar":0},"beginTime":0.6667000000000001,"repeatCount":0,"fillMode":"both","duration":0.3333,"autoreverses":false,"timingFunction":"EaseInEaseOut","property":"opacity","to":{"scalar":1}},{"timeOffset":0,"from":{"scalar":false},"beginTime":0.6667000000000001,"repeatCount":0,"fillMode":"forwards","property":"hidden","autoreverses":false,"duration":0.3332999999999999,"to":{"scalar":false}}],"fillMode":"both","autoreverses":false,"duration":1}],"layers":[],"initialState":{"affineTransform":[1,0,0,1,0,0],"masksToBounds":false,"rotation":0,"scale":1,"position":{"pointX":449.4014892578125,"pointY":185.1403503417969},"width":292,"sublayerTransform":[1,0,0,0,0,1,0,0,0,0,1,0,0,0,0,1],"contentsRect":{"y":0,"x":0,"width":1,"height":1},"opacity":1,"edgeAntialiasingMask":0,"height":38,"hidden":true,"anchorPoint":{"pointX":1.404109667425286,"pointY":0.5263157894736842}},"texture":"9E63D557FEFED32E77ACA4C494E60A67"}]},{"animations":[{"timeOffset":0,"beginTime":0,"repeatCount":0,"animations":[{"timeOffset":0,"from":{"scalar":0.025},"beginTime":0,"repeatCount":0,"fillMode":"both","duration":1,"autoreverses":false,"timingFunction":"EaseInEaseOut","property":"zPosition","to":{"scalar":0.025}}],"fillMode":"both","autoreverses":false,"duration":1}],"initialState":{"affineTransform":[1,0,0,1,0,0],"masksToBounds":false,"rotation":0,"scale":1,"position":{"pointX":512,"pointY":259.0000007152557},"width":898.8029327392578,"sublayerTransform":[1,0,0,0,0,1,0,0,0,0,1,0,0,0,0,1],"contentsRect":{"y":0,"x":0,"width":1,"height":1},"opacity":1,"edgeAntialiasingMask":251658240,"height":370.2807021141052,"hidden":false,"anchorPoint":{"pointX":0.5,"pointY":0.5}},"layers":[{"animations":[{"timeOffset":0,"beginTime":0,"repeatCount":0,"animations":[{"timeOffset":0,"from":{"scalar":0},"beginTime":0.6667000000000001,"repeatCount":0,"fillMode":"both","duration":0.3333,"autoreverses":false,"timingFunction":"EaseInEaseOut","property":"opacity","to":{"scalar":1}},{"timeOffset":0,"from":{"scalar":false},"beginTime":0.6667000000000001,"repeatCount":0,"fillMode":"forwards","property":"hidden","autoreverses":false,"duration":0.3332999999999999,"to":{"scalar":false}}],"fillMode":"both","autoreverses":false,"duration":1}],"layers":[],"initialState":{"affineTransform":[1,0,0,1,0,0],"masksToBounds":false,"rotation":0,"scale":1,"position":{"pointX":449.4014892578125,"pointY":185.1403503417969},"width":320,"sublayerTransform":[1,0,0,0,0,1,0,0,0,0,1,0,0,0,0,1],"contentsRect":{"y":0,"x":0,"width":1,"height":1},"opacity":1,"edgeAntialiasingMask":0,"height":42,"hidden":true,"anchorPoint":{"pointX":1.396875071525574,"pointY":1.714285714285714}},"texture":"CB86154A2C7D9B51A1A72808257DC489"}]},{"animations":[{"timeOffset":0,"beginTime":0,"repeatCount":0,"animations":[{"timeOffset":0,"from":{"scalar":0.026},"beginTime":0,"repeatCount":0,"fillMode":"both","duration":1,"autoreverses":false,"timingFunction":"EaseInEaseOut","property":"zPosition","to":{"scalar":0.026}}],"fillMode":"both","autoreverses":false,"duration":1}],"initialState":{"affineTransform":[1,0,0,1,0,0],"masksToBounds":false,"rotation":0,"scale":1,"position":{"pointX":512,"pointY":259.0000007152557},"width":898.8029327392578,"sublayerTransform":[1,0,0,0,0,1,0,0,0,0,1,0,0,0,0,1],"contentsRect":{"y":0,"x":0,"width":1,"height":1},"opacity":1,"edgeAntialiasingMask":251658240,"height":370.2807021141052,"hidden":false,"anchorPoint":{"pointX":0.5,"pointY":0.5}},"layers":[{"animations":[{"timeOffset":0,"beginTime":0,"repeatCount":0,"animations":[{"timeOffset":0,"from":{"scalar":0},"beginTime":0.6667000000000001,"repeatCount":0,"fillMode":"both","duration":0.3333,"autoreverses":false,"timingFunction":"EaseInEaseOut","property":"opacity","to":{"scalar":1}},{"timeOffset":0,"from":{"scalar":false},"beginTime":0.6667000000000001,"repeatCount":0,"fillMode":"forwards","property":"hidden","autoreverses":false,"duration":0.3332999999999999,"to":{"scalar":false}}],"fillMode":"both","autoreverses":false,"duration":1}],"layers":[],"initialState":{"affineTransform":[1,0,0,1,0,0],"masksToBounds":false,"rotation":0,"scale":1,"position":{"pointX":449.4014892578125,"pointY":185.1403503417969},"width":180,"sublayerTransform":[1,0,0,0,0,1,0,0,0,0,1,0,0,0,0,1],"contentsRect":{"y":0,"x":0,"width":1,"height":1},"opacity":1,"edgeAntialiasingMask":0,"height":40,"hidden":true,"anchorPoint":{"pointX":2.283333460489909,"pointY":-2.075}},"texture":"2D60E78A247B367D7376182EB5E5357C"}]},{"animations":[{"timeOffset":0,"beginTime":0,"repeatCount":0,"animations":[{"timeOffset":0,"from":{"scalar":0.027},"beginTime":0,"repeatCount":0,"fillMode":"both","duration":1,"autoreverses":false,"timingFunction":"EaseInEaseOut","property":"zPosition","to":{"scalar":0.027}}],"fillMode":"both","autoreverses":false,"duration":1}],"initialState":{"affineTransform":[1,0,0,1,0,0],"masksToBounds":false,"rotation":0,"scale":1,"position":{"pointX":512,"pointY":259.0000007152557},"width":898.8029327392578,"sublayerTransform":[1,0,0,0,0,1,0,0,0,0,1,0,0,0,0,1],"contentsRect":{"y":0,"x":0,"width":1,"height":1},"opacity":1,"edgeAntialiasingMask":251658240,"height":370.2807021141052,"hidden":false,"anchorPoint":{"pointX":0.5,"pointY":0.5}},"layers":[{"animations":[{"timeOffset":0,"beginTime":0,"repeatCount":0,"animations":[{"timeOffset":0,"from":{"scalar":0},"beginTime":0.6667000000000001,"repeatCount":0,"fillMode":"both","duration":0.3333,"autoreverses":false,"timingFunction":"EaseInEaseOut","property":"opacity","to":{"scalar":1}},{"timeOffset":0,"from":{"scalar":false},"beginTime":0.6667000000000001,"repeatCount":0,"fillMode":"forwards","property":"hidden","autoreverses":false,"duration":0.3332999999999999,"to":{"scalar":false}}],"fillMode":"both","autoreverses":false,"duration":1}],"layers":[],"initialState":{"affineTransform":[1,0,0,1,0,0],"masksToBounds":false,"rotation":0,"scale":1,"position":{"pointX":449.4014892578124,"pointY":185.1403503417969},"width":100,"sublayerTransform":[1,0,0,0,0,1,0,0,0,0,1,0,0,0,0,1],"contentsRect":{"y":0,"x":0,"width":1,"height":1},"opacity":1,"edgeAntialiasingMask":0,"height":40,"hidden":true,"anchorPoint":{"pointX":4.110000228881836,"pointY":-3.375}},"texture":"2706F76DD9FD6023345EFEFCF5CAA34C"}]},{"animations":[{"timeOffset":0,"beginTime":0,"repeatCount":0,"animations":[{"timeOffset":0,"from":{"scalar":0.028},"beginTime":0,"repeatCount":0,"fillMode":"both","duration":1,"autoreverses":false,"timingFunction":"EaseInEaseOut","property":"zPosition","to":{"scalar":0.028}}],"fillMode":"both","autoreverses":false,"duration":1}],"initialState":{"affineTransform":[1,0,0,1,0,0],"masksToBounds":false,"rotation":0,"scale":1,"position":{"pointX":512,"pointY":259.0000007152557},"width":898.8029327392578,"sublayerTransform":[1,0,0,0,0,1,0,0,0,0,1,0,0,0,0,1],"contentsRect":{"y":0,"x":0,"width":1,"height":1},"opacity":1,"edgeAntialiasingMask":251658240,"height":370.2807021141052,"hidden":false,"anchorPoint":{"pointX":0.5,"pointY":0.5}},"layers":[{"animations":[{"timeOffset":0,"beginTime":0,"repeatCount":0,"animations":[{"timeOffset":0,"from":{"scalar":0},"beginTime":0.6667000000000001,"repeatCount":0,"fillMode":"both","duration":0.3333,"autoreverses":false,"timingFunction":"EaseInEaseOut","property":"opacity","to":{"scalar":1}},{"timeOffset":0,"from":{"scalar":false},"beginTime":0.6667000000000001,"repeatCount":0,"fillMode":"forwards","property":"hidden","autoreverses":false,"duration":0.3332999999999999,"to":{"scalar":false}}],"fillMode":"both","autoreverses":false,"duration":1}],"layers":[],"initialState":{"affineTransform":[1,0,0,1,0,0],"masksToBounds":false,"rotation":0,"scale":1,"position":{"pointX":449.4014892578125,"pointY":185.1403503417969},"width":198,"sublayerTransform":[1,0,0,0,0,1,0,0,0,0,1,0,0,0,0,1],"contentsRect":{"y":0,"x":0,"width":1,"height":1},"opacity":1,"edgeAntialiasingMask":0,"height":43,"hidden":true,"anchorPoint":{"pointX":2.080808196404968,"pointY":-0.7209302325581395}},"texture":"9F350C6D8784D48B2D16B71497B6378C"}]}]},"effects":[],"duration":1,"type":"transition","name":"apple:magic-move-implied-motion-path","objectID":"0"}],"automaticPlay":false,"hyperlinks":[],"accessibility":[{"text":"￼","targetRectangle":{"y":721.5918579101562,"x":30.26875245571136,"width":20.016,"height":25}},{"text":"GUIDO Music Notation Language","targetRectangle":{"y":42,"x":73.38327026367188,"width":775.85,"height":68}},{"text":"no redundant information","targetRectangle":{"y":662.2185063362122,"x":524.7108198407458,"width":404.172,"height":43}},{"text":"pasted-image.tif","targetRectangle":{"y":-319.1939392089844,"x":-285.0513916015625,"width":236,"height":101}},{"text":"{","targetRectangle":{"y":128.0000009536743,"x":148.6484375,"width":13.2021484375,"height":26}},{"text":"\t[ \t\\meter<\"2/4\">  \\barFormat<style=\"system\">","targetRectangle":{"y":154.0000009536743,"x":148.6484375,"width":633.2880859375,"height":26}},{"text":"\t\t\\stemsUp \\beam(g2/32 e/16 c*3/32) ","targetRectangle":{"y":180.0000009536743,"x":148.6484375,"width":540.873046875,"height":26}},{"text":"\t\tc/8 \\beam(a1/16 c2 f)","targetRectangle":{"y":206.0000009536743,"x":148.6484375,"width":369.2451171875,"height":26}},{"text":"\t \t\\beam(g/32 d/16 h1*3/32) ","targetRectangle":{"y":232.0000009536743,"x":148.6484375,"width":422.0537109375,"height":26}},{"text":"\t\td2/8 \\beam(h1/16 d2 g)","targetRectangle":{"y":258.0000009536743,"x":148.6484375,"width":382.447265625,"height":26}},{"text":"\t],","targetRectangle":{"y":284.0000009536743,"x":148.6484375,"width":72.404296875,"height":26}},{"text":"\t[\t\\staff<1> \\stemsDown g/8 e ","targetRectangle":{"y":336.0000009536743,"x":148.6484375,"width":448.4580078125,"height":26}},{"text":"\t\tg/16 d f a a/8 e ","targetRectangle":{"y":362.0000009536743,"x":148.6484375,"width":316.4365234375,"height":26}},{"text":"\t\ta/16 e g h","targetRectangle":{"y":388.0000009536743,"x":148.6484375,"width":224.021484375,"height":26}},{"text":"\t],","targetRectangle":{"y":414.0000009536743,"x":148.6484375,"width":72.404296875,"height":26}},{"text":"\t[\t\\staff<2> \\meter<\"2/4\"> \\stemsUp a0/4 f h c1","targetRectangle":{"y":466.0000009536743,"x":148.6484375,"width":672.89453125,"height":26}},{"text":"\t],","targetRectangle":{"y":492.0000009536743,"x":148.6484375,"width":72.404296875,"height":26}},{"text":"\t[\t\\staff<2> \\stemsDown f0/4 d g a","targetRectangle":{"y":544.0000009536743,"x":148.6484375,"width":501.2666015625,"height":26}},{"text":"\t]","targetRectangle":{"y":570.0000009536743,"x":148.6484375,"width":59.2021484375,"height":26}},{"text":"}","targetRectangle":{"y":596.0000009536743,"x":148.6484375,"width":13.2021484375,"height":26}},{"text":"Guido Music Notation Language","targetRectangle":{"y":720.5918582081795,"x":366.2300028800964,"width":291.54,"height":27}}],"baseLayer":{"animations":[],"initialState":{"affineTransform":[1,0,0,1,0,0],"masksToBounds":false,"rotation":0,"scale":1,"position":{"pointX":512,"pointY":384},"width":1024,"sublayerTransform":[1,0,0,0,0,1,0,0,0,0,1,0,0,0,0,1],"contentsRect":{"y":0,"x":0,"width":1,"height":1},"opacity":1,"edgeAntialiasingMask":251658240,"height":768,"hidden":false,"anchorPoint":{"pointX":0.5,"pointY":0.5}},"objectID":"0","layers":[{"animations":[],"initialState":{"affineTransform":[1,0,0,1,0,0],"masksToBounds":false,"rotation":0,"scale":1,"position":{"pointX":512,"pointY":384},"width":1024,"sublayerTransform":[1,0,0,0,0,1,0,0,0,0,1,-0.0004922987690640373,0,0,0,1],"contentsRect":{"y":0,"x":0,"width":1,"height":1},"opacity":1,"edgeAntialiasingMask":251658240,"height":768,"hidden":false,"anchorPoint":{"pointX":0.5,"pointY":0.5}},"layers":[{"animations":[],"initialState":{"affineTransform":[1,0,0,1,0,0],"masksToBounds":false,"rotation":0,"scale":1,"position":{"pointX":512,"pointY":384},"width":1024,"sublayerTransform":[1,0,0,0,0,1,0,0,0,0,1,0,0,0,0,1],"contentsRect":{"y":0,"x":0,"width":1,"height":1},"opacity":1,"edgeAntialiasingMask":251658240,"height":768,"hidden":false,"anchorPoint":{"pointX":0.5,"pointY":0.5}},"layers":[{"animations":[],"layers":[],"initialState":{"affineTransform":[1,0,0,1,0,0],"masksToBounds":false,"rotation":0,"scale":1,"position":{"pointX":512,"pointY":384},"width":1024,"sublayerTransform":[1,0,0,0,0,1,0,0,0,0,1,0,0,0,0,1],"contentsRect":{"y":0,"x":0,"width":1,"height":1},"opacity":1,"edgeAntialiasingMask":0,"height":768,"hidden":false,"anchorPoint":{"pointX":0.5,"pointY":0.5}},"texture":"DB8451458D98EFA7506DBEBC2B1323F0"}]}]},{"animations":[],"initialState":{"affineTransform":[1,0,0,1,0,0],"masksToBounds":false,"rotation":0,"scale":1,"position":{"pointX":512,"pointY":734.0918579101562},"width":300.5399942398071,"sublayerTransform":[1,0,0,0,0,1,0,0,0,0,1,0,0,0,0,1],"contentsRect":{"y":0,"x":0,"width":1,"height":1},"opacity":1,"edgeAntialiasingMask":251658240,"height":34.99999940395355,"hidden":false,"anchorPoint":{"pointX":0.5,"pointY":0.5}},"layers":[{"animations":[],"layers":[],"initialState":{"affineTransform":[1,0,0,1,0,0],"masksToBounds":false,"rotation":0,"scale":1,"position":{"pointX":150.27,"pointY":17.5},"width":294,"sublayerTransform":[1,0,0,0,0,1,0,0,0,0,1,0,0,0,0,1],"contentsRect":{"y":0,"x":0,"width":1,"height":1},"opacity":1,"edgeAntialiasingMask":0,"height":24,"hidden":false,"anchorPoint":{"pointX":0.5000000097962463,"pointY":0.4621607586741447}},"texture":"DEB9769EDE936497E12533FDEF940264"}]},{"animations":[],"initialState":{"affineTransform":[1,0,0,1,0,0],"masksToBounds":false,"rotation":0,"scale":1,"position":{"pointX":511.8040823936462,"pointY":69.49999928474426},"width":884.8416242599487,"sublayerTransform":[1,0,0,0,0,1,0,0,0,0,1,0,0,0,0,1],"contentsRect":{"y":0,"x":0,"width":1,"height":1},"opacity":1,"edgeAntialiasingMask":251658240,"height":88.99999856948853,"hidden":false,"anchorPoint":{"pointX":0.5,"pointY":0.5}},"layers":[{"animations":[],"layers":[],"initialState":{"affineTransform":[1,0,0,1,0,0],"masksToBounds":false,"rotation":0,"scale":1,"position":{"pointX":442.4208068847656,"pointY":44.5},"width":775,"sublayerTransform":[1,0,0,0,0,1,0,0,0,0,1,0,0,0,0,1],"contentsRect":{"y":0,"x":0,"width":1,"height":1},"opacity":1,"edgeAntialiasingMask":0,"height":51,"hidden":false,"anchorPoint":{"pointX":0.5649084866431452,"pointY":0.303921568627451}},"texture":"FA95DEB5F0740250BC58E656C45B2C79"}]},{"animations":[],"initialState":{"affineTransform":[1,0,0,1,0,0],"masksToBounds":false,"rotation":0,"scale":1,"position":{"pointX":511.8040823936462,"pointY":69.49999928474426},"width":884.8416242599487,"sublayerTransform":[1,0,0,0,0,1,0,0,0,0,1,0,0,0,0,1],"contentsRect":{"y":0,"x":0,"width":1,"height":1},"opacity":1,"edgeAntialiasingMask":251658240,"height":88.99999856948853,"hidden":false,"anchorPoint":{"pointX":0.5,"pointY":0.5}},"layers":[{"animations":[],"layers":[],"initialState":{"affineTransform":[1,0,0,1,0,0],"masksToBounds":false,"rotation":0,"scale":1,"position":{"pointX":442.4208068847656,"pointY":44.5},"width":682,"sublayerTransform":[1,0,0,0,0,1,0,0,0,0,1,0,0,0,0,1],"contentsRect":{"y":0,"x":0,"width":1,"height":1},"opacity":1,"edgeAntialiasingMask":0,"height":53,"hidden":true,"anchorPoint":{"pointX":0.6463402890739552,"pointY":0.330188679245283}},"texture":"88C3529A2641C9C82331E6975D55C7BC"}]},{"animations":[],"initialState":{"affineTransform":[1,0,0,1,0,0],"masksToBounds":false,"rotation":0,"scale":1,"position":{"pointX":40.27675247192383,"pointY":734.0918585658073},"width":29.01600003242493,"sublayerTransform":[1,0,0,0,0,1,0,0,0,0,1,0,0,0,0,1],"contentsRect":{"y":0,"x":0,"width":1,"height":1},"opacity":1,"edgeAntialiasingMask":251658240,"height":33.00000131130219,"hidden":false,"anchorPoint":{"pointX":0.5,"pointY":0.5}},"layers":[{"animations":[],"layers":[],"initialState":{"affineTransform":[1,0,0,1,0,0],"masksToBounds":false,"rotation":0,"scale":1,"position":{"pointX":14.50799999999999,"pointY":16.5},"width":23,"sublayerTransform":[1,0,0,0,0,1,0,0,0,0,1,0,0,0,0,1],"contentsRect":{"y":0,"x":0,"width":1,"height":1},"opacity":1,"edgeAntialiasingMask":0,"height":17,"hidden":false,"anchorPoint":{"pointX":0.5337718459004939,"pointY":0.5348151711856618}},"texture":"674C7551E08330E8A66D7BC55ADA5926"}]},{"animations":[],"initialState":{"affineTransform":[1,0,0,1,0,0],"masksToBounds":false,"rotation":0,"scale":1,"position":{"pointX":-167.0513916015625,"pointY":-268.6939392089844},"width":236,"sublayerTransform":[1,0,0,0,0,1,0,0,0,0,1,0,0,0,0,1],"contentsRect":{"y":0,"x":0,"width":1,"height":1},"opacity":1,"edgeAntialiasingMask":251658240,"height":101,"hidden":false,"anchorPoint":{"pointX":0.5,"pointY":0.5}},"layers":[{"animations":[],"layers":[],"initialState":{"affineTransform":[1,0,0,1,0,0],"masksToBounds":false,"rotation":0,"scale":1,"position":{"pointX":118,"pointY":50.5},"width":239,"sublayerTransform":[1,0,0,0,0,1,0,0,0,0,1,0,0,0,0,1],"contentsRect":{"y":0,"x":0,"width":1,"height":1},"opacity":1,"edgeAntialiasingMask":0,"height":104,"hidden":false,"anchorPoint":{"pointX":0.5018770225876046,"pointY":0.5029428922213041}},"texture":"593E206575F248496DFDFB43E256EC77"}]},{"animations":[],"initialState":{"affineTransform":[1,0,0,1,0,0],"masksToBounds":false,"rotation":0,"scale":1,"position":{"pointX":492.1967792510986,"pointY":375},"width":695.0966835021973,"sublayerTransform":[1,0,0,0,0,1,0,0,0,0,1,0,0,0,0,1],"contentsRect":{"y":0,"x":0,"width":1,"height":1},"opacity":1,"edgeAntialiasingMask":251658240,"height":501.9999980926514,"hidden":false,"anchorPoint":{"pointX":0.5,"pointY":0.5}},"layers":[{"animations":[],"layers":[],"initialState":{"affineTransform":[1,0,0,1,0,0],"masksToBounds":false,"rotation":0,"scale":1,"position":{"pointX":347.54833984375,"pointY":251},"width":11,"sublayerTransform":[1,0,0,0,0,1,0,0,0,0,1,0,0,0,0,1],"contentsRect":{"y":0,"x":0,"width":1,"height":1},"opacity":1,"edgeAntialiasingMask":0,"height":22,"hidden":false,"anchorPoint":{"pointX":31.10879794034091,"pointY":11.00000004334883}},"texture":"D16A4FF1EF4298FA9C5A7401C7E958D9"}]},{"animations":[],"initialState":{"affineTransform":[1,0,0,1,0,0],"masksToBounds":false,"rotation":0,"scale":1,"position":{"pointX":492.1967792510986,"pointY":375},"width":695.0966835021973,"sublayerTransform":[1,0,0,0,0,1,0,0,0,0,1,0,0,0,0,1],"contentsRect":{"y":0,"x":0,"width":1,"height":1},"opacity":1,"edgeAntialiasingMask":251658240,"height":501.9999980926514,"hidden":false,"anchorPoint":{"pointX":0.5,"pointY":0.5}},"layers":[{"animations":[],"layers":[],"initialState":{"affineTransform":[1,0,0,1,0,0],"masksToBounds":false,"rotation":0,"scale":1,"position":{"pointX":347.54833984375,"pointY":251},"width":585,"sublayerTransform":[1,0,0,0,0,1,0,0,0,0,1,0,0,0,0,1],"contentsRect":{"y":0,"x":0,"width":1,"height":1},"opacity":1,"edgeAntialiasingMask":0,"height":24,"hidden":false,"anchorPoint":{"pointX":0.504609875801282,"pointY":9.041666706403097}},"texture":"07FAC146B70ED22FAE5B740CEC929108"}]},{"animations":[],"initialState":{"affineTransform":[1,0,0,1,0,0],"masksToBounds":false,"rotation":0,"scale":1,"position":{"pointX":492.1967792510986,"pointY":375},"width":695.0966835021973,"sublayerTransform":[1,0,0,0,0,1,0,0,0,0,1,0,0,0,0,1],"contentsRect":{"y":0,"x":0,"width":1,"height":1},"opacity":1,"edgeAntialiasingMask":251658240,"height":501.9999980926514,"hidden":false,"anchorPoint":{"pointX":0.5,"pointY":0.5}},"layers":[{"animations":[],"layers":[],"initialState":{"affineTransform":[1,0,0,1,0,0],"masksToBounds":false,"rotation":0,"scale":1,"position":{"pointX":347.54833984375,"pointY":251},"width":433,"sublayerTransform":[1,0,0,0,0,1,0,0,0,0,1,0,0,0,0,1],"contentsRect":{"y":0,"x":0,"width":1,"height":1},"opacity":1,"edgeAntialiasingMask":0,"height":23,"hidden":false,"anchorPoint":{"pointX":0.5801311255051963,"pointY":8.304347867551057}},"texture":"E798B19566351667BDC88D3466A59DA4"}]},{"animations":[],"initialState":{"affineTransform":[1,0,0,1,0,0],"masksToBounds":false,"rotation":0,"scale":1,"position":{"pointX":492.1967792510986,"pointY":375},"width":695.0966835021973,"sublayerTransform":[1,0,0,0,0,1,0,0,0,0,1,0,0,0,0,1],"contentsRect":{"y":0,"x":0,"width":1,"height":1},"opacity":1,"edgeAntialiasingMask":251658240,"height":501.9999980926514,"hidden":false,"anchorPoint":{"pointX":0.5,"pointY":0.5}},"layers":[{"animations":[],"layers":[],"initialState":{"affineTransform":[1,0,0,1,0,0],"masksToBounds":false,"rotation":0,"scale":1,"position":{"pointX":347.54833984375,"pointY":251},"width":275,"sublayerTransform":[1,0,0,0,0,1,0,0,0,0,1,0,0,0,0,1],"contentsRect":{"y":0,"x":0,"width":1,"height":1},"opacity":1,"edgeAntialiasingMask":0,"height":23,"hidden":false,"anchorPoint":{"pointX":0.9170791903409091,"pointY":7.173913084942361}},"texture":"BD01BD9E8821F9852922E4A33C0DC9DD"}]},{"animations":[],"initialState":{"affineTransform":[1,0,0,1,0,0],"masksToBounds":false,"rotation":0,"scale":1,"position":{"pointX":492.1967792510986,"pointY":375},"width":695.0966835021973,"sublayerTransform":[1,0,0,0,0,1,0,0,0,0,1,0,0,0,0,1],"contentsRect":{"y":0,"x":0,"width":1,"height":1},"opacity":1,"edgeAntialiasingMask":251658240,"height":501.9999980926514,"hidden":false,"anchorPoint":{"pointX":0.5,"pointY":0.5}},"layers":[{"animations":[],"layers":[],"initialState":{"affineTransform":[1,0,0,1,0,0],"masksToBounds":false,"rotation":0,"scale":1,"position":{"pointX":347.54833984375,"pointY":251},"width":314,"sublayerTransform":[1,0,0,0,0,1,0,0,0,0,1,0,0,0,0,1],"contentsRect":{"y":0,"x":0,"width":1,"height":1},"opacity":1,"edgeAntialiasingMask":0,"height":23,"hidden":false,"anchorPoint":{"pointX":0.799989736763535,"pointY":6.043478302333666}},"texture":"9846A3BA50E2DEA5BE51DD1ED3BFD8F1"}]},{"animations":[],"initialState":{"affineTransform":[1,0,0,1,0,0],"masksToBounds":false,"rotation":0,"scale":1,"position":{"pointX":492.1967792510986,"pointY":375},"width":695.0966835021973,"sublayerTransform":[1,0,0,0,0,1,0,0,0,0,1,0,0,0,0,1],"contentsRect":{"y":0,"x":0,"width":1,"height":1},"opacity":1,"edgeAntialiasingMask":251658240,"height":501.9999980926514,"hidden":false,"anchorPoint":{"pointX":0.5,"pointY":0.5}},"layers":[{"animations":[],"layers":[],"initialState":{"affineTransform":[1,0,0,1,0,0],"masksToBounds":false,"rotation":0,"scale":1,"position":{"pointX":347.54833984375,"pointY":251},"width":388,"sublayerTransform":[1,0,0,0,0,1,0,0,0,0,1,0,0,0,0,1],"contentsRect":{"y":0,"x":0,"width":1,"height":1},"opacity":1,"edgeAntialiasingMask":0,"height":23,"hidden":false,"anchorPoint":{"pointX":0.7608164364529639,"pointY":1.521739171898883}},"texture":"C0445CBB3FC78E9BD54EB1A8A8987DF2"}]},{"animations":[],"initialState":{"affineTransform":[1,0,0,1,0,0],"masksToBounds":false,"rotation":0,"scale":1,"position":{"pointX":492.1967792510986,"pointY":375},"width":695.0966835021973,"sublayerTransform":[1,0,0,0,0,1,0,0,0,0,1,0,0,0,0,1],"contentsRect":{"y":0,"x":0,"width":1,"height":1},"opacity":1,"edgeAntialiasingMask":251658240,"height":501.9999980926514,"hidden":false,"anchorPoint":{"pointX":0.5,"pointY":0.5}},"layers":[{"animations":[],"layers":[],"initialState":{"affineTransform":[1,0,0,1,0,0],"masksToBounds":false,"rotation":0,"scale":1,"position":{"pointX":347.54833984375,"pointY":251},"width":21,"sublayerTransform":[1,0,0,0,0,1,0,0,0,0,1,0,0,0,0,1],"contentsRect":{"y":0,"x":0,"width":1,"height":1},"opacity":1,"edgeAntialiasingMask":0,"height":21,"hidden":false,"anchorPoint":{"pointX":14.05698939732143,"pointY":4.04761909303211}},"texture":"55235E7398A0F700EFC484B2CD6FB01A"}]},{"animations":[],"initialState":{"affineTransform":[1,0,0,1,0,0],"masksToBounds":false,"rotation":0,"scale":1,"position":{"pointX":492.1967792510986,"pointY":375},"width":695.0966835021973,"sublayerTransform":[1,0,0,0,0,1,0,0,0,0,1,0,0,0,0,1],"contentsRect":{"y":0,"x":0,"width":1,"height":1},"opacity":1,"edgeAntialiasingMask":251658240,"height":501.9999980926514,"hidden":false,"anchorPoint":{"pointX":0.5,"pointY":0.5}},"layers":[{"animations":[],"layers":[],"initialState":{"affineTransform":[1,0,0,1,0,0],"masksToBounds":false,"rotation":0,"scale":1,"position":{"pointX":347.54833984375,"pointY":251},"width":290,"sublayerTransform":[1,0,0,0,0,1,0,0,0,0,1,0,0,0,0,1],"contentsRect":{"y":0,"x":0,"width":1,"height":1},"opacity":1,"edgeAntialiasingMask":0,"height":23,"hidden":false,"anchorPoint":{"pointX":0.8730923356681034,"pointY":4.913043519724971}},"texture":"198543450D2FC8865AB431C0054907B0"}]},{"animations":[],"initialState":{"affineTransform":[1,0,0,1,0,0],"masksToBounds":false,"rotation":0,"scale":1,"position":{"pointX":492.1967792510986,"pointY":375},"width":695.0966835021973,"sublayerTransform":[1,0,0,0,0,1,0,0,0,0,1,0,0,0,0,1],"contentsRect":{"y":0,"x":0,"width":1,"height":1},"opacity":1,"edgeAntialiasingMask":251658240,"height":501.9999980926514,"hidden":false,"anchorPoint":{"pointX":0.5,"pointY":0.5}},"layers":[{"animations":[],"layers":[],"initialState":{"affineTransform":[1,0,0,1,0,0],"masksToBounds":false,"rotation":0,"scale":1,"position":{"pointX":347.54833984375,"pointY":251},"width":134,"sublayerTransform":[1,0,0,0,0,1,0,0,0,0,1,0,0,0,0,1],"contentsRect":{"y":0,"x":0,"width":1,"height":1},"opacity":1,"edgeAntialiasingMask":0,"height":23,"hidden":false,"anchorPoint":{"pointX":1.882065502565299,"pointY":-0.7391303933185079}},"texture":"91409355FCC51FAA98E92D99209E954E"}]},{"animations":[],"initialState":{"affineTransform":[1,0,0,1,0,0],"masksToBounds":false,"rotation":0,"scale":1,"position":{"pointX":492.1967792510986,"pointY":375},"width":695.0966835021973,"sublayerTransform":[1,0,0,0,0,1,0,0,0,0,1,0,0,0,0,1],"contentsRect":{"y":0,"x":0,"width":1,"height":1},"opacity":1,"edgeAntialiasingMask":251658240,"height":501.9999980926514,"hidden":false,"anchorPoint":{"pointX":0.5,"pointY":0.5}},"layers":[{"animations":[],"layers":[],"initialState":{"affineTransform":[1,0,0,1,0,0],"masksToBounds":false,"rotation":0,"scale":1,"position":{"pointX":347.54833984375,"pointY":251},"width":212,"sublayerTransform":[1,0,0,0,0,1,0,0,0,0,1,0,0,0,0,1],"contentsRect":{"y":0,"x":0,"width":1,"height":1},"opacity":1,"edgeAntialiasingMask":0,"height":23,"hidden":false,"anchorPoint":{"pointX":1.189607440300708,"pointY":0.3913043892901877}},"texture":"0B4AEBE7711A589336D9125F100CC2AE"}]},{"animations":[],"initialState":{"affineTransform":[1,0,0,1,0,0],"masksToBounds":false,"rotation":0,"scale":1,"position":{"pointX":492.1967792510986,"pointY":375},"width":695.0966835021973,"sublayerTransform":[1,0,0,0,0,1,0,0,0,0,1,0,0,0,0,1],"contentsRect":{"y":0,"x":0,"width":1,"height":1},"opacity":1,"edgeAntialiasingMask":251658240,"height":501.9999980926514,"hidden":false,"anchorPoint":{"pointX":0.5,"pointY":0.5}},"layers":[{"animations":[],"layers":[],"initialState":{"affineTransform":[1,0,0,1,0,0],"masksToBounds":false,"rotation":0,"scale":1,"position":{"pointX":347.54833984375,"pointY":251},"width":21,"sublayerTransform":[1,0,0,0,0,1,0,0,0,0,1,0,0,0,0,1],"contentsRect":{"y":0,"x":0,"width":1,"height":1},"opacity":1,"edgeAntialiasingMask":0,"height":21,"hidden":false,"anchorPoint":{"pointX":14.05698939732143,"pointY":-2.14285709744408}},"texture":"55235E7398A0F700EFC484B2CD6FB01A"}]},{"animations":[],"initialState":{"affineTransform":[1,0,0,1,0,0],"masksToBounds":false,"rotation":0,"scale":1,"position":{"pointX":492.1967792510986,"pointY":375},"width":695.0966835021973,"sublayerTransform":[1,0,0,0,0,1,0,0,0,0,1,0,0,0,0,1],"contentsRect":{"y":0,"x":0,"width":1,"height":1},"opacity":1,"edgeAntialiasingMask":251658240,"height":501.9999980926514,"hidden":false,"anchorPoint":{"pointX":0.5,"pointY":0.5}},"layers":[{"animations":[],"layers":[],"initialState":{"affineTransform":[1,0,0,1,0,0],"masksToBounds":false,"rotation":0,"scale":1,"position":{"pointX":347.54833984375,"pointY":251},"width":21,"sublayerTransform":[1,0,0,0,0,1,0,0,0,0,1,0,0,0,0,1],"contentsRect":{"y":0,"x":0,"width":1,"height":1},"opacity":1,"edgeAntialiasingMask":0,"height":21,"hidden":false,"anchorPoint":{"pointX":14.05698939732143,"pointY":-5.857142811729794}},"texture":"55235E7398A0F700EFC484B2CD6FB01A"}]},{"animations":[],"initialState":{"affineTransform":[1,0,0,1,0,0],"masksToBounds":false,"rotation":0,"scale":1,"position":{"pointX":492.1967792510986,"pointY":375},"width":695.0966835021973,"sublayerTransform":[1,0,0,0,0,1,0,0,0,0,1,0,0,0,0,1],"contentsRect":{"y":0,"x":0,"width":1,"height":1},"opacity":1,"edgeAntialiasingMask":251658240,"height":501.9999980926514,"hidden":false,"anchorPoint":{"pointX":0.5,"pointY":0.5}},"layers":[{"animations":[],"layers":[],"initialState":{"affineTransform":[1,0,0,1,0,0],"masksToBounds":false,"rotation":0,"scale":1,"position":{"pointX":347.54833984375,"pointY":251},"width":624,"sublayerTransform":[1,0,0,0,0,1,0,0,0,0,1,0,0,0,0,1],"contentsRect":{"y":0,"x":0,"width":1,"height":1},"opacity":1,"edgeAntialiasingMask":0,"height":23,"hidden":false,"anchorPoint":{"pointX":0.4730717585637019,"pointY":-4.130434741144595}},"texture":"9C91A7B6794D5D31F6F055C8C37E455F"}]},{"animations":[],"initialState":{"affineTransform":[1,0,0,1,0,0],"masksToBounds":false,"rotation":0,"scale":1,"position":{"pointX":492.1967792510986,"pointY":375},"width":695.0966835021973,"sublayerTransform":[1,0,0,0,0,1,0,0,0,0,1,0,0,0,0,1],"contentsRect":{"y":0,"x":0,"width":1,"height":1},"opacity":1,"edgeAntialiasingMask":251658240,"height":501.9999980926514,"hidden":false,"anchorPoint":{"pointX":0.5,"pointY":0.5}},"layers":[{"animations":[],"layers":[],"initialState":{"affineTransform":[1,0,0,1,0,0],"masksToBounds":false,"rotation":0,"scale":1,"position":{"pointX":347.54833984375,"pointY":251},"width":454,"sublayerTransform":[1,0,0,0,0,1,0,0,0,0,1,0,0,0,0,1],"contentsRect":{"y":0,"x":0,"width":1,"height":1},"opacity":1,"edgeAntialiasingMask":0,"height":23,"hidden":false,"anchorPoint":{"pointX":0.6502131659553965,"pointY":-7.521739088970682}},"texture":"43819BB9351452264D6A69BBEE9F488F"}]},{"animations":[],"initialState":{"affineTransform":[1,0,0,1,0,0],"masksToBounds":false,"rotation":0,"scale":1,"position":{"pointX":492.1967792510986,"pointY":375},"width":695.0966835021973,"sublayerTransform":[1,0,0,0,0,1,0,0,0,0,1,0,0,0,0,1],"contentsRect":{"y":0,"x":0,"width":1,"height":1},"opacity":1,"edgeAntialiasingMask":251658240,"height":501.9999980926514,"hidden":false,"anchorPoint":{"pointX":0.5,"pointY":0.5}},"layers":[{"animations":[],"layers":[],"initialState":{"affineTransform":[1,0,0,1,0,0],"masksToBounds":false,"rotation":0,"scale":1,"position":{"pointX":347.54833984375,"pointY":251},"width":11,"sublayerTransform":[1,0,0,0,0,1,0,0,0,0,1,0,0,0,0,1],"contentsRect":{"y":0,"x":0,"width":1,"height":1},"opacity":1,"edgeAntialiasingMask":0,"height":22,"hidden":false,"anchorPoint":{"pointX":31.10879794034091,"pointY":-10.27272722937844}},"texture":"71C6FAC6FA7260F8080234A968054EB3"}]},{"animations":[],"initialState":{"affineTransform":[1,0,0,1,0,0],"masksToBounds":false,"rotation":0,"scale":1,"position":{"pointX":492.1967792510986,"pointY":375},"width":695.0966835021973,"sublayerTransform":[1,0,0,0,0,1,0,0,0,0,1,0,0,0,0,1],"contentsRect":{"y":0,"x":0,"width":1,"height":1},"opacity":1,"edgeAntialiasingMask":251658240,"height":501.9999980926514,"hidden":false,"anchorPoint":{"pointX":0.5,"pointY":0.5}},"layers":[{"animations":[],"layers":[],"initialState":{"affineTransform":[1,0,0,1,0,0],"masksToBounds":false,"rotation":0,"scale":1,"position":{"pointX":347.54833984375,"pointY":251},"width":8,"sublayerTransform":[1,0,0,0,0,1,0,0,0,0,1,0,0,0,0,1],"contentsRect":{"y":0,"x":0,"width":1,"height":1},"opacity":1,"edgeAntialiasingMask":0,"height":21,"hidden":false,"anchorPoint":{"pointX":36.89959716796875,"pointY":-9.571428526015509}},"texture":"11E01624ECA76F7BFA54F13E5E2CEB7B"}]},{"animations":[],"initialState":{"affineTransform":[1,0,0,1,0,0],"masksToBounds":false,"rotation":0,"scale":1,"position":{"pointX":726.7968231442736,"pointY":683.718505859375},"width":413.1720066070557,"sublayerTransform":[1,0,0,0,0,1,0,0,0,0,1,0,0,0,0,1],"contentsRect":{"y":0,"x":0,"width":1,"height":1},"opacity":1,"edgeAntialiasingMask":251658240,"height":50.99999904632568,"hidden":false,"anchorPoint":{"pointX":0.5,"pointY":0.5}},"layers":[{"animations":[],"layers":[],"initialState":{"affineTransform":[1,0,0,1,0,0],"masksToBounds":false,"rotation":0,"scale":1,"position":{"pointX":206.586,"pointY":25.5},"width":404,"sublayerTransform":[1,0,0,0,0,1,0,0,0,0,1,0,0,0,0,1],"contentsRect":{"y":0,"x":0,"width":1,"height":1},"opacity":1,"edgeAntialiasingMask":0,"height":31,"hidden":false,"anchorPoint":{"pointX":0.4970218312889748,"pointY":0.4747905269745857}},"texture":"2C1A826A2F4A73A6A12FCA0B3F504E03"}]},{"animations":[],"initialState":{"affineTransform":[1,0,0,1,0,0],"masksToBounds":false,"rotation":0,"scale":1,"position":{"pointX":512,"pointY":259.0000007152557},"width":898.8029327392578,"sublayerTransform":[1,0,0,0,0,1,0,0,0,0,1,0,0,0,0,1],"contentsRect":{"y":0,"x":0,"width":1,"height":1},"opacity":1,"edgeAntialiasingMask":251658240,"height":370.2807021141052,"hidden":false,"anchorPoint":{"pointX":0.5,"pointY":0.5}},"layers":[{"animations":[],"layers":[],"initialState":{"affineTransform":[1,0,0,1,0,0],"masksToBounds":false,"rotation":0,"scale":1,"position":{"pointX":449.4014892578125,"pointY":185.1403503417969},"width":854,"sublayerTransform":[1,0,0,0,0,1,0,0,0,0,1,0,0,0,0,1],"contentsRect":{"y":0,"x":0,"width":1,"height":1},"opacity":1,"edgeAntialiasingMask":0,"height":45,"hidden":true,"anchorPoint":{"pointX":0.5234192305482244,"pointY":2.777777777777778}},"texture":"EE82E0FFA2285541B48DEF354450AB30"}]},{"animations":[],"initialState":{"affineTransform":[1,0,0,1,0,0],"masksToBounds":false,"rotation":0,"scale":1,"position":{"pointX":512,"pointY":259.0000007152557},"width":898.8029327392578,"sublayerTransform":[1,0,0,0,0,1,0,0,0,0,1,0,0,0,0,1],"contentsRect":{"y":0,"x":0,"width":1,"height":1},"opacity":1,"edgeAntialiasingMask":251658240,"height":370.2807021141052,"hidden":false,"anchorPoint":{"pointX":0.5,"pointY":0.5}},"layers":[{"animations":[],"layers":[],"initialState":{"affineTransform":[1,0,0,1,0,0],"masksToBounds":false,"rotation":0,"scale":1,"position":{"pointX":449.4014892578125,"pointY":185.1403503417969},"width":292,"sublayerTransform":[1,0,0,0,0,1,0,0,0,0,1,0,0,0,0,1],"contentsRect":{"y":0,"x":0,"width":1,"height":1},"opacity":1,"edgeAntialiasingMask":0,"height":38,"hidden":true,"anchorPoint":{"pointX":1.404109667425286,"pointY":0.5263157894736842}},"texture":"9E63D557FEFED32E77ACA4C494E60A67"}]},{"animations":[],"initialState":{"affineTransform":[1,0,0,1,0,0],"masksToBounds":false,"rotation":0,"scale":1,"position":{"pointX":512,"pointY":259.0000007152557},"width":898.8029327392578,"sublayerTransform":[1,0,0,0,0,1,0,0,0,0,1,0,0,0,0,1],"contentsRect":{"y":0,"x":0,"width":1,"height":1},"opacity":1,"edgeAntialiasingMask":251658240,"height":370.2807021141052,"hidden":false,"anchorPoint":{"pointX":0.5,"pointY":0.5}},"layers":[{"animations":[],"layers":[],"initialState":{"affineTransform":[1,0,0,1,0,0],"masksToBounds":false,"rotation":0,"scale":1,"position":{"pointX":449.4014892578125,"pointY":185.1403503417969},"width":320,"sublayerTransform":[1,0,0,0,0,1,0,0,0,0,1,0,0,0,0,1],"contentsRect":{"y":0,"x":0,"width":1,"height":1},"opacity":1,"edgeAntialiasingMask":0,"height":42,"hidden":true,"anchorPoint":{"pointX":1.396875071525574,"pointY":1.714285714285714}},"texture":"CB86154A2C7D9B51A1A72808257DC489"}]},{"animations":[],"initialState":{"affineTransform":[1,0,0,1,0,0],"masksToBounds":false,"rotation":0,"scale":1,"position":{"pointX":512,"pointY":259.0000007152557},"width":898.8029327392578,"sublayerTransform":[1,0,0,0,0,1,0,0,0,0,1,0,0,0,0,1],"contentsRect":{"y":0,"x":0,"width":1,"height":1},"opacity":1,"edgeAntialiasingMask":251658240,"height":370.2807021141052,"hidden":false,"anchorPoint":{"pointX":0.5,"pointY":0.5}},"layers":[{"animations":[],"layers":[],"initialState":{"affineTransform":[1,0,0,1,0,0],"masksToBounds":false,"rotation":0,"scale":1,"position":{"pointX":449.4014892578125,"pointY":185.1403503417969},"width":180,"sublayerTransform":[1,0,0,0,0,1,0,0,0,0,1,0,0,0,0,1],"contentsRect":{"y":0,"x":0,"width":1,"height":1},"opacity":1,"edgeAntialiasingMask":0,"height":40,"hidden":true,"anchorPoint":{"pointX":2.283333460489909,"pointY":-2.075}},"texture":"2D60E78A247B367D7376182EB5E5357C"}]},{"animations":[],"initialState":{"affineTransform":[1,0,0,1,0,0],"masksToBounds":false,"rotation":0,"scale":1,"position":{"pointX":512,"pointY":259.0000007152557},"width":898.8029327392578,"sublayerTransform":[1,0,0,0,0,1,0,0,0,0,1,0,0,0,0,1],"contentsRect":{"y":0,"x":0,"width":1,"height":1},"opacity":1,"edgeAntialiasingMask":251658240,"height":370.2807021141052,"hidden":false,"anchorPoint":{"pointX":0.5,"pointY":0.5}},"layers":[{"animations":[],"layers":[],"initialState":{"affineTransform":[1,0,0,1,0,0],"masksToBounds":false,"rotation":0,"scale":1,"position":{"pointX":449.4014892578124,"pointY":185.1403503417969},"width":100,"sublayerTransform":[1,0,0,0,0,1,0,0,0,0,1,0,0,0,0,1],"contentsRect":{"y":0,"x":0,"width":1,"height":1},"opacity":1,"edgeAntialiasingMask":0,"height":40,"hidden":true,"anchorPoint":{"pointX":4.110000228881836,"pointY":-3.375}},"texture":"2706F76DD9FD6023345EFEFCF5CAA34C"}]},{"animations":[],"initialState":{"affineTransform":[1,0,0,1,0,0],"masksToBounds":false,"rotation":0,"scale":1,"position":{"pointX":512,"pointY":259.0000007152557},"width":898.8029327392578,"sublayerTransform":[1,0,0,0,0,1,0,0,0,0,1,0,0,0,0,1],"contentsRect":{"y":0,"x":0,"width":1,"height":1},"opacity":1,"edgeAntialiasingMask":251658240,"height":370.2807021141052,"hidden":false,"anchorPoint":{"pointX":0.5,"pointY":0.5}},"layers":[{"animations":[],"layers":[],"initialState":{"affineTransform":[1,0,0,1,0,0],"masksToBounds":false,"rotation":0,"scale":1,"position":{"pointX":449.4014892578125,"pointY":185.1403503417969},"width":198,"sublayerTransform":[1,0,0,0,0,1,0,0,0,0,1,0,0,0,0,1],"contentsRect":{"y":0,"x":0,"width":1,"height":1},"opacity":1,"edgeAntialiasingMask":0,"height":43,"hidden":true,"anchorPoint":{"pointX":2.080808196404968,"pointY":-0.7209302325581395}},"texture":"9F350C6D8784D48B2D16B71497B6378C"}]}]}}]}