{"assets":{"07631C09BB6BA8B49D645AE1D405A94C":{"type":"texture","index":651,"assetRequest":{"type":"slide","state":"contents","slide":"D76F8897-DD6A-49B1-8840-7CA343F717FE"},"url":{"web":"assets/07631C09BB6BA8B49D645AE1D405A94C.svg"},"width":108,"height":38},"C6FBC16B1E198C3CFEE4D67C1F8F632A":{"type":"texture","index":652,"assetRequest":{"type":"slide","state":"outgoing","slide":"D76F8897-DD6A-49B1-8840-7CA343F717FE"},"url":{"web":"assets/C6FBC16B1E198C3CFEE4D67C1F8F632A.svg"},"width":1024,"height":768},"FA95DEB5F0740250BC58E656C45B2C79":{"type":"texture","index":645,"assetRequest":{"type":"slide","state":"contents","slide":"D76F8897-DD6A-49B1-8840-7CA343F717FE"},"url":{"web":"assets/FA95DEB5F0740250BC58E656C45B2C79.svg"},"width":775,"height":51},"A672F29ECDCA3F393D65362671F29F40":{"type":"texture","index":653,"assetRequest":{"type":"slide","state":"incoming","slide":"E8501F12-839A-44B3-B381-2FFCD7D4D8C7"},"url":{"web":"assets/A672F29ECDCA3F393D65362671F29F40.svg"},"width":1024,"height":768},"AC5F72A99B83F492F06382A5A4982D7E":{"type":"texture","index":646,"assetRequest":{"type":"slide","state":"contents","slide":"D76F8897-DD6A-49B1-8840-7CA343F717FE"},"url":{"web":"assets/AC5F72A99B83F492F06382A5A4982D7E.svg"},"width":23,"height":17},"5B7FF2A7F773805AE59315ED50C01EDF":{"type":"texture","index":649,"assetRequest":{"type":"slide","state":"contents","slide":"D76F8897-DD6A-49B1-8840-7CA343F717FE"},"url":{"web":"assets/5B7FF2A7F773805AE59315ED50C01EDF.svg"},"width":375,"height":41},"DB8451458D98EFA7506DBEBC2B1323F0":{"type":"texture","index":643,"assetRequest":{"type":"slide","state":"contents","slide":"D76F8897-DD6A-49B1-8840-7CA343F717FE"},"url":{"web":"assets/DB8451458D98EFA7506DBEBC2B1323F0.svg"},"width":1024,"height":768},"814F36F46153648B37EBDF386719B792":{"type":"texture","index":648,"assetRequest":{"type":"slide","state":"contents","slide":"D76F8897-DD6A-49B1-8840-7CA343F717FE"},"url":{"web":"assets/814F36F46153648B37EBDF386719B792.svg"},"width":716,"height":542},"DEB9769EDE936497E12533FDEF940264":{"type":"texture","index":644,"assetRequest":{"type":"slide","state":"contents","slide":"D76F8897-DD6A-49B1-8840-7CA343F717FE"},"url":{"web":"assets/DEB9769EDE936497E12533FDEF940264.svg"},"width":294,"height":24},"593E206575F248496DFDFB43E256EC77":{"type":"texture","index":647,"assetRequest":{"type":"slide","state":"contents","slide":"D76F8897-DD6A-49B1-8840-7CA343F717FE"},"url":{"web":"assets/593E206575F248496DFDFB43E256EC77.svg"},"width":239,"height":104},"6A6C2272B374EC1E3A601A83316B03C3":{"type":"texture","index":650,"assetRequest":{"type":"slide","state":"contents","slide":"D76F8897-DD6A-49B1-8840-7CA343F717FE"},"url":{"web":"assets/6A6C2272B374EC1E3A601A83316B03C3.svg"},"width":67,"height":251}},"events":[{"effects":[{"beginTime":0,"baseLayer":{"animations":[],"initialState":{"affineTransform":[1,0,0,1,0,0],"masksToBounds":false,"rotation":0,"scale":1,"position":{"pointX":888.7904052734375,"pointY":277.0120849609375},"width":64,"sublayerTransform":[1,0,0,0,0,1,0,0,0,0,1,0,0,0,0,1],"contentsRect":{"y":0,"x":0,"width":1,"height":1},"opacity":1,"edgeAntialiasingMask":251658240,"height":248,"hidden":false,"anchorPoint":{"pointX":0.5,"pointY":0.5}},"objectID":"A337993F-43D1-478E-9139-F91CEC103062","layers":[{"animations":[],"initialState":{"affineTransform":[1,0,0,1,0,0],"masksToBounds":false,"rotation":0,"scale":1,"position":{"pointX":-344.7904052734375,"pointY":230.9879150390625},"width":64,"sublayerTransform":[1,0,0,0,0,1,0,0,0,0,1,-0.0004922987690640373,0,0,0,1],"contentsRect":{"y":0,"x":0,"width":1,"height":1},"opacity":1,"edgeAntialiasingMask":251658240,"height":248,"hidden":false,"anchorPoint":{"pointX":-5.387350082397461,"pointY":0.9314028832220262}},"layers":[{"animations":[{"timeOffset":0,"beginTime":1e-100,"repeatCount":0,"animations":[{"timeOffset":0,"from":{"scalar":0},"beginTime":0,"repeatCount":0,"fillMode":"both","duration":1,"autoreverses":false,"timingFunction":"EaseInEaseOut","property":"opacity","to":{"scalar":1}},{"timeOffset":0,"from":{"scalar":false},"beginTime":0,"repeatCount":0,"fillMode":"forwards","property":"hidden","autoreverses":false,"duration":1,"to":{"scalar":false}}],"fillMode":"both","autoreverses":false,"duration":1}],"layers":[],"initialState":{"affineTransform":[1,0,0,1,0,0],"masksToBounds":false,"rotation":0,"scale":1,"position":{"pointX":31.7095947265625,"pointY":124.4879150390625},"width":67,"sublayerTransform":[1,0,0,0,0,1,0,0,0,0,1,0,0,0,0,1],"contentsRect":{"y":0,"x":0,"width":1,"height":1},"opacity":1,"edgeAntialiasingMask":0,"height":251,"hidden":true,"anchorPoint":{"pointX":0.5,"pointY":0.5}},"texture":"6A6C2272B374EC1E3A601A83316B03C3"}]}]},"effects":[],"duration":1,"type":"buildIn","name":"apple:dissolve","objectID":"A337993F-43D1-478E-9139-F91CEC103062"}],"automaticPlay":true,"hyperlinks":[],"accessibility":[{"text":"GUIDO Music Notation Language","targetRectangle":{"y":42,"x":73.38327026367188,"width":775.85,"height":68}},{"text":"￼","targetRectangle":{"y":721.5918579101562,"x":30.26875245571136,"width":20.016,"height":25}},{"text":"pasted-image.tif","targetRectangle":{"y":-319.1939392089844,"x":-285.0513916015625,"width":236,"height":101}},{"text":"Layout","targetRectangle":{"y":671.6749882698059,"x":760.5708734989166,"width":108.072,"height":43}},{"text":"{","targetRectangle":{"y":127.5797748565674,"x":148.6484375,"width":13.2021484375,"height":26}},{"text":"\t[ \t\\meter<\"2/4\">  \\barFormat<style=“system\">","targetRectangle":{"y":153.5797748565674,"x":148.6484375,"width":633.2880859375,"height":26}},{"text":"\t\t\\stemsUp \\beam(g2*1/32 e2*1/16 c2*3/32) ","targetRectangle":{"y":179.5797748565674,"x":148.6484375,"width":620.0859375,"height":26}},{"text":"\t\tc2*1/8 \\beam(a1*1/16 c2 f2)","targetRectangle":{"y":205.5797748565674,"x":148.6484375,"width":448.4580078125,"height":26}},{"text":"\t \t\\beam(g2*1/32 d2*1/16 h1*3/32) ","targetRectangle":{"y":231.5797748565674,"x":148.6484375,"width":501.2666015625,"height":26}},{"text":"\t\td2*1/8 \\beam(h1*1/16 d2 g2)","targetRectangle":{"y":257.5797748565674,"x":148.6484375,"width":448.4580078125,"height":26}},{"text":"\t],","targetRectangle":{"y":283.5797748565674,"x":148.6484375,"width":72.404296875,"height":26}},{"text":"\t[\t\\staff<1> \\stemsDown g1*1/8 e1*1/8 ","targetRectangle":{"y":335.5797748565674,"x":148.6484375,"width":554.0751953125,"height":26}},{"text":"\t\t\\beam(g1*1/16 d f a) a1*1/8 e1*1/8 ","targetRectangle":{"y":361.5797748565674,"x":148.6484375,"width":554.0751953125,"height":26}},{"text":"\t\t\\beam(a1*1/16 e g h)","targetRectangle":{"y":387.5797748565674,"x":148.6484375,"width":356.04296875,"height":26}},{"text":"\t],","targetRectangle":{"y":413.5797748565674,"x":148.6484375,"width":72.404296875,"height":26}},{"text":"\t[\t\\staff<2> \\meter<\"2/4\"> \\stemsUp a0*1/4 f0*1/4 ","targetRectangle":{"y":465.5797748565674,"x":148.6484375,"width":712.5009765625,"height":26}},{"text":"\t\th0*1/4 c1*1/4","targetRectangle":{"y":491.5797748565674,"x":148.6484375,"width":263.6279296875,"height":26}},{"text":"\t],","targetRectangle":{"y":517.5797748565674,"x":148.6484375,"width":72.404296875,"height":26}},{"text":"\t[\t\\staff<2> \\stemsDown f0*1/4 d0*1/4 ","targetRectangle":{"y":569.5797748565674,"x":148.6484375,"width":554.0751953125,"height":26}},{"text":"\t\tg0*1/4 a0*1/4","targetRectangle":{"y":595.5797748565674,"x":148.6484375,"width":263.6279296875,"height":26}},{"text":"\t]","targetRectangle":{"y":621.5797748565674,"x":148.6484375,"width":59.2021484375,"height":26}},{"text":"}","targetRectangle":{"y":647.5797748565674,"x":148.6484375,"width":13.2021484375,"height":26}},{"text":"Guido Music Notation Language","targetRectangle":{"y":720.5918582081795,"x":366.2300028800964,"width":291.54,"height":27}}],"baseLayer":{"animations":[],"initialState":{"affineTransform":[1,0,0,1,0,0],"masksToBounds":false,"rotation":0,"scale":1,"position":{"pointX":512,"pointY":384},"width":1024,"sublayerTransform":[1,0,0,0,0,1,0,0,0,0,1,0,0,0,0,1],"contentsRect":{"y":0,"x":0,"width":1,"height":1},"opacity":1,"edgeAntialiasingMask":251658240,"height":768,"hidden":false,"anchorPoint":{"pointX":0.5,"pointY":0.5}},"layers":[{"animations":[],"initialState":{"affineTransform":[1,0,0,1,0,0],"masksToBounds":false,"rotation":0,"scale":1,"position":{"pointX":512,"pointY":384},"width":1024,"sublayerTransform":[1,0,0,0,0,1,0,0,0,0,1,0,0,0,0,1],"contentsRect":{"y":0,"x":0,"width":1,"height":1},"opacity":1,"edgeAntialiasingMask":251658240,"height":768,"hidden":false,"anchorPoint":{"pointX":0.5,"pointY":0.5}},"layers":[{"animations":[],"initialState":{"affineTransform":[1,0,0,1,0,0],"masksToBounds":false,"rotation":0,"scale":1,"position":{"pointX":512,"pointY":384},"width":1024,"sublayerTransform":[1,0,0,0,0,1,0,0,0,0,1,0,0,0,0,1],"contentsRect":{"y":0,"x":0,"width":1,"height":1},"opacity":1,"edgeAntialiasingMask":251658240,"height":768,"hidden":false,"anchorPoint":{"pointX":0.5,"pointY":0.5}},"layers":[{"animations":[],"layers":[],"initialState":{"affineTransform":[1,0,0,1,0,0],"masksToBounds":false,"rotation":0,"scale":1,"position":{"pointX":512,"pointY":384},"width":1024,"sublayerTransform":[1,0,0,0,0,1,0,0,0,0,1,0,0,0,0,1],"contentsRect":{"y":0,"x":0,"width":1,"height":1},"opacity":1,"edgeAntialiasingMask":0,"height":768,"hidden":false,"anchorPoint":{"pointX":0.5,"pointY":0.5}},"texture":"DB8451458D98EFA7506DBEBC2B1323F0"}]}]},{"animations":[],"initialState":{"affineTransform":[1,0,0,1,0,0],"masksToBounds":false,"rotation":0,"scale":1,"position":{"pointX":512,"pointY":384},"width":1024,"sublayerTransform":[1,0,0,0,0,1,0,0,0,0,1,0,0,0,0,1],"contentsRect":{"y":0,"x":0,"width":1,"height":1},"opacity":1,"edgeAntialiasingMask":251658240,"height":768,"hidden":false,"anchorPoint":{"pointX":0.5,"pointY":0.5}},"layers":[{"animations":[],"initialState":{"affineTransform":[1,0,0,1,0,0],"masksToBounds":false,"rotation":0,"scale":1,"position":{"pointX":512,"pointY":734.0918579101562},"width":300.5399942398071,"sublayerTransform":[1,0,0,0,0,1,0,0,0,0,1,0,0,0,0,1],"contentsRect":{"y":0,"x":0,"width":1,"height":1},"opacity":1,"edgeAntialiasingMask":251658240,"height":34.99999940395355,"hidden":false,"anchorPoint":{"pointX":0.5,"pointY":0.5}},"objectID":"F0819768-63D4-4A98-95FB-4BC9F675CE66","layers":[{"animations":[],"layers":[],"initialState":{"affineTransform":[1,0,0,1,0,0],"masksToBounds":false,"rotation":0,"scale":1,"position":{"pointX":150.2699971199036,"pointY":18.40814179182053},"width":294,"sublayerTransform":[1,0,0,0,0,1,0,0,0,0,1,0,0,0,0,1],"contentsRect":{"y":0,"x":0,"width":1,"height":1},"opacity":1,"edgeAntialiasingMask":0,"height":24,"hidden":false,"anchorPoint":{"pointX":0.5,"pointY":0.5}},"texture":"DEB9769EDE936497E12533FDEF940264"}]}]},{"animations":[],"initialState":{"affineTransform":[1,0,0,1,0,0],"masksToBounds":false,"rotation":0,"scale":1,"position":{"pointX":512,"pointY":384},"width":1024,"sublayerTransform":[1,0,0,0,0,1,0,0,0,0,1,0,0,0,0,1],"contentsRect":{"y":0,"x":0,"width":1,"height":1},"opacity":1,"edgeAntialiasingMask":251658240,"height":768,"hidden":false,"anchorPoint":{"pointX":0.5,"pointY":0.5}},"layers":[{"animations":[],"initialState":{"affineTransform":[1,0,0,1,0,0],"masksToBounds":false,"rotation":0,"scale":1,"position":{"pointX":511.8040823936462,"pointY":69.49999928474426},"width":884.8416242599487,"sublayerTransform":[1,0,0,0,0,1,0,0,0,0,1,0,0,0,0,1],"contentsRect":{"y":0,"x":0,"width":1,"height":1},"opacity":1,"edgeAntialiasingMask":251658240,"height":88.99999856948853,"hidden":false,"anchorPoint":{"pointX":0.5,"pointY":0.5}},"objectID":"63CAD382-BE10-4CE1-9A42-205A134E1BC9","layers":[{"animations":[],"layers":[],"initialState":{"affineTransform":[1,0,0,1,0,0],"masksToBounds":false,"rotation":0,"scale":1,"position":{"pointX":392.1167297363281,"pointY":54.5},"width":775,"sublayerTransform":[1,0,0,0,0,1,0,0,0,0,1,0,0,0,0,1],"contentsRect":{"y":0,"x":0,"width":1,"height":1},"opacity":1,"edgeAntialiasingMask":0,"height":51,"hidden":false,"anchorPoint":{"pointX":0.5,"pointY":0.5}},"texture":"FA95DEB5F0740250BC58E656C45B2C79"}]}]},{"animations":[],"initialState":{"affineTransform":[1,0,0,1,0,0],"masksToBounds":false,"rotation":0,"scale":1,"position":{"pointX":512,"pointY":384},"width":1024,"sublayerTransform":[1,0,0,0,0,1,0,0,0,0,1,0,0,0,0,1],"contentsRect":{"y":0,"x":0,"width":1,"height":1},"opacity":1,"edgeAntialiasingMask":251658240,"height":768,"hidden":false,"anchorPoint":{"pointX":0.5,"pointY":0.5}},"layers":[{"animations":[],"initialState":{"affineTransform":[1,0,0,1,0,0],"masksToBounds":false,"rotation":0,"scale":1,"position":{"pointX":40.27675247192383,"pointY":734.0918585658073},"width":29.01600003242493,"sublayerTransform":[1,0,0,0,0,1,0,0,0,0,1,0,0,0,0,1],"contentsRect":{"y":0,"x":0,"width":1,"height":1},"opacity":1,"edgeAntialiasingMask":251658240,"height":33.00000131130219,"hidden":false,"anchorPoint":{"pointX":0.5,"pointY":0.5}},"objectID":"C0777FFB-6B80-4F58-8F29-26CA82824631","layers":[{"animations":[],"layers":[],"initialState":{"affineTransform":[1,0,0,1,0,0],"masksToBounds":false,"rotation":0,"scale":1,"position":{"pointX":13.73124754428864,"pointY":15.90814208984375},"width":23,"sublayerTransform":[1,0,0,0,0,1,0,0,0,0,1,0,0,0,0,1],"contentsRect":{"y":0,"x":0,"width":1,"height":1},"opacity":1,"edgeAntialiasingMask":0,"height":17,"hidden":false,"anchorPoint":{"pointX":0.5,"pointY":0.5}},"texture":"AC5F72A99B83F492F06382A5A4982D7E"}]}]},{"animations":[],"initialState":{"affineTransform":[1,0,0,1,0,0],"masksToBounds":false,"rotation":0,"scale":1,"position":{"pointX":512,"pointY":384},"width":1024,"sublayerTransform":[1,0,0,0,0,1,0,0,0,0,1,0,0,0,0,1],"contentsRect":{"y":0,"x":0,"width":1,"height":1},"opacity":1,"edgeAntialiasingMask":251658240,"height":768,"hidden":false,"anchorPoint":{"pointX":0.5,"pointY":0.5}},"layers":[{"animations":[],"initialState":{"affineTransform":[1,0,0,1,0,0],"masksToBounds":false,"rotation":0,"scale":1,"position":{"pointX":-167.0513916015625,"pointY":-268.6939392089844},"width":236,"sublayerTransform":[1,0,0,0,0,1,0,0,0,0,1,0,0,0,0,1],"contentsRect":{"y":0,"x":0,"width":1,"height":1},"opacity":1,"edgeAntialiasingMask":251658240,"height":101,"hidden":false,"anchorPoint":{"pointX":0.5,"pointY":0.5}},"objectID":"9346D9E9-7166-41A4-827B-EF997B3D72E6","layers":[{"animations":[],"layers":[],"initialState":{"affineTransform":[1,0,0,1,0,0],"masksToBounds":false,"rotation":0,"scale":1,"position":{"pointX":117.5513916015625,"pointY":50.19393920898438},"width":239,"sublayerTransform":[1,0,0,0,0,1,0,0,0,0,1,0,0,0,0,1],"contentsRect":{"y":0,"x":0,"width":1,"height":1},"opacity":1,"edgeAntialiasingMask":0,"height":104,"hidden":false,"anchorPoint":{"pointX":0.5,"pointY":0.5}},"texture":"593E206575F248496DFDFB43E256EC77"}]}]},{"animations":[],"initialState":{"affineTransform":[1,0,0,1,0,0],"masksToBounds":false,"rotation":0,"scale":1,"position":{"pointX":512,"pointY":384},"width":1024,"sublayerTransform":[1,0,0,0,0,1,0,0,0,0,1,0,0,0,0,1],"contentsRect":{"y":0,"x":0,"width":1,"height":1},"opacity":1,"edgeAntialiasingMask":251658240,"height":768,"hidden":false,"anchorPoint":{"pointX":0.5,"pointY":0.5}},"layers":[{"animations":[],"initialState":{"affineTransform":[1,0,0,1,0,0],"masksToBounds":false,"rotation":0,"scale":1,"position":{"pointX":511.9999933242798,"pointY":400.5797729492188},"width":734.7031116485596,"sublayerTransform":[1,0,0,0,0,1,0,0,0,0,1,0,0,0,0,1],"contentsRect":{"y":0,"x":0,"width":1,"height":1},"opacity":1,"edgeAntialiasingMask":251658240,"height":553.9999961853027,"hidden":false,"anchorPoint":{"pointX":0.5,"pointY":0.5}},"objectID":"AB35E958-64E0-4DCB-A31B-AF9228C58343","layers":[{"animations":[],"layers":[],"initialState":{"affineTransform":[1,0,0,1,0,0],"masksToBounds":false,"rotation":0,"scale":1,"position":{"pointX":360.3515625,"pointY":279.4202251434326},"width":716,"sublayerTransform":[1,0,0,0,0,1,0,0,0,0,1,0,0,0,0,1],"contentsRect":{"y":0,"x":0,"width":1,"height":1},"opacity":1,"edgeAntialiasingMask":0,"height":542,"hidden":false,"anchorPoint":{"pointX":0.5,"pointY":0.5}},"texture":"814F36F46153648B37EBDF386719B792"}]}]},{"animations":[],"initialState":{"affineTransform":[1,0,0,1,0,0],"masksToBounds":false,"rotation":0,"scale":1,"position":{"pointX":512,"pointY":384},"width":1024,"sublayerTransform":[1,0,0,0,0,1,0,0,0,0,1,0,0,0,0,1],"contentsRect":{"y":0,"x":0,"width":1,"height":1},"opacity":1,"edgeAntialiasingMask":251658240,"height":768,"hidden":false,"anchorPoint":{"pointX":0.5,"pointY":0.5}},"layers":[{"animations":[],"initialState":{"affineTransform":[1,0,0,1,0,0],"masksToBounds":false,"rotation":0,"scale":1,"position":{"pointX":605.8419342041016,"pointY":167.0945887565613},"width":365.9472961425781,"sublayerTransform":[1,0,0,0,0,1,0,0,0,0,1,0,0,0,0,1],"contentsRect":{"y":0,"x":0,"width":1,"height":1},"opacity":1,"edgeAntialiasingMask":251658240,"height":27.99999904632568,"hidden":false,"anchorPoint":{"pointX":0.5,"pointY":0.5}},"objectID":"36FC3324-86F7-49FD-83E2-2A2D39FE2A00","layers":[{"animations":[],"layers":[],"initialState":{"affineTransform":[1,0,0,1,0,0],"masksToBounds":false,"rotation":0,"scale":1,"position":{"pointX":182.6317138671875,"pointY":14.40541076660156},"width":375,"sublayerTransform":[1,0,0,0,0,1,0,0,0,0,1,0,0,0,0,1],"contentsRect":{"y":0,"x":0,"width":1,"height":1},"opacity":1,"edgeAntialiasingMask":0,"height":41,"hidden":false,"anchorPoint":{"pointX":0.5,"pointY":0.5}},"texture":"5B7FF2A7F773805AE59315ED50C01EDF"}]}]},{"animations":[],"initialState":{"affineTransform":[1,0,0,1,0,0],"masksToBounds":false,"rotation":0,"scale":1,"position":{"pointX":512,"pointY":384},"width":1024,"sublayerTransform":[1,0,0,0,0,1,0,0,0,0,1,0,0,0,0,1],"contentsRect":{"y":0,"x":0,"width":1,"height":1},"opacity":1,"edgeAntialiasingMask":251658240,"height":768,"hidden":false,"anchorPoint":{"pointX":0.5,"pointY":0.5}},"layers":[{"animations":[],"initialState":{"affineTransform":[1,0,0,1,0,0],"masksToBounds":false,"rotation":0,"scale":1,"position":{"pointX":888.7904052734375,"pointY":277.0120849609375},"width":64,"sublayerTransform":[1,0,0,0,0,1,0,0,0,0,1,0,0,0,0,1],"contentsRect":{"y":0,"x":0,"width":1,"height":1},"opacity":1,"edgeAntialiasingMask":251658240,"height":248,"hidden":false,"anchorPoint":{"pointX":0.5,"pointY":0.5}},"objectID":"A337993F-43D1-478E-9139-F91CEC103062","layers":[{"animations":[],"layers":[],"initialState":{"affineTransform":[1,0,0,1,0,0],"masksToBounds":false,"rotation":0,"scale":1,"position":{"pointX":31.7095947265625,"pointY":124.4879150390625},"width":67,"sublayerTransform":[1,0,0,0,0,1,0,0,0,0,1,0,0,0,0,1],"contentsRect":{"y":0,"x":0,"width":1,"height":1},"opacity":1,"edgeAntialiasingMask":0,"height":251,"hidden":true,"anchorPoint":{"pointX":0.5,"pointY":0.5}},"texture":"6A6C2272B374EC1E3A601A83316B03C3"}]}]},{"animations":[],"initialState":{"affineTransform":[1,0,0,1,0,0],"masksToBounds":false,"rotation":0,"scale":1,"position":{"pointX":512,"pointY":384},"width":1024,"sublayerTransform":[1,0,0,0,0,1,0,0,0,0,1,0,0,0,0,1],"contentsRect":{"y":0,"x":0,"width":1,"height":1},"opacity":1,"edgeAntialiasingMask":251658240,"height":768,"hidden":false,"anchorPoint":{"pointX":0.5,"pointY":0.5}},"layers":[{"animations":[],"initialState":{"affineTransform":[1,0,0,1,0,0],"masksToBounds":false,"rotation":0,"scale":1,"position":{"pointX":814.6068725585938,"pointY":693.1749877929688},"width":117.0719981193542,"sublayerTransform":[1,0,0,0,0,1,0,0,0,0,1,0,0,0,0,1],"contentsRect":{"y":0,"x":0,"width":1,"height":1},"opacity":1,"edgeAntialiasingMask":251658240,"height":50.99999904632568,"hidden":false,"anchorPoint":{"pointX":0.5,"pointY":0.5}},"objectID":"92541757-757D-45F5-B4AE-CF7F6A9BE9E6","layers":[{"animations":[],"layers":[],"initialState":{"affineTransform":[1,0,0,1,0,0],"masksToBounds":false,"rotation":0,"scale":1,"position":{"pointX":59.92912650108337,"pointY":29.32501173019409},"width":108,"sublayerTransform":[1,0,0,0,0,1,0,0,0,0,1,0,0,0,0,1],"contentsRect":{"y":0,"x":0,"width":1,"height":1},"opacity":1,"edgeAntialiasingMask":0,"height":38,"hidden":false,"anchorPoint":{"pointX":0.5,"pointY":0.5}},"texture":"07631C09BB6BA8B49D645AE1D405A94C"}]}]}]}},{"effects":[{"beginTime":0,"baseLayer":{"animations":[],"initialState":{"affineTransform":[1,0,0,1,0,0],"masksToBounds":false,"rotation":0,"scale":1,"position":{"pointX":512,"pointY":384},"width":1024,"sublayerTransform":[1,0,0,0,0,1,0,0,0,0,1,0,0,0,0,1],"contentsRect":{"y":0,"x":0,"width":1,"height":1},"opacity":1,"edgeAntialiasingMask":251658240,"height":768,"hidden":false,"anchorPoint":{"pointX":0.5,"pointY":0.5}},"objectID":"0","layers":[{"animations":[],"initialState":{"affineTransform":[1,0,0,1,0,0],"masksToBounds":false,"rotation":0,"scale":1,"position":{"pointX":512,"pointY":384},"width":1024,"sublayerTransform":[1,0,0,0,0,1,0,0,0,0,1,-0.0004922987690640373,0,0,0,1],"contentsRect":{"y":0,"x":0,"width":1,"height":1},"opacity":1,"edgeAntialiasingMask":251658240,"height":768,"hidden":false,"anchorPoint":{"pointX":0.5,"pointY":0.5}},"layers":[{"animations":[],"layers":[],"initialState":{"affineTransform":[1,0,0,1,0,0],"masksToBounds":false,"rotation":0,"scale":1,"position":{"pointX":512,"pointY":384},"width":1024,"sublayerTransform":[1,0,0,0,0,1,0,0,0,0,1,0,0,0,0,1],"contentsRect":{"y":0,"x":0,"width":1,"height":1},"opacity":1,"edgeAntialiasingMask":0,"height":768,"hidden":false,"anchorPoint":{"pointX":0.5,"pointY":0.5}},"texture":"A672F29ECDCA3F393D65362671F29F40"},{"animations":[{"timeOffset":0,"from":{"scalar":1},"beginTime":0,"repeatCount":0,"fillMode":"both","duration":1,"autoreverses":false,"timingFunction":"EaseInEaseOut","property":"opacity","to":{"scalar":0}}],"layers":[],"initialState":{"affineTransform":[1,0,0,1,0,0],"masksToBounds":false,"rotation":0,"scale":1,"position":{"pointX":512,"pointY":384},"width":1024,"sublayerTransform":[1,0,0,0,0,1,0,0,0,0,1,0,0,0,0,1],"contentsRect":{"y":0,"x":0,"width":1,"height":1},"opacity":1,"edgeAntialiasingMask":0,"height":768,"hidden":false,"anchorPoint":{"pointX":0.5,"pointY":0.5}},"texture":"C6FBC16B1E198C3CFEE4D67C1F8F632A"}]}]},"effects":[],"duration":1,"type":"transition","name":"apple:dissolve","objectID":"0"}],"automaticPlay":false,"hyperlinks":[],"accessibility":[{"text":"GUIDO Music Notation Language","targetRectangle":{"y":42,"x":73.38327026367188,"width":775.85,"height":68}},{"text":"￼","targetRectangle":{"y":721.5918579101562,"x":30.26875245571136,"width":20.016,"height":25}},{"text":"Capture d’écran 2016-07-13 à 11.57.51.png","targetRectangle":{"y":153.0120849609375,"x":856.7904052734375,"width":64,"height":248}},{"text":"pasted-image.tif","targetRectangle":{"y":-319.1939392089844,"x":-285.0513916015625,"width":236,"height":101}},{"text":"Layout","targetRectangle":{"y":671.6749882698059,"x":760.5708734989166,"width":108.072,"height":43}},{"text":"{","targetRectangle":{"y":127.5797748565674,"x":148.6484375,"width":13.2021484375,"height":26}},{"text":"\t[ \t\\meter<\"2/4\">  \\barFormat<style=“system\">","targetRectangle":{"y":153.5797748565674,"x":148.6484375,"width":633.2880859375,"height":26}},{"text":"\t\t\\stemsUp \\beam(g2*1/32 e2*1/16 c2*3/32) ","targetRectangle":{"y":179.5797748565674,"x":148.6484375,"width":620.0859375,"height":26}},{"text":"\t\tc2*1/8 \\beam(a1*1/16 c2 f2)","targetRectangle":{"y":205.5797748565674,"x":148.6484375,"width":448.4580078125,"height":26}},{"text":"\t \t\\beam(g2*1/32 d2*1/16 h1*3/32) ","targetRectangle":{"y":231.5797748565674,"x":148.6484375,"width":501.2666015625,"height":26}},{"text":"\t\td2*1/8 \\beam(h1*1/16 d2 g2)","targetRectangle":{"y":257.5797748565674,"x":148.6484375,"width":448.4580078125,"height":26}},{"text":"\t],","targetRectangle":{"y":283.5797748565674,"x":148.6484375,"width":72.404296875,"height":26}},{"text":"\t[\t\\staff<1> \\stemsDown g1*1/8 e1*1/8 ","targetRectangle":{"y":335.5797748565674,"x":148.6484375,"width":554.0751953125,"height":26}},{"text":"\t\t\\beam(g1*1/16 d f a) a1*1/8 e1*1/8 ","targetRectangle":{"y":361.5797748565674,"x":148.6484375,"width":554.0751953125,"height":26}},{"text":"\t\t\\beam(a1*1/16 e g h)","targetRectangle":{"y":387.5797748565674,"x":148.6484375,"width":356.04296875,"height":26}},{"text":"\t],","targetRectangle":{"y":413.5797748565674,"x":148.6484375,"width":72.404296875,"height":26}},{"text":"\t[\t\\staff<2> \\meter<\"2/4\"> \\stemsUp a0*1/4 f0*1/4 ","targetRectangle":{"y":465.5797748565674,"x":148.6484375,"width":712.5009765625,"height":26}},{"text":"\t\th0*1/4 c1*1/4","targetRectangle":{"y":491.5797748565674,"x":148.6484375,"width":263.6279296875,"height":26}},{"text":"\t],","targetRectangle":{"y":517.5797748565674,"x":148.6484375,"width":72.404296875,"height":26}},{"text":"\t[\t\\staff<2> \\stemsDown f0*1/4 d0*1/4 ","targetRectangle":{"y":569.5797748565674,"x":148.6484375,"width":554.0751953125,"height":26}},{"text":"\t\tg0*1/4 a0*1/4","targetRectangle":{"y":595.5797748565674,"x":148.6484375,"width":263.6279296875,"height":26}},{"text":"\t]","targetRectangle":{"y":621.5797748565674,"x":148.6484375,"width":59.2021484375,"height":26}},{"text":"}","targetRectangle":{"y":647.5797748565674,"x":148.6484375,"width":13.2021484375,"height":26}},{"text":"Guido Music Notation Language","targetRectangle":{"y":720.5918582081795,"x":366.2300028800964,"width":291.54,"height":27}}],"baseLayer":{"animations":[],"initialState":{"affineTransform":[1,0,0,1,0,0],"masksToBounds":false,"rotation":0,"scale":1,"position":{"pointX":512,"pointY":384},"width":1024,"sublayerTransform":[1,0,0,0,0,1,0,0,0,0,1,0,0,0,0,1],"contentsRect":{"y":0,"x":0,"width":1,"height":1},"opacity":1,"edgeAntialiasingMask":251658240,"height":768,"hidden":false,"anchorPoint":{"pointX":0.5,"pointY":0.5}},"objectID":"0","layers":[{"animations":[],"initialState":{"affineTransform":[1,0,0,1,0,0],"masksToBounds":false,"rotation":0,"scale":1,"position":{"pointX":512,"pointY":384},"width":1024,"sublayerTransform":[1,0,0,0,0,1,0,0,0,0,1,-0.0004922987690640373,0,0,0,1],"contentsRect":{"y":0,"x":0,"width":1,"height":1},"opacity":1,"edgeAntialiasingMask":251658240,"height":768,"hidden":false,"anchorPoint":{"pointX":0.5,"pointY":0.5}},"layers":[{"animations":[],"layers":[],"initialState":{"affineTransform":[1,0,0,1,0,0],"masksToBounds":false,"rotation":0,"scale":1,"position":{"pointX":512,"pointY":384},"width":1024,"sublayerTransform":[1,0,0,0,0,1,0,0,0,0,1,0,0,0,0,1],"contentsRect":{"y":0,"x":0,"width":1,"height":1},"opacity":1,"edgeAntialiasingMask":0,"height":768,"hidden":false,"anchorPoint":{"pointX":0.5,"pointY":0.5}},"texture":"C6FBC16B1E198C3CFEE4D67C1F8F632A"}]}]}}]}