{"assets":{"98D2422C9AF313D1B5B8DA45DF0B0AA0":{"type":"texture","index":768,"assetRequest":{"type":"slide","state":"contents","slide":"EC548BD3-27D7-4AC3-8527-8B9D35E40CA6"},"url":{"web":"assets/98D2422C9AF313D1B5B8DA45DF0B0AA0.svg"},"width":23,"height":17},"DB8451458D98EFA7506DBEBC2B1323F0":{"type":"texture","index":765,"assetRequest":{"type":"slide","state":"contents","slide":"EC548BD3-27D7-4AC3-8527-8B9D35E40CA6"},"url":{"web":"assets/DB8451458D98EFA7506DBEBC2B1323F0.svg"},"width":1024,"height":768},"A68C36FB3ABD9F2D51D3D115C4F2B96D":{"type":"texture","index":776,"assetRequest":{"type":"slide","state":"object","slide":"EC548BD3-27D7-4AC3-8527-8B9D35E40CA6"},"url":{"web":"assets/A68C36FB3ABD9F2D51D3D115C4F2B96D.svg"},"width":400,"height":243},"593E206575F248496DFDFB43E256EC77":{"type":"texture","index":770,"assetRequest":{"type":"slide","state":"contents","slide":"EC548BD3-27D7-4AC3-8527-8B9D35E40CA6"},"url":{"web":"assets/593E206575F248496DFDFB43E256EC77.svg"},"width":239,"height":104},"2A482C7F6F5D8D670DE98A39D5E25A63":{"type":"texture","index":774,"assetRequest":{"type":"slide","state":"contents","slide":"EC548BD3-27D7-4AC3-8527-8B9D35E40CA6"},"url":{"web":"assets/2A482C7F6F5D8D670DE98A39D5E25A63.svg"},"width":53,"height":53},"AB1EA1DB3B9474C8B4B80192E89C14A9":{"type":"texture","index":766,"assetRequest":{"type":"slide","state":"contents","slide":"EC548BD3-27D7-4AC3-8527-8B9D35E40CA6"},"url":{"web":"assets/AB1EA1DB3B9474C8B4B80192E89C14A9.svg"},"width":648,"height":24},"7816372D1DC8E712481CC8F03933DFE4":{"type":"texture","index":773,"assetRequest":{"type":"slide","state":"contents","slide":"EC548BD3-27D7-4AC3-8527-8B9D35E40CA6"},"url":{"web":"assets/7816372D1DC8E712481CC8F03933DFE4.svg"},"width":803,"height":73},"677FF9135832935062EF3A01F888F41E":{"type":"texture","index":778,"assetRequest":{"type":"slide","state":"contents","slide":"EC548BD3-27D7-4AC3-8527-8B9D35E40CA6"},"url":{"web":"assets/677FF9135832935062EF3A01F888F41E.svg"},"width":548,"height":243},"0E8D6D782348AF660DF7322B4A0322EA":{"type":"texture","index":775,"assetRequest":{"type":"slide","state":"object","slide":"EC548BD3-27D7-4AC3-8527-8B9D35E40CA6"},"url":{"web":"assets/0E8D6D782348AF660DF7322B4A0322EA.svg"},"width":53,"height":53},"BFBFD76E94D0BD23ADE7552C7D9299BA":{"type":"texture","index":771,"assetRequest":{"type":"slide","state":"contents","slide":"EC548BD3-27D7-4AC3-8527-8B9D35E40CA6"},"url":{"web":"assets/BFBFD76E94D0BD23ADE7552C7D9299BA.svg"},"width":251,"height":38},"95F4732EC6B772288C364DB38039FE11":{"type":"texture","index":772,"assetRequest":{"type":"slide","state":"contents","slide":"EC548BD3-27D7-4AC3-8527-8B9D35E40CA6"},"url":{"web":"assets/95F4732EC6B772288C364DB38039FE11.svg"},"width":548,"height":243},"F37EE404096704CFE4F08E28CA19952D":{"type":"texture","index":777,"assetRequest":{"type":"slide","state":"contents","slide":"EC548BD3-27D7-4AC3-8527-8B9D35E40CA6"},"url":{"web":"assets/F37EE404096704CFE4F08E28CA19952D.svg"},"width":23,"height":17},"A195FFC70B722049AFF55E5FCD5FB274":{"type":"texture","index":767,"assetRequest":{"type":"slide","state":"contents","slide":"EC548BD3-27D7-4AC3-8527-8B9D35E40CA6"},"url":{"web":"assets/A195FFC70B722049AFF55E5FCD5FB274.svg"},"width":191,"height":42},"2F5273E48820B549F9C0D4E271FD3C8D":{"type":"texture","index":769,"assetRequest":{"type":"slide","state":"contents","slide":"EC548BD3-27D7-4AC3-8527-8B9D35E40CA6"},"url":{"web":"assets/2F5273E48820B549F9C0D4E271FD3C8D.svg"},"width":857,"height":32}},"events":[{"effects":[{"beginTime":0,"baseLayer":{"animations":[],"initialState":{"affineTransform":[1,0,0,1,0,0],"masksToBounds":false,"rotation":0,"scale":1,"position":{"pointX":805.875732421875,"pointY":386.7489624023438},"width":50,"sublayerTransform":[1,0,0,0,0,1,0,0,0,0,1,0,0,0,0,1],"contentsRect":{"y":0,"x":0,"width":1,"height":1},"opacity":1,"edgeAntialiasingMask":251658240,"height":50,"hidden":false,"anchorPoint":{"pointX":0.5,"pointY":0.5}},"objectID":"12F8C0AA-5F87-4A62-AF7A-E0DAE08823A9","layers":[{"animations":[],"initialState":{"affineTransform":[1,0,0,1,0,0],"masksToBounds":false,"rotation":0,"scale":1,"position":{"pointX":-268.875732421875,"pointY":22.25103759765625},"width":50,"sublayerTransform":[1,0,0,0,0,1,0,0,0,0,1,-0.0004922987690640373,0,0,0,1],"contentsRect":{"y":0,"x":0,"width":1,"height":1},"opacity":1,"edgeAntialiasingMask":251658240,"height":50,"hidden":false,"anchorPoint":{"pointX":-5.3775146484375,"pointY":0.445020751953125}},"layers":[{"animations":[{"timeOffset":0,"beginTime":1e-100,"repeatCount":0,"animations":[{"timeOffset":0,"from":{"scalar":0},"beginTime":0,"repeatCount":0,"fillMode":"both","duration":0.4,"autoreverses":false,"timingFunction":"EaseInEaseOut","property":"opacity","to":{"scalar":1}},{"timeOffset":0,"from":{"scalar":false},"beginTime":0,"repeatCount":0,"fillMode":"forwards","property":"hidden","autoreverses":false,"duration":0.4,"to":{"scalar":false}}],"fillMode":"both","autoreverses":false,"duration":0.4}],"layers":[],"initialState":{"affineTransform":[1,0,0,1,0,0],"masksToBounds":false,"rotation":0,"scale":1,"position":{"pointX":24.624267578125,"pointY":24.75103759765625},"width":53,"sublayerTransform":[1,0,0,0,0,1,0,0,0,0,1,0,0,0,0,1],"contentsRect":{"y":0,"x":0,"width":1,"height":1},"opacity":1,"edgeAntialiasingMask":0,"height":53,"hidden":true,"anchorPoint":{"pointX":0.5,"pointY":0.5}},"texture":"2A482C7F6F5D8D670DE98A39D5E25A63"}]}]},"effects":[],"duration":0.4,"type":"buildIn","attributes":{"direction":0},"name":"com.apple.iWork.Keynote.FromDarkness","objectID":"12F8C0AA-5F87-4A62-AF7A-E0DAE08823A9"},{"beginTime":0,"baseLayer":{"animations":[],"initialState":{"affineTransform":[1,0,0,1,0,0],"masksToBounds":false,"rotation":0,"scale":1,"position":{"pointX":805.875732421875,"pointY":501.6562194824219},"width":302.2578125,"sublayerTransform":[1,0,0,0,0,1,0,0,0,0,1,0,0,0,0,1],"contentsRect":{"y":0,"x":0,"width":1,"height":1},"opacity":1,"edgeAntialiasingMask":251658240,"height":159,"hidden":false,"anchorPoint":{"pointX":0.5,"pointY":0.5}},"objectID":"32E169D0-3BA1-43B4-B608-D2DF20730E0B","layers":[{"animations":[],"initialState":{"affineTransform":[1,0,0,1,0,0],"masksToBounds":false,"rotation":0,"scale":1,"position":{"pointX":-142.746826171875,"pointY":-38.15621948242188},"width":302.2578125,"sublayerTransform":[1,0,0,0,0,1,0,0,0,0,1,-0.0004922987690640373,0,0,0,1],"contentsRect":{"y":0,"x":0,"width":1,"height":1},"opacity":1,"edgeAntialiasingMask":251658240,"height":159,"hidden":false,"anchorPoint":{"pointX":-0.4722684419344,"pointY":-0.239976223159886}},"layers":[{"animations":[{"timeOffset":0,"beginTime":1e-100,"repeatCount":0,"animations":[{"timeOffset":0,"from":{"scalar":0},"beginTime":0,"repeatCount":0,"fillMode":"both","duration":0.5,"autoreverses":false,"timingFunction":"EaseInEaseOut","property":"opacity","to":{"scalar":1}},{"timeOffset":0,"from":{"scalar":false},"beginTime":0,"repeatCount":0,"fillMode":"forwards","property":"hidden","autoreverses":false,"duration":0.5,"to":{"scalar":false}}],"fillMode":"both","autoreverses":false,"duration":0.5}],"layers":[],"initialState":{"affineTransform":[1,0,0,1,0,0],"masksToBounds":false,"rotation":0,"scale":1,"position":{"pointX":151.253173828125,"pointY":119.3437805175781},"width":548,"sublayerTransform":[1,0,0,0,0,1,0,0,0,0,1,0,0,0,0,1],"contentsRect":{"y":0,"x":0,"width":1,"height":1},"opacity":1,"edgeAntialiasingMask":0,"height":243,"hidden":true,"anchorPoint":{"pointX":0.5,"pointY":0.5}},"texture":"95F4732EC6B772288C364DB38039FE11"}]}]},"effects":[],"duration":0.5,"type":"buildIn","attributes":{"direction":0},"name":"com.apple.iWork.Keynote.FromDarkness","objectID":"32E169D0-3BA1-43B4-B608-D2DF20730E0B"}],"automaticPlay":false,"hyperlinks":[],"accessibility":[{"text":"master","targetRectangle":{"y":294.2011417150498,"x":571.151291012764,"width":61.123046875,"height":24}},{"text":"/ITL/scene/sync","targetRectangle":{"y":294.2011417150498,"x":124.8186194896698,"width":140.05859375,"height":24}},{"text":"INScore - An environment for the design of live augmented music scores","targetRectangle":{"y":719.0918582081795,"x":188.5700025558472,"width":646.8600000000001,"height":27}},{"text":"mode","targetRectangle":{"y":294.2011417150498,"x":780.8610981702805,"width":50.029296875,"height":24}},{"text":"pasted-image.tif","targetRectangle":{"y":-319.1939392089844,"x":-285.0513916015625,"width":236,"height":101}},{"text":"INScore","targetRectangle":{"y":38,"x":73.57918548583984,"width":193.662,"height":72}},{"text":"slave","targetRectangle":{"y":294.2011417150497,"x":393.2051692008972,"width":46.689453125,"height":24}},{"text":"An environment for the design of interactive augmented music scores","targetRectangle":{"y":107.1785278320312,"x":74.31984863281264,"width":853.0499999999997,"height":38}},{"text":"Graphic alignment","targetRectangle":{"y":427.5312201976776,"x":665.746826171875,"width":232.859375,"height":37}},{"text":"Synchronization","targetRectangle":{"y":168.1910858154297,"x":77.40677642822266,"width":251.294,"height":46}},{"text":"syncOver","targetRectangle":{"y":468.6562200784683,"x":721.930419921875,"width":115.21875,"height":29}},{"text":"syncTop","targetRectangle":{"y":497.6562200784683,"x":721.930419921875,"width":100.81640625,"height":29}},{"text":"syncBottom","targetRectangle":{"y":526.6562200784683,"x":721.930419921875,"width":144.0234375,"height":29}},{"text":"￼","targetRectangle":{"y":721.5918579101562,"x":30.26875245571136,"width":20.016,"height":25}}],"baseLayer":{"animations":[],"initialState":{"affineTransform":[1,0,0,1,0,0],"masksToBounds":false,"rotation":0,"scale":1,"position":{"pointX":512,"pointY":384},"width":1024,"sublayerTransform":[1,0,0,0,0,1,0,0,0,0,1,0,0,0,0,1],"contentsRect":{"y":0,"x":0,"width":1,"height":1},"opacity":1,"edgeAntialiasingMask":251658240,"height":768,"hidden":false,"anchorPoint":{"pointX":0.5,"pointY":0.5}},"layers":[{"animations":[],"initialState":{"affineTransform":[1,0,0,1,0,0],"masksToBounds":false,"rotation":0,"scale":1,"position":{"pointX":512,"pointY":384},"width":1024,"sublayerTransform":[1,0,0,0,0,1,0,0,0,0,1,0,0,0,0,1],"contentsRect":{"y":0,"x":0,"width":1,"height":1},"opacity":1,"edgeAntialiasingMask":251658240,"height":768,"hidden":false,"anchorPoint":{"pointX":0.5,"pointY":0.5}},"layers":[{"animations":[],"initialState":{"affineTransform":[1,0,0,1,0,0],"masksToBounds":false,"rotation":0,"scale":1,"position":{"pointX":512,"pointY":384},"width":1024,"sublayerTransform":[1,0,0,0,0,1,0,0,0,0,1,0,0,0,0,1],"contentsRect":{"y":0,"x":0,"width":1,"height":1},"opacity":1,"edgeAntialiasingMask":251658240,"height":768,"hidden":false,"anchorPoint":{"pointX":0.5,"pointY":0.5}},"layers":[{"animations":[],"layers":[],"initialState":{"affineTransform":[1,0,0,1,0,0],"masksToBounds":false,"rotation":0,"scale":1,"position":{"pointX":512,"pointY":384},"width":1024,"sublayerTransform":[1,0,0,0,0,1,0,0,0,0,1,0,0,0,0,1],"contentsRect":{"y":0,"x":0,"width":1,"height":1},"opacity":1,"edgeAntialiasingMask":0,"height":768,"hidden":false,"anchorPoint":{"pointX":0.5,"pointY":0.5}},"texture":"DB8451458D98EFA7506DBEBC2B1323F0"}]}]},{"animations":[],"initialState":{"affineTransform":[1,0,0,1,0,0],"masksToBounds":false,"rotation":0,"scale":1,"position":{"pointX":512,"pointY":384},"width":1024,"sublayerTransform":[1,0,0,0,0,1,0,0,0,0,1,0,0,0,0,1],"contentsRect":{"y":0,"x":0,"width":1,"height":1},"opacity":1,"edgeAntialiasingMask":251658240,"height":768,"hidden":false,"anchorPoint":{"pointX":0.5,"pointY":0.5}},"layers":[{"animations":[],"initialState":{"affineTransform":[1,0,0,1,0,0],"masksToBounds":false,"rotation":0,"scale":1,"position":{"pointX":512,"pointY":732.5918579101562},"width":655.8599948883057,"sublayerTransform":[1,0,0,0,0,1,0,0,0,0,1,0,0,0,0,1],"contentsRect":{"y":0,"x":0,"width":1,"height":1},"opacity":1,"edgeAntialiasingMask":251658240,"height":34.99999940395355,"hidden":false,"anchorPoint":{"pointX":0.5,"pointY":0.5}},"objectID":"87C2CFB9-98C2-4AD5-9E7D-071B02609808","layers":[{"animations":[],"layers":[],"initialState":{"affineTransform":[1,0,0,1,0,0],"masksToBounds":false,"rotation":0,"scale":1,"position":{"pointX":328.9299974441528,"pointY":18.90814179182053},"width":648,"sublayerTransform":[1,0,0,0,0,1,0,0,0,0,1,0,0,0,0,1],"contentsRect":{"y":0,"x":0,"width":1,"height":1},"opacity":1,"edgeAntialiasingMask":0,"height":24,"hidden":false,"anchorPoint":{"pointX":0.5,"pointY":0.5}},"texture":"AB1EA1DB3B9474C8B4B80192E89C14A9"}]}]},{"animations":[],"initialState":{"affineTransform":[1,0,0,1,0,0],"masksToBounds":false,"rotation":0,"scale":1,"position":{"pointX":512,"pointY":384},"width":1024,"sublayerTransform":[1,0,0,0,0,1,0,0,0,0,1,0,0,0,0,1],"contentsRect":{"y":0,"x":0,"width":1,"height":1},"opacity":1,"edgeAntialiasingMask":251658240,"height":768,"hidden":false,"anchorPoint":{"pointX":0.5,"pointY":0.5}},"layers":[{"animations":[],"initialState":{"affineTransform":[1,0,0,1,0,0],"masksToBounds":false,"rotation":0,"scale":1,"position":{"pointX":511.9999976158142,"pointY":69.49999928474426},"width":884.8416242599487,"sublayerTransform":[1,0,0,0,0,1,0,0,0,0,1,0,0,0,0,1],"contentsRect":{"y":0,"x":0,"width":1,"height":1},"opacity":1,"edgeAntialiasingMask":251658240,"height":88.99999856948853,"hidden":false,"anchorPoint":{"pointX":0.5,"pointY":0.5}},"objectID":"BA260DF5-7F7C-4738-AAF9-59F70ADADEA4","layers":[{"animations":[],"layers":[],"initialState":{"affineTransform":[1,0,0,1,0,0],"masksToBounds":false,"rotation":0,"scale":1,"position":{"pointX":101.9208145141602,"pointY":47},"width":191,"sublayerTransform":[1,0,0,0,0,1,0,0,0,0,1,0,0,0,0,1],"contentsRect":{"y":0,"x":0,"width":1,"height":1},"opacity":1,"edgeAntialiasingMask":0,"height":42,"hidden":false,"anchorPoint":{"pointX":0.5,"pointY":0.5}},"texture":"A195FFC70B722049AFF55E5FCD5FB274"}]}]},{"animations":[],"initialState":{"affineTransform":[1,0,0,1,0,0],"masksToBounds":false,"rotation":0,"scale":1,"position":{"pointX":512,"pointY":384},"width":1024,"sublayerTransform":[1,0,0,0,0,1,0,0,0,0,1,0,0,0,0,1],"contentsRect":{"y":0,"x":0,"width":1,"height":1},"opacity":1,"edgeAntialiasingMask":251658240,"height":768,"hidden":false,"anchorPoint":{"pointX":0.5,"pointY":0.5}},"layers":[{"animations":[],"initialState":{"affineTransform":[1,0,0,1,0,0],"masksToBounds":false,"rotation":0,"scale":1,"position":{"pointX":40.27675247192383,"pointY":734.0918585658073},"width":29.01600003242493,"sublayerTransform":[1,0,0,0,0,1,0,0,0,0,1,0,0,0,0,1],"contentsRect":{"y":0,"x":0,"width":1,"height":1},"opacity":1,"edgeAntialiasingMask":251658240,"height":33.00000131130219,"hidden":false,"anchorPoint":{"pointX":0.5,"pointY":0.5}},"objectID":"ABD83DBC-FFEF-49FA-8440-41B9111F02BF","layers":[{"animations":[],"layers":[],"initialState":{"affineTransform":[1,0,0,1,0,0],"masksToBounds":false,"rotation":0,"scale":1,"position":{"pointX":13.73124754428864,"pointY":15.90814208984375},"width":23,"sublayerTransform":[1,0,0,0,0,1,0,0,0,0,1,0,0,0,0,1],"contentsRect":{"y":0,"x":0,"width":1,"height":1},"opacity":1,"edgeAntialiasingMask":0,"height":17,"hidden":false,"anchorPoint":{"pointX":0.5,"pointY":0.5}},"texture":"98D2422C9AF313D1B5B8DA45DF0B0AA0"}]}]},{"animations":[],"initialState":{"affineTransform":[1,0,0,1,0,0],"masksToBounds":false,"rotation":0,"scale":1,"position":{"pointX":512,"pointY":384},"width":1024,"sublayerTransform":[1,0,0,0,0,1,0,0,0,0,1,0,0,0,0,1],"contentsRect":{"y":0,"x":0,"width":1,"height":1},"opacity":1,"edgeAntialiasingMask":251658240,"height":768,"hidden":false,"anchorPoint":{"pointX":0.5,"pointY":0.5}},"layers":[{"animations":[],"initialState":{"affineTransform":[1,0,0,1,0,0],"masksToBounds":false,"rotation":0,"scale":1,"position":{"pointX":500.844831943512,"pointY":126.2444611787796},"width":862.9231233596802,"sublayerTransform":[1,0,0,0,0,1,0,0,0,0,1,0,0,0,0,1],"contentsRect":{"y":0,"x":0,"width":1,"height":1},"opacity":1,"edgeAntialiasingMask":251658240,"height":46.1318666934967,"hidden":false,"anchorPoint":{"pointX":0.5,"pointY":0.5}},"objectID":"2E31B7FE-B49C-4ED1-A2E7-E26A0A9D646A","layers":[{"animations":[],"layers":[],"initialState":{"affineTransform":[1,0,0,1,0,0],"masksToBounds":false,"rotation":0,"scale":1,"position":{"pointX":431.1167297363281,"pointY":24.82147216796875},"width":857,"sublayerTransform":[1,0,0,0,0,1,0,0,0,0,1,0,0,0,0,1],"contentsRect":{"y":0,"x":0,"width":1,"height":1},"opacity":1,"edgeAntialiasingMask":0,"height":32,"hidden":false,"anchorPoint":{"pointX":0.5,"pointY":0.5}},"texture":"2F5273E48820B549F9C0D4E271FD3C8D"}]}]},{"animations":[],"initialState":{"affineTransform":[1,0,0,1,0,0],"masksToBounds":false,"rotation":0,"scale":1,"position":{"pointX":512,"pointY":384},"width":1024,"sublayerTransform":[1,0,0,0,0,1,0,0,0,0,1,0,0,0,0,1],"contentsRect":{"y":0,"x":0,"width":1,"height":1},"opacity":1,"edgeAntialiasingMask":251658240,"height":768,"hidden":false,"anchorPoint":{"pointX":0.5,"pointY":0.5}},"layers":[{"animations":[],"initialState":{"affineTransform":[1,0,0,1,0,0],"masksToBounds":false,"rotation":0,"scale":1,"position":{"pointX":-167.0513916015625,"pointY":-268.6939392089844},"width":236,"sublayerTransform":[1,0,0,0,0,1,0,0,0,0,1,0,0,0,0,1],"contentsRect":{"y":0,"x":0,"width":1,"height":1},"opacity":1,"edgeAntialiasingMask":251658240,"height":101,"hidden":false,"anchorPoint":{"pointX":0.5,"pointY":0.5}},"objectID":"F4846D2B-BD6F-4729-8E5F-BDCAF0071F4B","layers":[{"animations":[],"layers":[],"initialState":{"affineTransform":[1,0,0,1,0,0],"masksToBounds":false,"rotation":0,"scale":1,"position":{"pointX":117.5513916015625,"pointY":50.19393920898438},"width":239,"sublayerTransform":[1,0,0,0,0,1,0,0,0,0,1,0,0,0,0,1],"contentsRect":{"y":0,"x":0,"width":1,"height":1},"opacity":1,"edgeAntialiasingMask":0,"height":104,"hidden":false,"anchorPoint":{"pointX":0.5,"pointY":0.5}},"texture":"593E206575F248496DFDFB43E256EC77"}]}]},{"animations":[],"initialState":{"affineTransform":[1,0,0,1,0,0],"masksToBounds":false,"rotation":0,"scale":1,"position":{"pointX":512,"pointY":384},"width":1024,"sublayerTransform":[1,0,0,0,0,1,0,0,0,0,1,0,0,0,0,1],"contentsRect":{"y":0,"x":0,"width":1,"height":1},"opacity":1,"edgeAntialiasingMask":251658240,"height":768,"hidden":false,"anchorPoint":{"pointX":0.5,"pointY":0.5}},"layers":[{"animations":[],"initialState":{"affineTransform":[1,0,0,1,0,0],"masksToBounds":false,"rotation":0,"scale":1,"position":{"pointX":216.6684951782227,"pointY":191.1910858154297},"width":286.5234375,"sublayerTransform":[1,0,0,0,0,1,0,0,0,0,1,0,0,0,0,1],"contentsRect":{"y":0,"x":0,"width":1,"height":1},"opacity":1,"edgeAntialiasingMask":251658240,"height":56,"hidden":false,"anchorPoint":{"pointX":0.5,"pointY":0.5}},"objectID":"B759F837-C2E4-4CC9-8726-F4EBA5F28B9E","layers":[{"animations":[],"layers":[],"initialState":{"affineTransform":[1,0,0,1,0,0],"masksToBounds":false,"rotation":0,"scale":1,"position":{"pointX":129.0932235717773,"pointY":29.80891418457031},"width":251,"sublayerTransform":[1,0,0,0,0,1,0,0,0,0,1,0,0,0,0,1],"contentsRect":{"y":0,"x":0,"width":1,"height":1},"opacity":1,"edgeAntialiasingMask":0,"height":38,"hidden":false,"anchorPoint":{"pointX":0.5,"pointY":0.5}},"texture":"BFBFD76E94D0BD23ADE7552C7D9299BA"}]}]},{"animations":[],"initialState":{"affineTransform":[1,0,0,1,0,0],"masksToBounds":false,"rotation":0,"scale":1,"position":{"pointX":512,"pointY":384},"width":1024,"sublayerTransform":[1,0,0,0,0,1,0,0,0,0,1,0,0,0,0,1],"contentsRect":{"y":0,"x":0,"width":1,"height":1},"opacity":1,"edgeAntialiasingMask":251658240,"height":768,"hidden":false,"anchorPoint":{"pointX":0.5,"pointY":0.5}},"layers":[{"animations":[],"initialState":{"affineTransform":[1,0,0,1,0,0],"masksToBounds":false,"rotation":0,"scale":1,"position":{"pointX":805.875732421875,"pointY":501.6562194824219},"width":302.2578125,"sublayerTransform":[1,0,0,0,0,1,0,0,0,0,1,0,0,0,0,1],"contentsRect":{"y":0,"x":0,"width":1,"height":1},"opacity":1,"edgeAntialiasingMask":251658240,"height":159,"hidden":false,"anchorPoint":{"pointX":0.5,"pointY":0.5}},"objectID":"32E169D0-3BA1-43B4-B608-D2DF20730E0B","layers":[{"animations":[],"layers":[],"initialState":{"affineTransform":[1,0,0,1,0,0],"masksToBounds":false,"rotation":0,"scale":1,"position":{"pointX":151.253173828125,"pointY":119.3437805175781},"width":548,"sublayerTransform":[1,0,0,0,0,1,0,0,0,0,1,0,0,0,0,1],"contentsRect":{"y":0,"x":0,"width":1,"height":1},"opacity":1,"edgeAntialiasingMask":0,"height":243,"hidden":true,"anchorPoint":{"pointX":0.5,"pointY":0.5}},"texture":"95F4732EC6B772288C364DB38039FE11"}]}]},{"animations":[],"initialState":{"affineTransform":[1,0,0,1,0,0],"masksToBounds":false,"rotation":0,"scale":1,"position":{"pointX":512,"pointY":384},"width":1024,"sublayerTransform":[1,0,0,0,0,1,0,0,0,0,1,0,0,0,0,1],"contentsRect":{"y":0,"x":0,"width":1,"height":1},"opacity":1,"edgeAntialiasingMask":251658240,"height":768,"hidden":false,"anchorPoint":{"pointX":0.5,"pointY":0.5}},"layers":[{"animations":[],"initialState":{"affineTransform":[1,0,0,1,0,0],"masksToBounds":false,"rotation":0,"scale":1,"position":{"pointX":498.6974639892578,"pointY":317.2939147949219},"width":798.0115966796875,"sublayerTransform":[1,0,0,0,0,1,0,0,0,0,1,0,0,0,0,1],"contentsRect":{"y":0,"x":0,"width":1,"height":1},"opacity":1,"edgeAntialiasingMask":251658240,"height":68.095703125,"hidden":false,"anchorPoint":{"pointX":0.5,"pointY":0.5}},"objectID":"D6CAD863-4670-45BD-9F69-FAF3A2378ADF","layers":[{"animations":[],"layers":[],"initialState":{"affineTransform":[1,0,0,1,0,0],"masksToBounds":false,"rotation":0,"scale":1,"position":{"pointX":398.8083343505859,"pointY":34.25393676757812},"width":803,"sublayerTransform":[1,0,0,0,0,1,0,0,0,0,1,0,0,0,0,1],"contentsRect":{"y":0,"x":0,"width":1,"height":1},"opacity":1,"edgeAntialiasingMask":0,"height":73,"hidden":false,"anchorPoint":{"pointX":0.5,"pointY":0.5}},"texture":"7816372D1DC8E712481CC8F03933DFE4"}]}]},{"animations":[],"initialState":{"affineTransform":[1,0,0,1,0,0],"masksToBounds":false,"rotation":0,"scale":1,"position":{"pointX":512,"pointY":384},"width":1024,"sublayerTransform":[1,0,0,0,0,1,0,0,0,0,1,0,0,0,0,1],"contentsRect":{"y":0,"x":0,"width":1,"height":1},"opacity":1,"edgeAntialiasingMask":251658240,"height":768,"hidden":false,"anchorPoint":{"pointX":0.5,"pointY":0.5}},"layers":[{"animations":[],"initialState":{"affineTransform":[1,0,0,1,0,0],"masksToBounds":false,"rotation":0,"scale":1,"position":{"pointX":805.875732421875,"pointY":386.7489624023438},"width":50,"sublayerTransform":[1,0,0,0,0,1,0,0,0,0,1,0,0,0,0,1],"contentsRect":{"y":0,"x":0,"width":1,"height":1},"opacity":1,"edgeAntialiasingMask":251658240,"height":50,"hidden":false,"anchorPoint":{"pointX":0.5,"pointY":0.5}},"objectID":"12F8C0AA-5F87-4A62-AF7A-E0DAE08823A9","layers":[{"animations":[],"layers":[],"initialState":{"affineTransform":[1,0,0,1,0,0],"masksToBounds":false,"rotation":0,"scale":1,"position":{"pointX":24.624267578125,"pointY":24.75103759765625},"width":53,"sublayerTransform":[1,0,0,0,0,1,0,0,0,0,1,0,0,0,0,1],"contentsRect":{"y":0,"x":0,"width":1,"height":1},"opacity":1,"edgeAntialiasingMask":0,"height":53,"hidden":true,"anchorPoint":{"pointX":0.5,"pointY":0.5}},"texture":"2A482C7F6F5D8D670DE98A39D5E25A63"}]}]}]}},{"effects":[{"beginTime":0,"baseLayer":{"animations":[],"initialState":{"affineTransform":[1,0,0,1,0,0],"masksToBounds":false,"rotation":0,"scale":1,"position":{"pointX":512,"pointY":384},"width":1024,"sublayerTransform":[1,0,0,0,0,1,0,0,0,0,1,0,0,0,0,1],"contentsRect":{"y":0,"x":0,"width":1,"height":1},"opacity":1,"edgeAntialiasingMask":251658240,"height":768,"hidden":false,"anchorPoint":{"pointX":0.5,"pointY":0.5}},"objectID":"0","layers":[{"animations":[],"initialState":{"affineTransform":[1,0,0,1,0,0],"masksToBounds":false,"rotation":0,"scale":1,"position":{"pointX":512,"pointY":384},"width":1024,"sublayerTransform":[1,0,0,0,0,1,0,0,0,0,1,-0.0004922987690640373,0,0,0,1],"contentsRect":{"y":0,"x":0,"width":1,"height":1},"opacity":1,"edgeAntialiasingMask":251658240,"height":768,"hidden":false,"anchorPoint":{"pointX":0.5,"pointY":0.5}},"layers":[{"animations":[{"timeOffset":0,"beginTime":0,"repeatCount":0,"animations":[{"timeOffset":0,"from":{"scalar":0},"beginTime":0,"repeatCount":0,"fillMode":"both","duration":0.949999988079071,"autoreverses":false,"timingFunction":"EaseInEaseOut","property":"zPosition","to":{"scalar":0}}],"fillMode":"both","autoreverses":false,"duration":0.949999988079071}],"initialState":{"affineTransform":[1,0,0,1,0,0],"masksToBounds":false,"rotation":0,"scale":1,"position":{"pointX":512,"pointY":384},"width":1024,"sublayerTransform":[1,0,0,0,0,1,0,0,0,0,1,0,0,0,0,1],"contentsRect":{"y":0,"x":0,"width":1,"height":1},"opacity":1,"edgeAntialiasingMask":251658240,"height":768,"hidden":false,"anchorPoint":{"pointX":0.5,"pointY":0.5}},"layers":[{"animations":[],"layers":[],"initialState":{"affineTransform":[1,0,0,1,0,0],"masksToBounds":false,"rotation":0,"scale":1,"position":{"pointX":512,"pointY":384},"width":1024,"sublayerTransform":[1,0,0,0,0,1,0,0,0,0,1,0,0,0,0,1],"contentsRect":{"y":0,"x":0,"width":1,"height":1},"opacity":1,"edgeAntialiasingMask":0,"height":768,"hidden":false,"anchorPoint":{"pointX":0.5,"pointY":0.5}},"texture":"DB8451458D98EFA7506DBEBC2B1323F0"}]}]},{"animations":[{"timeOffset":0,"beginTime":0,"repeatCount":0,"animations":[{"timeOffset":0,"from":{"scalar":0.001},"beginTime":0,"repeatCount":0,"fillMode":"both","duration":0.949999988079071,"autoreverses":false,"timingFunction":"EaseInEaseOut","property":"zPosition","to":{"scalar":0.001}}],"fillMode":"both","autoreverses":false,"duration":0.949999988079071}],"initialState":{"affineTransform":[1,0,0,1,0,0],"masksToBounds":false,"rotation":0,"scale":1,"position":{"pointX":512,"pointY":732.5918579101562},"width":655.8599948883057,"sublayerTransform":[1,0,0,0,0,1,0,0,0,0,1,0,0,0,0,1],"contentsRect":{"y":0,"x":0,"width":1,"height":1},"opacity":1,"edgeAntialiasingMask":251658240,"height":34.99999940395355,"hidden":false,"anchorPoint":{"pointX":0.5,"pointY":0.5}},"layers":[{"animations":[{"timeOffset":0,"beginTime":0,"repeatCount":0,"animations":[{"timeOffset":0,"from":{"texture":"AB1EA1DB3B9474C8B4B80192E89C14A9"},"beginTime":0,"repeatCount":0,"fillMode":"both","duration":0.949999988079071,"autoreverses":false,"timingFunction":"EaseInEaseOut","property":"contents","to":{"texture":"AB1EA1DB3B9474C8B4B80192E89C14A9"}}],"fillMode":"both","autoreverses":false,"duration":0.949999988079071}],"layers":[],"initialState":{"affineTransform":[1,0,0,1,0,0],"masksToBounds":false,"rotation":0,"scale":1,"position":{"pointX":327.9300000000001,"pointY":17.5},"width":648,"sublayerTransform":[1,0,0,0,0,1,0,0,0,0,1,0,0,0,0,1],"contentsRect":{"y":0,"x":0,"width":1,"height":1},"opacity":1,"edgeAntialiasingMask":0,"height":24,"hidden":false,"anchorPoint":{"pointX":0.4984567940676655,"pointY":0.4413274253408114}},"texture":"AB1EA1DB3B9474C8B4B80192E89C14A9"}]},{"animations":[{"timeOffset":0,"beginTime":0,"repeatCount":0,"animations":[{"timeOffset":0,"from":{"scalar":0.002},"beginTime":0,"repeatCount":0,"fillMode":"both","duration":0.949999988079071,"autoreverses":false,"timingFunction":"EaseInEaseOut","property":"zPosition","to":{"scalar":0.002}}],"fillMode":"both","autoreverses":false,"duration":0.949999988079071}],"initialState":{"affineTransform":[1,0,0,1,0,0],"masksToBounds":false,"rotation":0,"scale":1,"position":{"pointX":511.9999976158142,"pointY":69.49999928474426},"width":884.8416242599487,"sublayerTransform":[1,0,0,0,0,1,0,0,0,0,1,0,0,0,0,1],"contentsRect":{"y":0,"x":0,"width":1,"height":1},"opacity":1,"edgeAntialiasingMask":251658240,"height":88.99999856948853,"hidden":false,"anchorPoint":{"pointX":0.5,"pointY":0.5}},"layers":[{"animations":[{"timeOffset":0,"beginTime":0,"repeatCount":0,"animations":[{"timeOffset":0,"from":{"texture":"A195FFC70B722049AFF55E5FCD5FB274"},"beginTime":0,"repeatCount":0,"fillMode":"both","duration":0.949999988079071,"autoreverses":false,"timingFunction":"EaseInEaseOut","property":"contents","to":{"texture":"A195FFC70B722049AFF55E5FCD5FB274"}}],"fillMode":"both","autoreverses":false,"duration":0.949999988079071}],"layers":[],"initialState":{"affineTransform":[1,0,0,1,0,0],"masksToBounds":false,"rotation":0,"scale":1,"position":{"pointX":442.4208068847656,"pointY":44.5},"width":191,"sublayerTransform":[1,0,0,0,0,1,0,0,0,0,1,0,0,0,0,1],"contentsRect":{"y":0,"x":0,"width":1,"height":1},"opacity":1,"edgeAntialiasingMask":0,"height":42,"hidden":false,"anchorPoint":{"pointX":2.282722473144531,"pointY":0.4404761904761905}},"texture":"A195FFC70B722049AFF55E5FCD5FB274"}]},{"animations":[{"timeOffset":0,"beginTime":0,"repeatCount":0,"animations":[{"timeOffset":0,"from":{"scalar":0.003},"beginTime":0,"repeatCount":0,"fillMode":"both","duration":0.949999988079071,"autoreverses":false,"timingFunction":"EaseInEaseOut","property":"zPosition","to":{"scalar":0.003}}],"fillMode":"both","autoreverses":false,"duration":0.949999988079071}],"initialState":{"affineTransform":[1,0,0,1,0,0],"masksToBounds":false,"rotation":0,"scale":1,"position":{"pointX":40.27675247192383,"pointY":734.0918585658073},"width":29.01600003242493,"sublayerTransform":[1,0,0,0,0,1,0,0,0,0,1,0,0,0,0,1],"contentsRect":{"y":0,"x":0,"width":1,"height":1},"opacity":1,"edgeAntialiasingMask":251658240,"height":33.00000131130219,"hidden":false,"anchorPoint":{"pointX":0.5,"pointY":0.5}},"layers":[{"animations":[{"timeOffset":0,"beginTime":0,"repeatCount":0,"animations":[{"timeOffset":0,"from":{"texture":"98D2422C9AF313D1B5B8DA45DF0B0AA0"},"beginTime":0,"repeatCount":0,"fillMode":"both","duration":0.949999988079071,"autoreverses":false,"timingFunction":"EaseInEaseOut","property":"contents","to":{"texture":"F37EE404096704CFE4F08E28CA19952D"}}],"fillMode":"both","autoreverses":false,"duration":0.949999988079071}],"layers":[],"initialState":{"affineTransform":[1,0,0,1,0,0],"masksToBounds":false,"rotation":0,"scale":1,"position":{"pointX":14.50799999999999,"pointY":16.5},"width":23,"sublayerTransform":[1,0,0,0,0,1,0,0,0,0,1,0,0,0,0,1],"contentsRect":{"y":0,"x":0,"width":1,"height":1},"opacity":1,"edgeAntialiasingMask":0,"height":17,"hidden":false,"anchorPoint":{"pointX":0.5337718459004939,"pointY":0.5348151711856618}},"texture":"98D2422C9AF313D1B5B8DA45DF0B0AA0"}]},{"animations":[{"timeOffset":0,"beginTime":0,"repeatCount":0,"animations":[{"timeOffset":0,"from":{"scalar":0.004},"beginTime":0,"repeatCount":0,"fillMode":"both","duration":0.949999988079071,"autoreverses":false,"timingFunction":"EaseInEaseOut","property":"zPosition","to":{"scalar":0.004}}],"fillMode":"both","autoreverses":false,"duration":0.949999988079071}],"initialState":{"affineTransform":[1,0,0,1,0,0],"masksToBounds":false,"rotation":0,"scale":1,"position":{"pointX":500.844831943512,"pointY":126.2444611787796},"width":862.9231233596802,"sublayerTransform":[1,0,0,0,0,1,0,0,0,0,1,0,0,0,0,1],"contentsRect":{"y":0,"x":0,"width":1,"height":1},"opacity":1,"edgeAntialiasingMask":251658240,"height":46.1318666934967,"hidden":false,"anchorPoint":{"pointX":0.5,"pointY":0.5}},"layers":[{"animations":[{"timeOffset":0,"beginTime":0,"repeatCount":0,"animations":[{"timeOffset":0,"from":{"texture":"2F5273E48820B549F9C0D4E271FD3C8D"},"beginTime":0,"repeatCount":0,"fillMode":"both","duration":0.949999988079071,"autoreverses":false,"timingFunction":"EaseInEaseOut","property":"contents","to":{"texture":"2F5273E48820B549F9C0D4E271FD3C8D"}}],"fillMode":"both","autoreverses":false,"duration":0.949999988079071}],"layers":[],"initialState":{"affineTransform":[1,0,0,1,0,0],"masksToBounds":false,"rotation":0,"scale":1,"position":{"pointX":431.4615783691407,"pointY":23.06593322753906},"width":857,"sublayerTransform":[1,0,0,0,0,1,0,0,0,0,1,0,0,0,0,1],"contentsRect":{"y":0,"x":0,"width":1,"height":1},"opacity":1,"edgeAntialiasingMask":0,"height":32,"hidden":false,"anchorPoint":{"pointX":0.5004023904700263,"pointY":0.4451394081115723}},"texture":"2F5273E48820B549F9C0D4E271FD3C8D"}]},{"animations":[{"timeOffset":0,"beginTime":0,"repeatCount":0,"animations":[{"timeOffset":0,"from":{"scalar":0.005},"beginTime":0,"repeatCount":0,"fillMode":"both","duration":0.949999988079071,"autoreverses":false,"timingFunction":"EaseInEaseOut","property":"zPosition","to":{"scalar":0.005}}],"fillMode":"both","autoreverses":false,"duration":0.949999988079071}],"initialState":{"affineTransform":[1,0,0,1,0,0],"masksToBounds":false,"rotation":0,"scale":1,"position":{"pointX":-167.0513916015625,"pointY":-268.6939392089844},"width":236,"sublayerTransform":[1,0,0,0,0,1,0,0,0,0,1,0,0,0,0,1],"contentsRect":{"y":0,"x":0,"width":1,"height":1},"opacity":1,"edgeAntialiasingMask":251658240,"height":101,"hidden":false,"anchorPoint":{"pointX":0.5,"pointY":0.5}},"layers":[{"animations":[],"layers":[],"initialState":{"affineTransform":[1,0,0,1,0,0],"masksToBounds":false,"rotation":0,"scale":1,"position":{"pointX":118,"pointY":50.5},"width":239,"sublayerTransform":[1,0,0,0,0,1,0,0,0,0,1,0,0,0,0,1],"contentsRect":{"y":0,"x":0,"width":1,"height":1},"opacity":1,"edgeAntialiasingMask":0,"height":104,"hidden":false,"anchorPoint":{"pointX":0.5018770225876046,"pointY":0.5029428922213041}},"texture":"593E206575F248496DFDFB43E256EC77"}]},{"animations":[{"timeOffset":0,"beginTime":0,"repeatCount":0,"animations":[{"timeOffset":0,"from":{"scalar":0.006},"beginTime":0,"repeatCount":0,"fillMode":"both","duration":0.949999988079071,"autoreverses":false,"timingFunction":"EaseInEaseOut","property":"zPosition","to":{"scalar":0.006}}],"fillMode":"both","autoreverses":false,"duration":0.949999988079071}],"initialState":{"affineTransform":[1,0,0,1,0,0],"masksToBounds":false,"rotation":0,"scale":1,"position":{"pointX":216.6684951782227,"pointY":191.1910858154297},"width":286.5234375,"sublayerTransform":[1,0,0,0,0,1,0,0,0,0,1,0,0,0,0,1],"contentsRect":{"y":0,"x":0,"width":1,"height":1},"opacity":1,"edgeAntialiasingMask":251658240,"height":56,"hidden":false,"anchorPoint":{"pointX":0.5,"pointY":0.5}},"layers":[{"animations":[{"timeOffset":0,"beginTime":0,"repeatCount":0,"animations":[{"timeOffset":0,"from":{"texture":"BFBFD76E94D0BD23ADE7552C7D9299BA"},"beginTime":0,"repeatCount":0,"fillMode":"both","duration":0.949999988079071,"autoreverses":false,"timingFunction":"EaseInEaseOut","property":"contents","to":{"texture":"BFBFD76E94D0BD23ADE7552C7D9299BA"}}],"fillMode":"both","autoreverses":false,"duration":0.949999988079071}],"layers":[],"initialState":{"affineTransform":[1,0,0,1,0,0],"masksToBounds":false,"rotation":0,"scale":1,"position":{"pointX":143.26171875,"pointY":28},"width":251,"sublayerTransform":[1,0,0,0,0,1,0,0,0,0,1,0,0,0,0,1],"contentsRect":{"y":0,"x":0,"width":1,"height":1},"opacity":1,"edgeAntialiasingMask":0,"height":38,"hidden":false,"anchorPoint":{"pointX":0.5564481879610464,"pointY":0.4523969951428865}},"texture":"BFBFD76E94D0BD23ADE7552C7D9299BA"}]},{"animations":[{"timeOffset":0,"beginTime":0,"repeatCount":0,"animations":[{"timeOffset":0,"from":{"scalar":0.007},"beginTime":0,"repeatCount":0,"fillMode":"both","duration":0.949999988079071,"autoreverses":false,"timingFunction":"EaseInEaseOut","property":"zPosition","to":{"scalar":0.007}}],"fillMode":"both","autoreverses":false,"duration":0.949999988079071}],"initialState":{"affineTransform":[1,0,0,1,0,0],"masksToBounds":false,"rotation":0,"scale":1,"position":{"pointX":805.875732421875,"pointY":501.6562194824219},"width":302.2578125,"sublayerTransform":[1,0,0,0,0,1,0,0,0,0,1,0,0,0,0,1],"contentsRect":{"y":0,"x":0,"width":1,"height":1},"opacity":1,"edgeAntialiasingMask":251658240,"height":159,"hidden":false,"anchorPoint":{"pointX":0.5,"pointY":0.5}},"layers":[{"animations":[{"timeOffset":0,"beginTime":0,"repeatCount":0,"animations":[{"timeOffset":0,"from":{"texture":"95F4732EC6B772288C364DB38039FE11"},"beginTime":0,"repeatCount":0,"fillMode":"both","duration":0.949999988079071,"autoreverses":false,"timingFunction":"EaseInEaseOut","property":"contents","to":{"texture":"677FF9135832935062EF3A01F888F41E"}},{"timeOffset":0,"from":{"pointX":0,"pointY":0},"beginTime":0,"repeatCount":0,"fillMode":"both","duration":0.949999988079071,"autoreverses":false,"timingFunction":"EaseInEaseOut","property":"transform.translation","to":{"pointX":-246,"pointY":0}}],"fillMode":"both","autoreverses":false,"duration":0.949999988079071}],"layers":[],"initialState":{"affineTransform":[1,0,0,1,0,0],"masksToBounds":false,"rotation":0,"scale":1,"position":{"pointX":151.12890625,"pointY":79.5},"width":548,"sublayerTransform":[1,0,0,0,0,1,0,0,0,0,1,0,0,0,0,1],"contentsRect":{"y":0,"x":0,"width":1,"height":1},"opacity":1,"edgeAntialiasingMask":0,"height":243,"hidden":false,"anchorPoint":{"pointX":0.4997732343464872,"pointY":0.3360338250305427}},"texture":"95F4732EC6B772288C364DB38039FE11"}]},{"animations":[{"timeOffset":0,"beginTime":0,"repeatCount":0,"animations":[{"timeOffset":0,"from":{"scalar":0.008},"beginTime":0,"repeatCount":0,"fillMode":"both","duration":0.949999988079071,"autoreverses":false,"timingFunction":"EaseInEaseOut","property":"zPosition","to":{"scalar":0.008}}],"fillMode":"both","autoreverses":false,"duration":0.949999988079071}],"initialState":{"affineTransform":[1,0,0,1,0,0],"masksToBounds":false,"rotation":0,"scale":1,"position":{"pointX":498.6974639892578,"pointY":317.2939147949219},"width":798.0115966796875,"sublayerTransform":[1,0,0,0,0,1,0,0,0,0,1,0,0,0,0,1],"contentsRect":{"y":0,"x":0,"width":1,"height":1},"opacity":1,"edgeAntialiasingMask":251658240,"height":68.095703125,"hidden":false,"anchorPoint":{"pointX":0.5,"pointY":0.5}},"layers":[{"animations":[{"timeOffset":0,"beginTime":0,"repeatCount":0,"animations":[{"timeOffset":0,"from":{"texture":"7816372D1DC8E712481CC8F03933DFE4"},"beginTime":0,"repeatCount":0,"fillMode":"both","duration":0.949999988079071,"autoreverses":false,"timingFunction":"EaseInEaseOut","property":"contents","to":{"texture":"7816372D1DC8E712481CC8F03933DFE4"}}],"fillMode":"both","autoreverses":false,"duration":0.949999988079071}],"layers":[],"initialState":{"affineTransform":[1,0,0,1,0,0],"masksToBounds":false,"rotation":0,"scale":1,"position":{"pointX":399.0058099435216,"pointY":34.04785060882568},"width":803,"sublayerTransform":[1,0,0,0,0,1,0,0,0,0,1,0,0,0,0,1],"contentsRect":{"y":0,"x":0,"width":1,"height":1},"opacity":1,"edgeAntialiasingMask":0,"height":73,"hidden":false,"anchorPoint":{"pointX":0.5002459222826098,"pointY":0.4971769019348981}},"texture":"7816372D1DC8E712481CC8F03933DFE4"}]},{"animations":[{"timeOffset":0,"beginTime":0,"repeatCount":0,"animations":[{"timeOffset":0,"from":{"scalar":0.009000000000000001},"beginTime":0,"repeatCount":0,"fillMode":"both","duration":0.949999988079071,"autoreverses":false,"timingFunction":"EaseInEaseOut","property":"zPosition","to":{"scalar":0.009000000000000001}}],"fillMode":"both","autoreverses":false,"duration":0.949999988079071}],"initialState":{"affineTransform":[1,0,0,1,0,0],"masksToBounds":false,"rotation":0,"scale":1,"position":{"pointX":805.875732421875,"pointY":386.7489624023438},"width":50,"sublayerTransform":[1,0,0,0,0,1,0,0,0,0,1,0,0,0,0,1],"contentsRect":{"y":0,"x":0,"width":1,"height":1},"opacity":1,"edgeAntialiasingMask":251658240,"height":50,"hidden":false,"anchorPoint":{"pointX":0.5,"pointY":0.5}},"layers":[{"animations":[{"timeOffset":0,"beginTime":0,"repeatCount":0,"animations":[{"timeOffset":0,"from":{"scalar":1.570796326794897},"beginTime":0,"repeatCount":0,"fillMode":"both","property":"transform.rotation.z","autoreverses":false,"duration":0.949999988079071,"to":{"scalar":1.570796326794897}}],"fillMode":"both","autoreverses":false,"duration":0.949999988079071}],"layers":[],"initialState":{"affineTransform":[0,1,-1,0,0,0],"masksToBounds":false,"rotation":1.570796326794897,"scale":1,"position":{"pointX":25,"pointY":25},"width":53,"sublayerTransform":[1,0,0,0,0,1,0,0,0,0,1,0,0,0,0,1],"contentsRect":{"y":0,"x":0,"width":1,"height":1},"opacity":1,"edgeAntialiasingMask":0,"height":53,"hidden":false,"anchorPoint":{"pointX":0.5070892909787735,"pointY":0.5046974038178066}},"texture":"0E8D6D782348AF660DF7322B4A0322EA"}]},{"animations":[{"timeOffset":0,"beginTime":0,"repeatCount":0,"animations":[{"timeOffset":0,"from":{"scalar":0.01},"beginTime":0,"repeatCount":0,"fillMode":"both","duration":0.949999988079071,"autoreverses":false,"timingFunction":"EaseInEaseOut","property":"zPosition","to":{"scalar":0.01}}],"fillMode":"both","autoreverses":false,"duration":0.949999988079071}],"initialState":{"affineTransform":[1,0,0,1,0,0],"masksToBounds":false,"rotation":0,"scale":1,"position":{"pointX":805.875732421875,"pointY":501.6561584472656},"width":154.30078125,"sublayerTransform":[1,0,0,0,0,1,0,0,0,0,1,0,0,0,0,1],"contentsRect":{"y":0,"x":0,"width":1,"height":1},"opacity":1,"edgeAntialiasingMask":251658240,"height":159,"hidden":false,"anchorPoint":{"pointX":0.5,"pointY":0.5}},"layers":[{"animations":[{"timeOffset":0,"beginTime":0,"repeatCount":0,"animations":[{"timeOffset":0,"from":{"scalar":0},"beginTime":0.6333649920523168,"repeatCount":0,"fillMode":"both","duration":0.3166349960267544,"autoreverses":false,"timingFunction":"EaseInEaseOut","property":"opacity","to":{"scalar":1}},{"timeOffset":0,"from":{"scalar":false},"beginTime":0.6333649920523168,"repeatCount":0,"fillMode":"forwards","property":"hidden","autoreverses":false,"duration":0.3166349960267543,"to":{"scalar":false}}],"fillMode":"both","autoreverses":false,"duration":0.949999988079071}],"layers":[],"initialState":{"affineTransform":[1,0,0,1,0,0],"masksToBounds":false,"rotation":0,"scale":1,"position":{"pointX":77.150390625,"pointY":79.5},"width":400,"sublayerTransform":[1,0,0,0,0,1,0,0,0,0,1,0,0,0,0,1],"contentsRect":{"y":0,"x":0,"width":1,"height":1},"opacity":1,"edgeAntialiasingMask":0,"height":243,"hidden":true,"anchorPoint":{"pointX":0.4996893310546875,"pointY":0.3360335738570602}},"texture":"A68C36FB3ABD9F2D51D3D115C4F2B96D"}]}]},"effects":[],"duration":0.949999988079071,"type":"transition","name":"apple:magic-move-implied-motion-path","objectID":"0"}],"automaticPlay":false,"hyperlinks":[],"accessibility":[{"text":"master","targetRectangle":{"y":294.2011417150498,"x":571.151291012764,"width":61.123046875,"height":24}},{"text":"/ITL/scene/sync","targetRectangle":{"y":294.2011417150498,"x":124.8186194896698,"width":140.05859375,"height":24}},{"text":"INScore - An environment for the design of live augmented music scores","targetRectangle":{"y":719.0918582081795,"x":188.5700025558472,"width":646.8600000000001,"height":27}},{"text":"mode","targetRectangle":{"y":294.2011417150498,"x":780.8610981702805,"width":50.029296875,"height":24}},{"text":"pasted-image.tif","targetRectangle":{"y":-319.1939392089844,"x":-285.0513916015625,"width":236,"height":101}},{"text":"INScore","targetRectangle":{"y":38,"x":73.57918548583984,"width":193.662,"height":72}},{"text":"slave","targetRectangle":{"y":294.2011417150497,"x":393.2051692008972,"width":46.689453125,"height":24}},{"text":"An environment for the design of interactive augmented music scores","targetRectangle":{"y":107.1785278320312,"x":74.31984863281264,"width":853.0499999999997,"height":38}},{"text":"Graphic alignment","targetRectangle":{"y":427.5312201976776,"x":665.746826171875,"width":232.859375,"height":37}},{"text":"Synchronization","targetRectangle":{"y":168.1910858154297,"x":77.40677642822266,"width":251.294,"height":46}},{"text":"syncOver","targetRectangle":{"y":468.6562200784683,"x":721.930419921875,"width":115.21875,"height":29}},{"text":"syncTop","targetRectangle":{"y":497.6562200784683,"x":721.930419921875,"width":100.81640625,"height":29}},{"text":"syncBottom","targetRectangle":{"y":526.6562200784683,"x":721.930419921875,"width":144.0234375,"height":29}},{"text":"￼","targetRectangle":{"y":721.5918579101562,"x":30.26875245571136,"width":20.016,"height":25}}],"baseLayer":{"animations":[],"initialState":{"affineTransform":[1,0,0,1,0,0],"masksToBounds":false,"rotation":0,"scale":1,"position":{"pointX":512,"pointY":384},"width":1024,"sublayerTransform":[1,0,0,0,0,1,0,0,0,0,1,0,0,0,0,1],"contentsRect":{"y":0,"x":0,"width":1,"height":1},"opacity":1,"edgeAntialiasingMask":251658240,"height":768,"hidden":false,"anchorPoint":{"pointX":0.5,"pointY":0.5}},"objectID":"0","layers":[{"animations":[],"initialState":{"affineTransform":[1,0,0,1,0,0],"masksToBounds":false,"rotation":0,"scale":1,"position":{"pointX":512,"pointY":384},"width":1024,"sublayerTransform":[1,0,0,0,0,1,0,0,0,0,1,-0.0004922987690640373,0,0,0,1],"contentsRect":{"y":0,"x":0,"width":1,"height":1},"opacity":1,"edgeAntialiasingMask":251658240,"height":768,"hidden":false,"anchorPoint":{"pointX":0.5,"pointY":0.5}},"layers":[{"animations":[],"initialState":{"affineTransform":[1,0,0,1,0,0],"masksToBounds":false,"rotation":0,"scale":1,"position":{"pointX":512,"pointY":384},"width":1024,"sublayerTransform":[1,0,0,0,0,1,0,0,0,0,1,0,0,0,0,1],"contentsRect":{"y":0,"x":0,"width":1,"height":1},"opacity":1,"edgeAntialiasingMask":251658240,"height":768,"hidden":false,"anchorPoint":{"pointX":0.5,"pointY":0.5}},"layers":[{"animations":[],"layers":[],"initialState":{"affineTransform":[1,0,0,1,0,0],"masksToBounds":false,"rotation":0,"scale":1,"position":{"pointX":512,"pointY":384},"width":1024,"sublayerTransform":[1,0,0,0,0,1,0,0,0,0,1,0,0,0,0,1],"contentsRect":{"y":0,"x":0,"width":1,"height":1},"opacity":1,"edgeAntialiasingMask":0,"height":768,"hidden":false,"anchorPoint":{"pointX":0.5,"pointY":0.5}},"texture":"DB8451458D98EFA7506DBEBC2B1323F0"}]}]},{"animations":[],"initialState":{"affineTransform":[1,0,0,1,0,0],"masksToBounds":false,"rotation":0,"scale":1,"position":{"pointX":512,"pointY":732.5918579101562},"width":655.8599948883057,"sublayerTransform":[1,0,0,0,0,1,0,0,0,0,1,0,0,0,0,1],"contentsRect":{"y":0,"x":0,"width":1,"height":1},"opacity":1,"edgeAntialiasingMask":251658240,"height":34.99999940395355,"hidden":false,"anchorPoint":{"pointX":0.5,"pointY":0.5}},"layers":[{"animations":[],"layers":[],"initialState":{"affineTransform":[1,0,0,1,0,0],"masksToBounds":false,"rotation":0,"scale":1,"position":{"pointX":327.9300000000001,"pointY":17.5},"width":648,"sublayerTransform":[1,0,0,0,0,1,0,0,0,0,1,0,0,0,0,1],"contentsRect":{"y":0,"x":0,"width":1,"height":1},"opacity":1,"edgeAntialiasingMask":0,"height":24,"hidden":false,"anchorPoint":{"pointX":0.4984567940676655,"pointY":0.4413274253408114}},"texture":"AB1EA1DB3B9474C8B4B80192E89C14A9"}]},{"animations":[],"initialState":{"affineTransform":[1,0,0,1,0,0],"masksToBounds":false,"rotation":0,"scale":1,"position":{"pointX":511.9999976158142,"pointY":69.49999928474426},"width":884.8416242599487,"sublayerTransform":[1,0,0,0,0,1,0,0,0,0,1,0,0,0,0,1],"contentsRect":{"y":0,"x":0,"width":1,"height":1},"opacity":1,"edgeAntialiasingMask":251658240,"height":88.99999856948853,"hidden":false,"anchorPoint":{"pointX":0.5,"pointY":0.5}},"layers":[{"animations":[],"layers":[],"initialState":{"affineTransform":[1,0,0,1,0,0],"masksToBounds":false,"rotation":0,"scale":1,"position":{"pointX":442.4208068847656,"pointY":44.5},"width":191,"sublayerTransform":[1,0,0,0,0,1,0,0,0,0,1,0,0,0,0,1],"contentsRect":{"y":0,"x":0,"width":1,"height":1},"opacity":1,"edgeAntialiasingMask":0,"height":42,"hidden":false,"anchorPoint":{"pointX":2.282722473144531,"pointY":0.4404761904761905}},"texture":"A195FFC70B722049AFF55E5FCD5FB274"}]},{"animations":[],"initialState":{"affineTransform":[1,0,0,1,0,0],"masksToBounds":false,"rotation":0,"scale":1,"position":{"pointX":40.27675247192383,"pointY":734.0918585658073},"width":29.01600003242493,"sublayerTransform":[1,0,0,0,0,1,0,0,0,0,1,0,0,0,0,1],"contentsRect":{"y":0,"x":0,"width":1,"height":1},"opacity":1,"edgeAntialiasingMask":251658240,"height":33.00000131130219,"hidden":false,"anchorPoint":{"pointX":0.5,"pointY":0.5}},"layers":[{"animations":[],"layers":[],"initialState":{"affineTransform":[1,0,0,1,0,0],"masksToBounds":false,"rotation":0,"scale":1,"position":{"pointX":14.50799999999999,"pointY":16.5},"width":23,"sublayerTransform":[1,0,0,0,0,1,0,0,0,0,1,0,0,0,0,1],"contentsRect":{"y":0,"x":0,"width":1,"height":1},"opacity":1,"edgeAntialiasingMask":0,"height":17,"hidden":false,"anchorPoint":{"pointX":0.5337718459004939,"pointY":0.5348151711856618}},"texture":"98D2422C9AF313D1B5B8DA45DF0B0AA0"}]},{"animations":[],"initialState":{"affineTransform":[1,0,0,1,0,0],"masksToBounds":false,"rotation":0,"scale":1,"position":{"pointX":500.844831943512,"pointY":126.2444611787796},"width":862.9231233596802,"sublayerTransform":[1,0,0,0,0,1,0,0,0,0,1,0,0,0,0,1],"contentsRect":{"y":0,"x":0,"width":1,"height":1},"opacity":1,"edgeAntialiasingMask":251658240,"height":46.1318666934967,"hidden":false,"anchorPoint":{"pointX":0.5,"pointY":0.5}},"layers":[{"animations":[],"layers":[],"initialState":{"affineTransform":[1,0,0,1,0,0],"masksToBounds":false,"rotation":0,"scale":1,"position":{"pointX":431.4615783691407,"pointY":23.06593322753906},"width":857,"sublayerTransform":[1,0,0,0,0,1,0,0,0,0,1,0,0,0,0,1],"contentsRect":{"y":0,"x":0,"width":1,"height":1},"opacity":1,"edgeAntialiasingMask":0,"height":32,"hidden":false,"anchorPoint":{"pointX":0.5004023904700263,"pointY":0.4451394081115723}},"texture":"2F5273E48820B549F9C0D4E271FD3C8D"}]},{"animations":[],"initialState":{"affineTransform":[1,0,0,1,0,0],"masksToBounds":false,"rotation":0,"scale":1,"position":{"pointX":-167.0513916015625,"pointY":-268.6939392089844},"width":236,"sublayerTransform":[1,0,0,0,0,1,0,0,0,0,1,0,0,0,0,1],"contentsRect":{"y":0,"x":0,"width":1,"height":1},"opacity":1,"edgeAntialiasingMask":251658240,"height":101,"hidden":false,"anchorPoint":{"pointX":0.5,"pointY":0.5}},"layers":[{"animations":[],"layers":[],"initialState":{"affineTransform":[1,0,0,1,0,0],"masksToBounds":false,"rotation":0,"scale":1,"position":{"pointX":118,"pointY":50.5},"width":239,"sublayerTransform":[1,0,0,0,0,1,0,0,0,0,1,0,0,0,0,1],"contentsRect":{"y":0,"x":0,"width":1,"height":1},"opacity":1,"edgeAntialiasingMask":0,"height":104,"hidden":false,"anchorPoint":{"pointX":0.5018770225876046,"pointY":0.5029428922213041}},"texture":"593E206575F248496DFDFB43E256EC77"}]},{"animations":[],"initialState":{"affineTransform":[1,0,0,1,0,0],"masksToBounds":false,"rotation":0,"scale":1,"position":{"pointX":216.6684951782227,"pointY":191.1910858154297},"width":286.5234375,"sublayerTransform":[1,0,0,0,0,1,0,0,0,0,1,0,0,0,0,1],"contentsRect":{"y":0,"x":0,"width":1,"height":1},"opacity":1,"edgeAntialiasingMask":251658240,"height":56,"hidden":false,"anchorPoint":{"pointX":0.5,"pointY":0.5}},"layers":[{"animations":[],"layers":[],"initialState":{"affineTransform":[1,0,0,1,0,0],"masksToBounds":false,"rotation":0,"scale":1,"position":{"pointX":143.26171875,"pointY":28},"width":251,"sublayerTransform":[1,0,0,0,0,1,0,0,0,0,1,0,0,0,0,1],"contentsRect":{"y":0,"x":0,"width":1,"height":1},"opacity":1,"edgeAntialiasingMask":0,"height":38,"hidden":false,"anchorPoint":{"pointX":0.5564481879610464,"pointY":0.4523969951428865}},"texture":"BFBFD76E94D0BD23ADE7552C7D9299BA"}]},{"animations":[],"initialState":{"affineTransform":[1,0,0,1,0,0],"masksToBounds":false,"rotation":0,"scale":1,"position":{"pointX":805.875732421875,"pointY":501.6562194824219},"width":302.2578125,"sublayerTransform":[1,0,0,0,0,1,0,0,0,0,1,0,0,0,0,1],"contentsRect":{"y":0,"x":0,"width":1,"height":1},"opacity":1,"edgeAntialiasingMask":251658240,"height":159,"hidden":false,"anchorPoint":{"pointX":0.5,"pointY":0.5}},"layers":[{"animations":[],"layers":[],"initialState":{"affineTransform":[1,0,0,1,0,0],"masksToBounds":false,"rotation":0,"scale":1,"position":{"pointX":151.12890625,"pointY":79.5},"width":548,"sublayerTransform":[1,0,0,0,0,1,0,0,0,0,1,0,0,0,0,1],"contentsRect":{"y":0,"x":0,"width":1,"height":1},"opacity":1,"edgeAntialiasingMask":0,"height":243,"hidden":false,"anchorPoint":{"pointX":0.4997732343464872,"pointY":0.3360338250305427}},"texture":"95F4732EC6B772288C364DB38039FE11"}]},{"animations":[],"initialState":{"affineTransform":[1,0,0,1,0,0],"masksToBounds":false,"rotation":0,"scale":1,"position":{"pointX":498.6974639892578,"pointY":317.2939147949219},"width":798.0115966796875,"sublayerTransform":[1,0,0,0,0,1,0,0,0,0,1,0,0,0,0,1],"contentsRect":{"y":0,"x":0,"width":1,"height":1},"opacity":1,"edgeAntialiasingMask":251658240,"height":68.095703125,"hidden":false,"anchorPoint":{"pointX":0.5,"pointY":0.5}},"layers":[{"animations":[],"layers":[],"initialState":{"affineTransform":[1,0,0,1,0,0],"masksToBounds":false,"rotation":0,"scale":1,"position":{"pointX":399.0058099435216,"pointY":34.04785060882568},"width":803,"sublayerTransform":[1,0,0,0,0,1,0,0,0,0,1,0,0,0,0,1],"contentsRect":{"y":0,"x":0,"width":1,"height":1},"opacity":1,"edgeAntialiasingMask":0,"height":73,"hidden":false,"anchorPoint":{"pointX":0.5002459222826098,"pointY":0.4971769019348981}},"texture":"7816372D1DC8E712481CC8F03933DFE4"}]},{"animations":[],"initialState":{"affineTransform":[1,0,0,1,0,0],"masksToBounds":false,"rotation":0,"scale":1,"position":{"pointX":805.875732421875,"pointY":386.7489624023438},"width":50,"sublayerTransform":[1,0,0,0,0,1,0,0,0,0,1,0,0,0,0,1],"contentsRect":{"y":0,"x":0,"width":1,"height":1},"opacity":1,"edgeAntialiasingMask":251658240,"height":50,"hidden":false,"anchorPoint":{"pointX":0.5,"pointY":0.5}},"layers":[{"animations":[],"layers":[],"initialState":{"affineTransform":[0,1,-1,0,0,0],"masksToBounds":false,"rotation":1.570796326794897,"scale":1,"position":{"pointX":25,"pointY":25},"width":53,"sublayerTransform":[1,0,0,0,0,1,0,0,0,0,1,0,0,0,0,1],"contentsRect":{"y":0,"x":0,"width":1,"height":1},"opacity":1,"edgeAntialiasingMask":0,"height":53,"hidden":false,"anchorPoint":{"pointX":0.5070892909787735,"pointY":0.5046974038178066}},"texture":"0E8D6D782348AF660DF7322B4A0322EA"}]},{"animations":[],"initialState":{"affineTransform":[1,0,0,1,0,0],"masksToBounds":false,"rotation":0,"scale":1,"position":{"pointX":805.875732421875,"pointY":501.6561584472656},"width":154.30078125,"sublayerTransform":[1,0,0,0,0,1,0,0,0,0,1,0,0,0,0,1],"contentsRect":{"y":0,"x":0,"width":1,"height":1},"opacity":1,"edgeAntialiasingMask":251658240,"height":159,"hidden":false,"anchorPoint":{"pointX":0.5,"pointY":0.5}},"layers":[{"animations":[],"layers":[],"initialState":{"affineTransform":[1,0,0,1,0,0],"masksToBounds":false,"rotation":0,"scale":1,"position":{"pointX":77.150390625,"pointY":79.5},"width":400,"sublayerTransform":[1,0,0,0,0,1,0,0,0,0,1,0,0,0,0,1],"contentsRect":{"y":0,"x":0,"width":1,"height":1},"opacity":1,"edgeAntialiasingMask":0,"height":243,"hidden":true,"anchorPoint":{"pointX":0.4996893310546875,"pointY":0.3360335738570602}},"texture":"A68C36FB3ABD9F2D51D3D115C4F2B96D"}]}]}}]}