{"assets":{"5C899991B33A0B7E41F2C5081F57DEAD":{"type":"texture","index":2364,"assetRequest":{"type":"slide","state":"text","slide":"F757B46D-3596-46BD-A9B2-5721361D6D6C"},"url":{"web":"assets/5C899991B33A0B7E41F2C5081F57DEAD.svg"},"width":480,"height":33},"7B872BB150A5DC76B291C91035A7204A":{"type":"texture","index":2362,"assetRequest":{"type":"slide","state":"text","slide":"F757B46D-3596-46BD-A9B2-5721361D6D6C"},"url":{"web":"assets/7B872BB150A5DC76B291C91035A7204A.svg"},"width":221,"height":30},"AC9698405C40122501700FB6D50F2EAB":{"type":"texture","index":2366,"assetRequest":{"type":"slide","state":"text","slide":"F757B46D-3596-46BD-A9B2-5721361D6D6C"},"url":{"web":"assets/AC9698405C40122501700FB6D50F2EAB.svg"},"width":380,"height":49},"A01299C19DC3E39C3413736D0A28904C":{"type":"texture","index":2356,"assetRequest":{"type":"slide","state":"contents","slide":"F757B46D-3596-46BD-A9B2-5721361D6D6C"},"url":{"web":"assets/A01299C19DC3E39C3413736D0A28904C.svg"},"width":143,"height":37},"4BE4D72BCBF54E172B3DC6A0A6FC7EE1":{"type":"texture","index":2370,"assetRequest":{"type":"slide","state":"text","slide":"F757B46D-3596-46BD-A9B2-5721361D6D6C"},"url":{"web":"assets/4BE4D72BCBF54E172B3DC6A0A6FC7EE1.svg"},"width":146,"height":49},"A195FFC70B722049AFF55E5FCD5FB274":{"type":"texture","index":2353,"assetRequest":{"type":"slide","state":"contents","slide":"F757B46D-3596-46BD-A9B2-5721361D6D6C"},"url":{"web":"assets/A195FFC70B722049AFF55E5FCD5FB274.svg"},"width":191,"height":42},"BF2783FF30AA4E05CFF6240B1FC0B568":{"type":"texture","index":2363,"assetRequest":{"type":"slide","state":"text","slide":"F757B46D-3596-46BD-A9B2-5721361D6D6C"},"url":{"web":"assets/BF2783FF30AA4E05CFF6240B1FC0B568.svg"},"width":809,"height":39},"1D4A75A1B0D0B5AB38194B3A449B7751":{"type":"texture","index":2358,"assetRequest":{"type":"slide","state":"contents","slide":"F757B46D-3596-46BD-A9B2-5721361D6D6C"},"url":{"web":"assets/1D4A75A1B0D0B5AB38194B3A449B7751.svg"},"width":489,"height":164},"593E206575F248496DFDFB43E256EC77":{"type":"texture","index":2355,"assetRequest":{"type":"slide","state":"contents","slide":"F757B46D-3596-46BD-A9B2-5721361D6D6C"},"url":{"web":"assets/593E206575F248496DFDFB43E256EC77.svg"},"width":239,"height":104},"D9C887FA03ED298275C89767A4DA3C0F":{"type":"texture","index":2360,"assetRequest":{"type":"slide","state":"contents","slide":"F757B46D-3596-46BD-A9B2-5721361D6D6C"},"url":{"web":"assets/D9C887FA03ED298275C89767A4DA3C0F.svg"},"width":695,"height":70},"D9F6C654BFB3213BD18D23759FAD13F1":{"type":"texture","index":2372,"assetRequest":{"type":"slide","state":"contents","slide":"F757B46D-3596-46BD-A9B2-5721361D6D6C"},"url":{"web":"assets/D9F6C654BFB3213BD18D23759FAD13F1.svg"},"width":545,"height":103},"81A9F8A4CB36A7F921C06DC4AE3CC7AB":{"type":"texture","index":2361,"assetRequest":{"type":"slide","state":"contents","slide":"F757B46D-3596-46BD-A9B2-5721361D6D6C"},"url":{"web":"assets/81A9F8A4CB36A7F921C06DC4AE3CC7AB.svg"},"width":380,"height":239},"2F5273E48820B549F9C0D4E271FD3C8D":{"type":"texture","index":2354,"assetRequest":{"type":"slide","state":"contents","slide":"F757B46D-3596-46BD-A9B2-5721361D6D6C"},"url":{"web":"assets/2F5273E48820B549F9C0D4E271FD3C8D.svg"},"width":857,"height":32},"E08EA735EEE75BF9922F4AA3E6669622":{"type":"texture","index":2369,"assetRequest":{"type":"slide","state":"text","slide":"F757B46D-3596-46BD-A9B2-5721361D6D6C"},"url":{"web":"assets/E08EA735EEE75BF9922F4AA3E6669622.svg"},"width":252,"height":49},"3F09B812C233D2AB6C72967B7240A0F3":{"type":"texture","index":2367,"assetRequest":{"type":"slide","state":"text","slide":"F757B46D-3596-46BD-A9B2-5721361D6D6C"},"url":{"web":"assets/3F09B812C233D2AB6C72967B7240A0F3.svg"},"width":262,"height":49},"FA6E6304DFED2471EF1179AD4C881DDF":{"type":"texture","index":2368,"assetRequest":{"type":"slide","state":"text","slide":"F757B46D-3596-46BD-A9B2-5721361D6D6C"},"url":{"web":"assets/FA6E6304DFED2471EF1179AD4C881DDF.svg"},"width":354,"height":49},"538DF768ECA9AF1AAC9D160A0FAEC096":{"type":"texture","index":2365,"assetRequest":{"type":"slide","state":"text","slide":"F757B46D-3596-46BD-A9B2-5721361D6D6C"},"url":{"web":"assets/538DF768ECA9AF1AAC9D160A0FAEC096.svg"},"width":658,"height":28},"0C987D056CC316AF49C20A39BAFFECD4":{"type":"texture","index":2371,"assetRequest":{"type":"slide","state":"text","slide":"F757B46D-3596-46BD-A9B2-5721361D6D6C"},"url":{"web":"assets/0C987D056CC316AF49C20A39BAFFECD4.svg"},"width":259,"height":49},"8B155B196FDC1A6BA20899D3B02E93EC":{"type":"texture","index":2359,"assetRequest":{"type":"slide","state":"contents","slide":"F757B46D-3596-46BD-A9B2-5721361D6D6C"},"url":{"web":"assets/8B155B196FDC1A6BA20899D3B02E93EC.svg"},"width":356,"height":49},"DB8451458D98EFA7506DBEBC2B1323F0":{"type":"texture","index":2352,"assetRequest":{"type":"slide","state":"contents","slide":"F757B46D-3596-46BD-A9B2-5721361D6D6C"},"url":{"web":"assets/DB8451458D98EFA7506DBEBC2B1323F0.svg"},"width":1024,"height":768},"D8A7D5F4AE6204B1B06D035FA0635BA6":{"type":"texture","index":2357,"assetRequest":{"type":"slide","state":"contents","slide":"F757B46D-3596-46BD-A9B2-5721361D6D6C"},"url":{"web":"assets/D8A7D5F4AE6204B1B06D035FA0635BA6.svg"},"width":810,"height":75}},"events":[{"effects":[{"beginTime":0,"baseLayer":{"animations":[],"initialState":{"affineTransform":[1,0,0,1,0,0],"masksToBounds":false,"rotation":0,"scale":1,"position":{"pointX":456.126921120449,"pointY":652.5322265625},"width":728.459179765312,"sublayerTransform":[1,0,0,0,0,1,0,0,0,0,1,0,0,0,0,1],"contentsRect":{"y":0,"x":0,"width":1,"height":1},"opacity":1,"edgeAntialiasingMask":251658240,"height":83.99999809265137,"hidden":false,"anchorPoint":{"pointX":0.5,"pointY":0.5}},"objectID":"CF26D8CA-554D-4346-B736-803758B2C85D","layers":[{"animations":[],"initialState":{"affineTransform":[1,0,0,1,0,0],"masksToBounds":false,"rotation":0,"scale":1,"position":{"pointX":420.102668762207,"pointY":-226.5322275161743},"width":728.459179765312,"sublayerTransform":[1,0,0,0,0,1,0,0,0,0,1,-0.0004922987690640373,0,0,0,1],"contentsRect":{"y":0,"x":0,"width":1,"height":1},"opacity":1,"edgeAntialiasingMask":251658240,"height":83.99999809265137,"hidden":false,"anchorPoint":{"pointX":0.5767003566315846,"pointY":-2.696812293570662}},"layers":[{"animations":[{"timeOffset":0,"beginTime":1e-100,"repeatCount":0,"animations":[{"timeOffset":0,"from":{"scalar":0},"beginTime":0,"repeatCount":0,"fillMode":"both","duration":0.8,"autoreverses":false,"timingFunction":"EaseInEaseOut","property":"opacity","to":{"scalar":1}},{"timeOffset":0,"from":{"scalar":false},"beginTime":0,"repeatCount":0,"fillMode":"forwards","property":"hidden","autoreverses":false,"duration":0.8,"to":{"scalar":false}}],"fillMode":"both","autoreverses":false,"duration":0.8}],"layers":[],"initialState":{"affineTransform":[1,0,0,1,0,0],"masksToBounds":false,"rotation":0,"scale":1,"position":{"pointX":349.602668762207,"pointY":43.46777248382568},"width":695,"sublayerTransform":[1,0,0,0,0,1,0,0,0,0,1,0,0,0,0,1],"contentsRect":{"y":0,"x":0,"width":1,"height":1},"opacity":1,"edgeAntialiasingMask":0,"height":70,"hidden":true,"anchorPoint":{"pointX":0.5,"pointY":0.5}},"texture":"D9C887FA03ED298275C89767A4DA3C0F"}]}]},"effects":[],"duration":0.8,"type":"buildIn","attributes":{"direction":0},"name":"com.apple.iWork.Keynote.FromDarkness","objectID":"CF26D8CA-554D-4346-B736-803758B2C85D"}],"automaticPlay":false,"hyperlinks":[],"accessibility":[{"text":"pasted-image.tif","targetRectangle":{"y":-319.1939392089844,"x":-285.0513916015625,"width":236,"height":101}},{"text":"Scripting","targetRectangle":{"y":168.1910858154297,"x":77.40677642822266,"width":142.426,"height":46}},{"text":"An INScore script is a textual version of OSC messages extended with:","targetRectangle":{"y":217.9511413574219,"x":76.28765869140625,"width":816.0900000000001,"height":90}},{"text":"<?javascript","targetRectangle":{"y":451.4935913085938,"x":467.2529296875,"width":172.828125,"height":29}},{"text":"   // javascript code","targetRectangle":{"y":480.4935913085938,"x":467.2529296875,"width":302.44921875,"height":29}},{"text":"   // producing INScore messages","targetRectangle":{"y":509.4935913085938,"x":467.2529296875,"width":460.875,"height":29}},{"text":"   // as output","targetRectangle":{"y":538.4935913085938,"x":467.2529296875,"width":216.03515625,"height":29}},{"text":"?>","targetRectangle":{"y":567.4935913085938,"x":467.2529296875,"width":28.8046875,"height":29}},{"text":"INScore","targetRectangle":{"y":38,"x":73.57918548583984,"width":193.662,"height":72}},{"text":"An environment for the design of interactive augmented music scores","targetRectangle":{"y":107.1785278320312,"x":74.31984863281264,"width":853.0499999999997,"height":38}},{"text":"variables","targetRectangle":{"y":359.397367477417,"x":93.00605058670044,"width":109.9,"height":38}},{"text":"extended OSC addresses","targetRectangle":{"y":397.397367477417,"x":93.00605058670044,"width":317.94,"height":38}},{"text":"relative addresses","targetRectangle":{"y":435.397367477417,"x":93.00605058670044,"width":222.936,"height":38}},{"text":"message based parameters","targetRectangle":{"y":473.397367477417,"x":93.00605058670044,"width":343.28,"height":38}},{"text":"javascript sections","targetRectangle":{"y":511.397367477417,"x":93.00605058670044,"width":226.0160000000001,"height":38}},{"text":"math expressions","targetRectangle":{"y":549.397367477417,"x":93.00605058670044,"width":216.244,"height":38}}],"baseLayer":{"animations":[],"initialState":{"affineTransform":[1,0,0,1,0,0],"masksToBounds":false,"rotation":0,"scale":1,"position":{"pointX":512,"pointY":384},"width":1024,"sublayerTransform":[1,0,0,0,0,1,0,0,0,0,1,0,0,0,0,1],"contentsRect":{"y":0,"x":0,"width":1,"height":1},"opacity":1,"edgeAntialiasingMask":251658240,"height":768,"hidden":false,"anchorPoint":{"pointX":0.5,"pointY":0.5}},"layers":[{"animations":[],"initialState":{"affineTransform":[1,0,0,1,0,0],"masksToBounds":false,"rotation":0,"scale":1,"position":{"pointX":512,"pointY":384},"width":1024,"sublayerTransform":[1,0,0,0,0,1,0,0,0,0,1,0,0,0,0,1],"contentsRect":{"y":0,"x":0,"width":1,"height":1},"opacity":1,"edgeAntialiasingMask":251658240,"height":768,"hidden":false,"anchorPoint":{"pointX":0.5,"pointY":0.5}},"layers":[{"animations":[],"initialState":{"affineTransform":[1,0,0,1,0,0],"masksToBounds":false,"rotation":0,"scale":1,"position":{"pointX":512,"pointY":384},"width":1024,"sublayerTransform":[1,0,0,0,0,1,0,0,0,0,1,0,0,0,0,1],"contentsRect":{"y":0,"x":0,"width":1,"height":1},"opacity":1,"edgeAntialiasingMask":251658240,"height":768,"hidden":false,"anchorPoint":{"pointX":0.5,"pointY":0.5}},"layers":[{"animations":[],"layers":[],"initialState":{"affineTransform":[1,0,0,1,0,0],"masksToBounds":false,"rotation":0,"scale":1,"position":{"pointX":512,"pointY":384},"width":1024,"sublayerTransform":[1,0,0,0,0,1,0,0,0,0,1,0,0,0,0,1],"contentsRect":{"y":0,"x":0,"width":1,"height":1},"opacity":1,"edgeAntialiasingMask":0,"height":768,"hidden":false,"anchorPoint":{"pointX":0.5,"pointY":0.5}},"texture":"DB8451458D98EFA7506DBEBC2B1323F0"}]}]},{"animations":[],"initialState":{"affineTransform":[1,0,0,1,0,0],"masksToBounds":false,"rotation":0,"scale":1,"position":{"pointX":512,"pointY":384},"width":1024,"sublayerTransform":[1,0,0,0,0,1,0,0,0,0,1,0,0,0,0,1],"contentsRect":{"y":0,"x":0,"width":1,"height":1},"opacity":1,"edgeAntialiasingMask":251658240,"height":768,"hidden":false,"anchorPoint":{"pointX":0.5,"pointY":0.5}},"layers":[{"animations":[],"initialState":{"affineTransform":[1,0,0,1,0,0],"masksToBounds":false,"rotation":0,"scale":1,"position":{"pointX":511.9999976158142,"pointY":69.49999928474426},"width":884.8416242599487,"sublayerTransform":[1,0,0,0,0,1,0,0,0,0,1,0,0,0,0,1],"contentsRect":{"y":0,"x":0,"width":1,"height":1},"opacity":1,"edgeAntialiasingMask":251658240,"height":88.99999856948853,"hidden":false,"anchorPoint":{"pointX":0.5,"pointY":0.5}},"objectID":"EC98E386-6AED-440A-8167-3AF7F23AA1A4","layers":[{"animations":[],"layers":[],"initialState":{"affineTransform":[1,0,0,1,0,0],"masksToBounds":false,"rotation":0,"scale":1,"position":{"pointX":101.9208145141602,"pointY":47},"width":191,"sublayerTransform":[1,0,0,0,0,1,0,0,0,0,1,0,0,0,0,1],"contentsRect":{"y":0,"x":0,"width":1,"height":1},"opacity":1,"edgeAntialiasingMask":0,"height":42,"hidden":false,"anchorPoint":{"pointX":0.5,"pointY":0.5}},"texture":"A195FFC70B722049AFF55E5FCD5FB274"}]}]},{"animations":[],"initialState":{"affineTransform":[1,0,0,1,0,0],"masksToBounds":false,"rotation":0,"scale":1,"position":{"pointX":512,"pointY":384},"width":1024,"sublayerTransform":[1,0,0,0,0,1,0,0,0,0,1,0,0,0,0,1],"contentsRect":{"y":0,"x":0,"width":1,"height":1},"opacity":1,"edgeAntialiasingMask":251658240,"height":768,"hidden":false,"anchorPoint":{"pointX":0.5,"pointY":0.5}},"layers":[{"animations":[],"initialState":{"affineTransform":[1,0,0,1,0,0],"masksToBounds":false,"rotation":0,"scale":1,"position":{"pointX":500.844831943512,"pointY":126.2444611787796},"width":862.9231233596802,"sublayerTransform":[1,0,0,0,0,1,0,0,0,0,1,0,0,0,0,1],"contentsRect":{"y":0,"x":0,"width":1,"height":1},"opacity":1,"edgeAntialiasingMask":251658240,"height":46.1318666934967,"hidden":false,"anchorPoint":{"pointX":0.5,"pointY":0.5}},"objectID":"608F3B8F-D252-4C71-BDD9-3002C675EAB5","layers":[{"animations":[],"layers":[],"initialState":{"affineTransform":[1,0,0,1,0,0],"masksToBounds":false,"rotation":0,"scale":1,"position":{"pointX":431.1167297363281,"pointY":24.82147216796875},"width":857,"sublayerTransform":[1,0,0,0,0,1,0,0,0,0,1,0,0,0,0,1],"contentsRect":{"y":0,"x":0,"width":1,"height":1},"opacity":1,"edgeAntialiasingMask":0,"height":32,"hidden":false,"anchorPoint":{"pointX":0.5,"pointY":0.5}},"texture":"2F5273E48820B549F9C0D4E271FD3C8D"}]}]},{"animations":[],"initialState":{"affineTransform":[1,0,0,1,0,0],"masksToBounds":false,"rotation":0,"scale":1,"position":{"pointX":512,"pointY":384},"width":1024,"sublayerTransform":[1,0,0,0,0,1,0,0,0,0,1,0,0,0,0,1],"contentsRect":{"y":0,"x":0,"width":1,"height":1},"opacity":1,"edgeAntialiasingMask":251658240,"height":768,"hidden":false,"anchorPoint":{"pointX":0.5,"pointY":0.5}},"layers":[{"animations":[],"initialState":{"affineTransform":[1,0,0,1,0,0],"masksToBounds":false,"rotation":0,"scale":1,"position":{"pointX":-167.0513916015625,"pointY":-268.6939392089844},"width":236,"sublayerTransform":[1,0,0,0,0,1,0,0,0,0,1,0,0,0,0,1],"contentsRect":{"y":0,"x":0,"width":1,"height":1},"opacity":1,"edgeAntialiasingMask":251658240,"height":101,"hidden":false,"anchorPoint":{"pointX":0.5,"pointY":0.5}},"objectID":"53327CDB-7EF1-4305-9C2B-D129D6B24182","layers":[{"animations":[],"layers":[],"initialState":{"affineTransform":[1,0,0,1,0,0],"masksToBounds":false,"rotation":0,"scale":1,"position":{"pointX":117.5513916015625,"pointY":50.19393920898438},"width":239,"sublayerTransform":[1,0,0,0,0,1,0,0,0,0,1,0,0,0,0,1],"contentsRect":{"y":0,"x":0,"width":1,"height":1},"opacity":1,"edgeAntialiasingMask":0,"height":104,"hidden":false,"anchorPoint":{"pointX":0.5,"pointY":0.5}},"texture":"593E206575F248496DFDFB43E256EC77"}]}]},{"animations":[],"initialState":{"affineTransform":[1,0,0,1,0,0],"masksToBounds":false,"rotation":0,"scale":1,"position":{"pointX":512,"pointY":384},"width":1024,"sublayerTransform":[1,0,0,0,0,1,0,0,0,0,1,0,0,0,0,1],"contentsRect":{"y":0,"x":0,"width":1,"height":1},"opacity":1,"edgeAntialiasingMask":251658240,"height":768,"hidden":false,"anchorPoint":{"pointX":0.5,"pointY":0.5}},"layers":[{"animations":[],"initialState":{"affineTransform":[1,0,0,1,0,0],"masksToBounds":false,"rotation":0,"scale":1,"position":{"pointX":216.6684951782227,"pointY":191.1910858154297},"width":286.5234375,"sublayerTransform":[1,0,0,0,0,1,0,0,0,0,1,0,0,0,0,1],"contentsRect":{"y":0,"x":0,"width":1,"height":1},"opacity":1,"edgeAntialiasingMask":251658240,"height":56,"hidden":false,"anchorPoint":{"pointX":0.5,"pointY":0.5}},"objectID":"C5C8310E-280F-423F-A9BB-75CE241BE835","layers":[{"animations":[],"layers":[],"initialState":{"affineTransform":[1,0,0,1,0,0],"masksToBounds":false,"rotation":0,"scale":1,"position":{"pointX":75.09322357177734,"pointY":30.30891418457031},"width":143,"sublayerTransform":[1,0,0,0,0,1,0,0,0,0,1,0,0,0,0,1],"contentsRect":{"y":0,"x":0,"width":1,"height":1},"opacity":1,"edgeAntialiasingMask":0,"height":37,"hidden":false,"anchorPoint":{"pointX":0.5,"pointY":0.5}},"texture":"A01299C19DC3E39C3413736D0A28904C"}]}]},{"animations":[],"initialState":{"affineTransform":[1,0,0,1,0,0],"masksToBounds":false,"rotation":0,"scale":1,"position":{"pointX":512,"pointY":384},"width":1024,"sublayerTransform":[1,0,0,0,0,1,0,0,0,0,1,0,0,0,0,1],"contentsRect":{"y":0,"x":0,"width":1,"height":1},"opacity":1,"edgeAntialiasingMask":251658240,"height":768,"hidden":false,"anchorPoint":{"pointX":0.5,"pointY":0.5}},"layers":[{"animations":[],"initialState":{"affineTransform":[1,0,0,1,0,0],"masksToBounds":false,"rotation":0,"scale":1,"position":{"pointX":523.5535260886591,"pointY":262.9511413574219},"width":902.5317347945056,"sublayerTransform":[1,0,0,0,0,1,0,0,0,0,1,0,0,0,0,1],"contentsRect":{"y":0,"x":0,"width":1,"height":1},"opacity":1,"edgeAntialiasingMask":251658240,"height":98,"hidden":false,"anchorPoint":{"pointX":0.5,"pointY":0.5}},"objectID":"0D6A308B-91D2-4D5A-A792-BA4547FF5ECA","layers":[{"animations":[],"layers":[],"initialState":{"affineTransform":[1,0,0,1,0,0],"masksToBounds":false,"rotation":0,"scale":1,"position":{"pointX":407.7123413085938,"pointY":46.54885864257812},"width":810,"sublayerTransform":[1,0,0,0,0,1,0,0,0,0,1,0,0,0,0,1],"contentsRect":{"y":0,"x":0,"width":1,"height":1},"opacity":1,"edgeAntialiasingMask":0,"height":75,"hidden":false,"anchorPoint":{"pointX":0.5,"pointY":0.5}},"texture":"D8A7D5F4AE6204B1B06D035FA0635BA6"}]}]},{"animations":[],"initialState":{"affineTransform":[1,0,0,1,0,0],"masksToBounds":false,"rotation":0,"scale":1,"position":{"pointX":512,"pointY":384},"width":1024,"sublayerTransform":[1,0,0,0,0,1,0,0,0,0,1,0,0,0,0,1],"contentsRect":{"y":0,"x":0,"width":1,"height":1},"opacity":1,"edgeAntialiasingMask":251658240,"height":768,"hidden":false,"anchorPoint":{"pointX":0.5,"pointY":0.5}},"layers":[{"animations":[],"initialState":{"affineTransform":[1,0,0,1,0,0],"masksToBounds":false,"rotation":0,"scale":1,"position":{"pointX":706.4648284912109,"pointY":523.9935913085938},"width":486.4238586425781,"sublayerTransform":[1,0,0,0,0,1,0,0,0,0,1,0,0,0,0,1],"contentsRect":{"y":0,"x":0,"width":1,"height":1},"opacity":1,"edgeAntialiasingMask":251658240,"height":161,"hidden":false,"anchorPoint":{"pointX":0.5,"pointY":0.5}},"objectID":"DE67A527-8C40-48C7-AB58-84F0282F9FAC","layers":[{"animations":[],"layers":[],"initialState":{"affineTransform":[1,0,0,1,0,0],"masksToBounds":false,"rotation":0,"scale":1,"position":{"pointX":243.2471008300781,"pointY":80.50640869140625},"width":489,"sublayerTransform":[1,0,0,0,0,1,0,0,0,0,1,0,0,0,0,1],"contentsRect":{"y":0,"x":0,"width":1,"height":1},"opacity":1,"edgeAntialiasingMask":0,"height":164,"hidden":false,"anchorPoint":{"pointX":0.5,"pointY":0.5}},"texture":"1D4A75A1B0D0B5AB38194B3A449B7751"}]}]},{"animations":[],"initialState":{"affineTransform":[1,0,0,1,0,0],"masksToBounds":false,"rotation":0,"scale":1,"position":{"pointX":512,"pointY":384},"width":1024,"sublayerTransform":[1,0,0,0,0,1,0,0,0,0,1,0,0,0,0,1],"contentsRect":{"y":0,"x":0,"width":1,"height":1},"opacity":1,"edgeAntialiasingMask":251658240,"height":768,"hidden":false,"anchorPoint":{"pointX":0.5,"pointY":0.5}},"layers":[{"animations":[],"initialState":{"affineTransform":[1,0,0,1,0,0],"masksToBounds":false,"rotation":0,"scale":1,"position":{"pointX":262.0380597114563,"pointY":532.6443637013435},"width":353.8835077285767,"sublayerTransform":[1,0,0,0,0,1,0,0,0,0,1,0,0,0,0,1],"contentsRect":{"y":0,"x":0,"width":1,"height":1},"opacity":1,"edgeAntialiasingMask":251658240,"height":46.13186705112457,"hidden":false,"anchorPoint":{"pointX":0.5,"pointY":0.5}},"objectID":"71C53E60-1BF8-4A52-9103-E9B9C4D8DB11","layers":[{"animations":[],"layers":[],"initialState":{"affineTransform":[1,0,0,1,0,0],"masksToBounds":false,"rotation":0,"scale":1,"position":{"pointX":176.903694152832,"pointY":22.92156982421875},"width":356,"sublayerTransform":[1,0,0,0,0,1,0,0,0,0,1,0,0,0,0,1],"contentsRect":{"y":0,"x":0,"width":1,"height":1},"opacity":1,"edgeAntialiasingMask":0,"height":49,"hidden":false,"anchorPoint":{"pointX":0.5,"pointY":0.5}},"texture":"8B155B196FDC1A6BA20899D3B02E93EC"}]}]},{"animations":[],"initialState":{"affineTransform":[1,0,0,1,0,0],"masksToBounds":false,"rotation":0,"scale":1,"position":{"pointX":512,"pointY":384},"width":1024,"sublayerTransform":[1,0,0,0,0,1,0,0,0,0,1,0,0,0,0,1],"contentsRect":{"y":0,"x":0,"width":1,"height":1},"opacity":1,"edgeAntialiasingMask":251658240,"height":768,"hidden":false,"anchorPoint":{"pointX":0.5,"pointY":0.5}},"layers":[{"animations":[],"initialState":{"affineTransform":[1,0,0,1,0,0],"masksToBounds":false,"rotation":0,"scale":1,"position":{"pointX":456.126921120449,"pointY":652.5322265625},"width":728.459179765312,"sublayerTransform":[1,0,0,0,0,1,0,0,0,0,1,0,0,0,0,1],"contentsRect":{"y":0,"x":0,"width":1,"height":1},"opacity":1,"edgeAntialiasingMask":251658240,"height":83.99999809265137,"hidden":false,"anchorPoint":{"pointX":0.5,"pointY":0.5}},"objectID":"CF26D8CA-554D-4346-B736-803758B2C85D","layers":[{"animations":[],"layers":[],"initialState":{"affineTransform":[1,0,0,1,0,0],"masksToBounds":false,"rotation":0,"scale":1,"position":{"pointX":349.602668762207,"pointY":43.46777248382568},"width":695,"sublayerTransform":[1,0,0,0,0,1,0,0,0,0,1,0,0,0,0,1],"contentsRect":{"y":0,"x":0,"width":1,"height":1},"opacity":1,"edgeAntialiasingMask":0,"height":70,"hidden":true,"anchorPoint":{"pointX":0.5,"pointY":0.5}},"texture":"D9C887FA03ED298275C89767A4DA3C0F"}]}]},{"animations":[],"initialState":{"affineTransform":[1,0,0,1,0,0],"masksToBounds":false,"rotation":0,"scale":1,"position":{"pointX":512,"pointY":384},"width":1024,"sublayerTransform":[1,0,0,0,0,1,0,0,0,0,1,0,0,0,0,1],"contentsRect":{"y":0,"x":0,"width":1,"height":1},"opacity":1,"edgeAntialiasingMask":251658240,"height":768,"hidden":false,"anchorPoint":{"pointX":0.5,"pointY":0.5}},"layers":[{"animations":[],"initialState":{"affineTransform":[1,0,0,1,0,0],"masksToBounds":false,"rotation":0,"scale":1,"position":{"pointX":252.0380585480016,"pointY":473.3973693847656},"width":394.0640168762766,"sublayerTransform":[1,0,0,0,0,1,0,0,0,0,1,0,0,0,0,1],"contentsRect":{"y":0,"x":0,"width":1,"height":1},"opacity":1,"edgeAntialiasingMask":251658240,"height":236.0000038146973,"hidden":false,"anchorPoint":{"pointX":0.5,"pointY":0.5}},"objectID":"15F5539A-8150-4DA6-A285-166CEA31B34C","layers":[{"animations":[],"layers":[],"initialState":{"affineTransform":[1,0,0,1,0,0],"masksToBounds":false,"rotation":0,"scale":1,"position":{"pointX":193.9939498901367,"pointY":118.102632522583},"width":380,"sublayerTransform":[1,0,0,0,0,1,0,0,0,0,1,0,0,0,0,1],"contentsRect":{"y":0,"x":0,"width":1,"height":1},"opacity":1,"edgeAntialiasingMask":0,"height":239,"hidden":false,"anchorPoint":{"pointX":0.5,"pointY":0.5}},"texture":"81A9F8A4CB36A7F921C06DC4AE3CC7AB"}]}]}]}},{"effects":[{"beginTime":0,"baseLayer":{"animations":[],"initialState":{"affineTransform":[1,0,0,1,0,0],"masksToBounds":false,"rotation":0,"scale":1,"position":{"pointX":512,"pointY":384},"width":1024,"sublayerTransform":[1,0,0,0,0,1,0,0,0,0,1,0,0,0,0,1],"contentsRect":{"y":0,"x":0,"width":1,"height":1},"opacity":1,"edgeAntialiasingMask":251658240,"height":768,"hidden":false,"anchorPoint":{"pointX":0.5,"pointY":0.5}},"objectID":"0","layers":[{"animations":[],"initialState":{"affineTransform":[1,0,0,1,0,0],"masksToBounds":false,"rotation":0,"scale":1,"position":{"pointX":512,"pointY":384},"width":1024,"sublayerTransform":[1,0,0,0,0,1,0,0,0,0,1,-0.0004922987690640373,0,0,0,1],"contentsRect":{"y":0,"x":0,"width":1,"height":1},"opacity":1,"edgeAntialiasingMask":251658240,"height":768,"hidden":false,"anchorPoint":{"pointX":0.5,"pointY":0.5}},"layers":[{"animations":[{"timeOffset":0,"beginTime":0,"repeatCount":0,"animations":[{"timeOffset":0,"from":{"scalar":0},"beginTime":0,"repeatCount":0,"fillMode":"both","duration":0.949999988079071,"autoreverses":false,"timingFunction":"EaseInEaseOut","property":"zPosition","to":{"scalar":0}}],"fillMode":"both","autoreverses":false,"duration":0.949999988079071}],"initialState":{"affineTransform":[1,0,0,1,0,0],"masksToBounds":false,"rotation":0,"scale":1,"position":{"pointX":512,"pointY":384},"width":1024,"sublayerTransform":[1,0,0,0,0,1,0,0,0,0,1,0,0,0,0,1],"contentsRect":{"y":0,"x":0,"width":1,"height":1},"opacity":1,"edgeAntialiasingMask":251658240,"height":768,"hidden":false,"anchorPoint":{"pointX":0.5,"pointY":0.5}},"layers":[{"animations":[],"layers":[],"initialState":{"affineTransform":[1,0,0,1,0,0],"masksToBounds":false,"rotation":0,"scale":1,"position":{"pointX":512,"pointY":384},"width":1024,"sublayerTransform":[1,0,0,0,0,1,0,0,0,0,1,0,0,0,0,1],"contentsRect":{"y":0,"x":0,"width":1,"height":1},"opacity":1,"edgeAntialiasingMask":0,"height":768,"hidden":false,"anchorPoint":{"pointX":0.5,"pointY":0.5}},"texture":"DB8451458D98EFA7506DBEBC2B1323F0"}]}]},{"animations":[{"timeOffset":0,"beginTime":0,"repeatCount":0,"animations":[{"timeOffset":0,"from":{"scalar":0.001},"beginTime":0,"repeatCount":0,"fillMode":"both","duration":0.949999988079071,"autoreverses":false,"timingFunction":"EaseInEaseOut","property":"zPosition","to":{"scalar":0.007}}],"fillMode":"both","autoreverses":false,"duration":0.949999988079071}],"initialState":{"affineTransform":[1,0,0,1,0,0],"masksToBounds":false,"rotation":0,"scale":1,"position":{"pointX":511.9999976158142,"pointY":69.49999928474426},"width":884.8416242599487,"sublayerTransform":[1,0,0,0,0,1,0,0,0,0,1,0,0,0,0,1],"contentsRect":{"y":0,"x":0,"width":1,"height":1},"opacity":1,"edgeAntialiasingMask":251658240,"height":88.99999856948853,"hidden":false,"anchorPoint":{"pointX":0.5,"pointY":0.5}},"layers":[{"animations":[{"timeOffset":0,"beginTime":0,"repeatCount":0,"animations":[{"timeOffset":0,"from":{"texture":"A195FFC70B722049AFF55E5FCD5FB274"},"beginTime":0,"repeatCount":0,"fillMode":"both","duration":0.949999988079071,"autoreverses":false,"timingFunction":"EaseInEaseOut","property":"contents","to":{"texture":"A195FFC70B722049AFF55E5FCD5FB274"}}],"fillMode":"both","autoreverses":false,"duration":0.949999988079071}],"layers":[],"initialState":{"affineTransform":[1,0,0,1,0,0],"masksToBounds":false,"rotation":0,"scale":1,"position":{"pointX":442.4208068847656,"pointY":44.5},"width":191,"sublayerTransform":[1,0,0,0,0,1,0,0,0,0,1,0,0,0,0,1],"contentsRect":{"y":0,"x":0,"width":1,"height":1},"opacity":1,"edgeAntialiasingMask":0,"height":42,"hidden":false,"anchorPoint":{"pointX":2.282722473144531,"pointY":0.4404761904761905}},"texture":"A195FFC70B722049AFF55E5FCD5FB274"}]},{"animations":[{"timeOffset":0,"beginTime":0,"repeatCount":0,"animations":[{"timeOffset":0,"from":{"scalar":0.002},"beginTime":0,"repeatCount":0,"fillMode":"both","duration":0.949999988079071,"autoreverses":false,"timingFunction":"EaseInEaseOut","property":"zPosition","to":{"scalar":0.008}}],"fillMode":"both","autoreverses":false,"duration":0.949999988079071}],"initialState":{"affineTransform":[1,0,0,1,0,0],"masksToBounds":false,"rotation":0,"scale":1,"position":{"pointX":500.844831943512,"pointY":126.2444611787796},"width":862.9231233596802,"sublayerTransform":[1,0,0,0,0,1,0,0,0,0,1,0,0,0,0,1],"contentsRect":{"y":0,"x":0,"width":1,"height":1},"opacity":1,"edgeAntialiasingMask":251658240,"height":46.1318666934967,"hidden":false,"anchorPoint":{"pointX":0.5,"pointY":0.5}},"layers":[{"animations":[{"timeOffset":0,"beginTime":0,"repeatCount":0,"animations":[{"timeOffset":0,"from":{"texture":"2F5273E48820B549F9C0D4E271FD3C8D"},"beginTime":0,"repeatCount":0,"fillMode":"both","duration":0.949999988079071,"autoreverses":false,"timingFunction":"EaseInEaseOut","property":"contents","to":{"texture":"2F5273E48820B549F9C0D4E271FD3C8D"}}],"fillMode":"both","autoreverses":false,"duration":0.949999988079071}],"layers":[],"initialState":{"affineTransform":[1,0,0,1,0,0],"masksToBounds":false,"rotation":0,"scale":1,"position":{"pointX":431.4615783691407,"pointY":23.06593322753906},"width":857,"sublayerTransform":[1,0,0,0,0,1,0,0,0,0,1,0,0,0,0,1],"contentsRect":{"y":0,"x":0,"width":1,"height":1},"opacity":1,"edgeAntialiasingMask":0,"height":32,"hidden":false,"anchorPoint":{"pointX":0.5004023904700263,"pointY":0.4451394081115723}},"texture":"2F5273E48820B549F9C0D4E271FD3C8D"}]},{"animations":[{"timeOffset":0,"beginTime":0,"repeatCount":0,"animations":[{"timeOffset":0,"from":{"scalar":0.003},"beginTime":0,"repeatCount":0,"fillMode":"both","duration":0.949999988079071,"autoreverses":false,"timingFunction":"EaseInEaseOut","property":"zPosition","to":{"scalar":0.009000000000000001}}],"fillMode":"both","autoreverses":false,"duration":0.949999988079071}],"initialState":{"affineTransform":[1,0,0,1,0,0],"masksToBounds":false,"rotation":0,"scale":1,"position":{"pointX":-167.0513916015625,"pointY":-268.6939392089844},"width":236,"sublayerTransform":[1,0,0,0,0,1,0,0,0,0,1,0,0,0,0,1],"contentsRect":{"y":0,"x":0,"width":1,"height":1},"opacity":1,"edgeAntialiasingMask":251658240,"height":101,"hidden":false,"anchorPoint":{"pointX":0.5,"pointY":0.5}},"layers":[{"animations":[],"layers":[],"initialState":{"affineTransform":[1,0,0,1,0,0],"masksToBounds":false,"rotation":0,"scale":1,"position":{"pointX":118,"pointY":50.5},"width":239,"sublayerTransform":[1,0,0,0,0,1,0,0,0,0,1,0,0,0,0,1],"contentsRect":{"y":0,"x":0,"width":1,"height":1},"opacity":1,"edgeAntialiasingMask":0,"height":104,"hidden":false,"anchorPoint":{"pointX":0.5018770225876046,"pointY":0.5029428922213041}},"texture":"593E206575F248496DFDFB43E256EC77"}]},{"animations":[{"timeOffset":0,"beginTime":0,"repeatCount":0,"animations":[{"timeOffset":0,"from":{"scalar":0.004},"beginTime":0,"repeatCount":0,"fillMode":"both","duration":0.949999988079071,"autoreverses":false,"timingFunction":"EaseInEaseOut","property":"zPosition","to":{"scalar":0.01}}],"fillMode":"both","autoreverses":false,"duration":0.949999988079071}],"initialState":{"affineTransform":[1,0,0,1,0,0],"masksToBounds":false,"rotation":0,"scale":1,"position":{"pointX":216.6684951782227,"pointY":191.1910858154297},"width":286.5234375,"sublayerTransform":[1,0,0,0,0,1,0,0,0,0,1,0,0,0,0,1],"contentsRect":{"y":0,"x":0,"width":1,"height":1},"opacity":1,"edgeAntialiasingMask":251658240,"height":56,"hidden":false,"anchorPoint":{"pointX":0.5,"pointY":0.5}},"layers":[{"animations":[{"timeOffset":0,"beginTime":0,"repeatCount":0,"animations":[{"timeOffset":0,"from":{"texture":"A01299C19DC3E39C3413736D0A28904C"},"beginTime":0,"repeatCount":0,"fillMode":"both","duration":0.949999988079071,"autoreverses":false,"timingFunction":"EaseInEaseOut","property":"contents","to":{"texture":"A01299C19DC3E39C3413736D0A28904C"}}],"fillMode":"both","autoreverses":false,"duration":0.949999988079071}],"layers":[],"initialState":{"affineTransform":[1,0,0,1,0,0],"masksToBounds":false,"rotation":0,"scale":1,"position":{"pointX":143.26171875,"pointY":28},"width":143,"sublayerTransform":[1,0,0,0,0,1,0,0,0,0,1,0,0,0,0,1],"contentsRect":{"y":0,"x":0,"width":1,"height":1},"opacity":1,"edgeAntialiasingMask":0,"height":37,"hidden":false,"anchorPoint":{"pointX":0.9767027634840745,"pointY":0.4375969139305321}},"texture":"A01299C19DC3E39C3413736D0A28904C"}]},{"animations":[{"timeOffset":0,"beginTime":0,"repeatCount":0,"animations":[{"timeOffset":0,"from":{"scalar":0.005},"beginTime":0,"repeatCount":0,"fillMode":"both","duration":0.949999988079071,"autoreverses":false,"timingFunction":"EaseInEaseOut","property":"zPosition","to":{"scalar":0.011}}],"fillMode":"both","autoreverses":false,"duration":0.949999988079071}],"initialState":{"affineTransform":[1,0,0,1,0,0],"masksToBounds":false,"rotation":0,"scale":1,"position":{"pointX":523.5535260886591,"pointY":262.9511413574219},"width":902.5317347945056,"sublayerTransform":[1,0,0,0,0,1,0,0,0,0,1,0,0,0,0,1],"contentsRect":{"y":0,"x":0,"width":1,"height":1},"opacity":1,"edgeAntialiasingMask":251658240,"height":98,"hidden":false,"anchorPoint":{"pointX":0.5,"pointY":0.5}},"layers":[{"animations":[{"timeOffset":0,"beginTime":0,"repeatCount":0,"animations":[{"timeOffset":0,"from":{"texture":"7B872BB150A5DC76B291C91035A7204A"},"beginTime":0,"repeatCount":0,"fillMode":"both","duration":0.949999988079071,"autoreverses":false,"timingFunction":"EaseInEaseOut","property":"contents","to":{"texture":"7B872BB150A5DC76B291C91035A7204A"}}],"fillMode":"both","autoreverses":false,"duration":0.949999988079071}],"layers":[],"initialState":{"affineTransform":[1,0,0,1,0,0],"masksToBounds":false,"rotation":0,"scale":1,"position":{"pointX":451.265869140625,"pointY":49},"width":221,"sublayerTransform":[1,0,0,0,0,1,0,0,0,0,1,0,0,0,0,1],"contentsRect":{"y":0,"x":0,"width":1,"height":1},"opacity":1,"edgeAntialiasingMask":0,"height":30,"hidden":false,"anchorPoint":{"pointX":2.025129085212811,"pointY":-0.1682952880859375}},"texture":"7B872BB150A5DC76B291C91035A7204A"}]},{"animations":[{"timeOffset":0,"beginTime":0,"repeatCount":0,"animations":[{"timeOffset":0,"from":{"scalar":0.006},"beginTime":0,"repeatCount":0,"fillMode":"both","duration":0.949999988079071,"autoreverses":false,"timingFunction":"EaseInEaseOut","property":"zPosition","to":{"scalar":0.012}}],"fillMode":"both","autoreverses":false,"duration":0.949999988079071}],"initialState":{"affineTransform":[1,0,0,1,0,0],"masksToBounds":false,"rotation":0,"scale":1,"position":{"pointX":523.5535260886591,"pointY":262.9511413574219},"width":902.5317347945056,"sublayerTransform":[1,0,0,0,0,1,0,0,0,0,1,0,0,0,0,1],"contentsRect":{"y":0,"x":0,"width":1,"height":1},"opacity":1,"edgeAntialiasingMask":251658240,"height":98,"hidden":false,"anchorPoint":{"pointX":0.5,"pointY":0.5}},"layers":[{"animations":[{"timeOffset":0,"beginTime":0,"repeatCount":0,"animations":[{"timeOffset":0,"from":{"texture":"BF2783FF30AA4E05CFF6240B1FC0B568"},"beginTime":0,"repeatCount":0,"fillMode":"both","duration":0.949999988079071,"autoreverses":false,"timingFunction":"EaseInEaseOut","property":"contents","to":{"texture":"BF2783FF30AA4E05CFF6240B1FC0B568"}}],"fillMode":"both","autoreverses":false,"duration":0.949999988079071}],"layers":[],"initialState":{"affineTransform":[1,0,0,1,0,0],"masksToBounds":false,"rotation":0,"scale":1,"position":{"pointX":451.265869140625,"pointY":49},"width":809,"sublayerTransform":[1,0,0,0,0,1,0,0,0,0,1,0,0,0,0,1],"contentsRect":{"y":0,"x":0,"width":1,"height":1},"opacity":1,"edgeAntialiasingMask":0,"height":39,"hidden":false,"anchorPoint":{"pointX":0.5544542989271091,"pointY":1.024388239933894}},"texture":"BF2783FF30AA4E05CFF6240B1FC0B568"}]},{"animations":[{"timeOffset":0,"beginTime":0,"repeatCount":0,"animations":[{"timeOffset":0,"from":{"scalar":0.007},"beginTime":0,"repeatCount":0,"fillMode":"both","duration":0.949999988079071,"autoreverses":false,"timingFunction":"EaseInEaseOut","property":"zPosition","to":{"scalar":0.013}}],"fillMode":"both","autoreverses":false,"duration":0.949999988079071}],"initialState":{"affineTransform":[1,0,0,1,0,0],"masksToBounds":false,"rotation":0,"scale":1,"position":{"pointX":706.4648284912109,"pointY":523.9935913085938},"width":486.4238586425781,"sublayerTransform":[1,0,0,0,0,1,0,0,0,0,1,0,0,0,0,1],"contentsRect":{"y":0,"x":0,"width":1,"height":1},"opacity":1,"edgeAntialiasingMask":251658240,"height":161,"hidden":false,"anchorPoint":{"pointX":0.5,"pointY":0.5}},"layers":[{"animations":[{"timeOffset":0,"beginTime":0,"repeatCount":0,"animations":[{"timeOffset":0,"from":{"scalar":1},"beginTime":0,"repeatCount":0,"fillMode":"both","duration":0.949999988079071,"autoreverses":false,"timingFunction":"EaseInEaseOut","property":"transform.scale.x","to":{"scalar":1.114519427402863}},{"timeOffset":0,"from":{"scalar":1},"beginTime":0,"repeatCount":0,"fillMode":"both","duration":0.949999988079071,"autoreverses":false,"timingFunction":"EaseInEaseOut","property":"transform.scale.y","to":{"scalar":0.6280487804878049}},{"timeOffset":0,"from":{"texture":"1D4A75A1B0D0B5AB38194B3A449B7751"},"beginTime":0,"repeatCount":0,"fillMode":"both","duration":0.6333649920523167,"autoreverses":false,"timingFunction":"EaseInEaseOut","property":"contents","to":{"texture":"D9F6C654BFB3213BD18D23759FAD13F1"}},{"timeOffset":0,"from":{"pointX":0,"pointY":0},"beginTime":0,"repeatCount":0,"fillMode":"both","duration":0.949999988079071,"autoreverses":false,"timingFunction":"EaseInEaseOut","property":"transform.translation","to":{"pointX":13.99597217895257,"pointY":61.50238372058402}}],"fillMode":"both","autoreverses":false,"duration":0.949999988079071}],"layers":[],"initialState":{"affineTransform":[1,0,0,1,0,0],"masksToBounds":false,"rotation":0,"scale":1,"position":{"pointX":243.2119293212891,"pointY":80.5},"width":489,"sublayerTransform":[1,0,0,0,0,1,0,0,0,0,1,0,0,0,0,1],"contentsRect":{"y":0,"x":0,"width":1,"height":1},"opacity":1,"edgeAntialiasingMask":0,"height":164,"hidden":false,"anchorPoint":{"pointX":0.4999280746241532,"pointY":0.4999609226133765}},"texture":"1D4A75A1B0D0B5AB38194B3A449B7751"}]},{"animations":[{"timeOffset":0,"beginTime":0,"repeatCount":0,"animations":[{"timeOffset":0,"from":{"scalar":0.008},"beginTime":0,"repeatCount":0,"fillMode":"both","duration":0.949999988079071,"autoreverses":false,"timingFunction":"EaseInEaseOut","property":"zPosition","to":{"scalar":0.014}}],"fillMode":"both","autoreverses":false,"duration":0.949999988079071}],"initialState":{"affineTransform":[1,0,0,1,0,0],"masksToBounds":false,"rotation":0,"scale":1,"position":{"pointX":262.0380597114563,"pointY":532.6443637013435},"width":353.8835077285767,"sublayerTransform":[1,0,0,0,0,1,0,0,0,0,1,0,0,0,0,1],"contentsRect":{"y":0,"x":0,"width":1,"height":1},"opacity":1,"edgeAntialiasingMask":251658240,"height":46.13186705112457,"hidden":false,"anchorPoint":{"pointX":0.5,"pointY":0.5}},"layers":[{"animations":[{"timeOffset":0,"beginTime":0,"repeatCount":0,"animations":[{"timeOffset":0,"from":{"texture":"8B155B196FDC1A6BA20899D3B02E93EC"},"beginTime":0,"repeatCount":0,"fillMode":"both","duration":0.949999988079071,"autoreverses":false,"timingFunction":"EaseInEaseOut","property":"contents","to":{"texture":"8B155B196FDC1A6BA20899D3B02E93EC"}},{"timeOffset":0,"from":{"pointX":0,"pointY":0},"beginTime":0,"repeatCount":0,"fillMode":"both","duration":0.949999988079071,"autoreverses":false,"timingFunction":"EaseInEaseOut","property":"transform.translation","to":{"pointX":0,"pointY":40}}],"fillMode":"both","autoreverses":false,"duration":0.949999988079071}],"layers":[],"initialState":{"affineTransform":[1,0,0,1,0,0],"masksToBounds":false,"rotation":0,"scale":1,"position":{"pointX":176.9417572021484,"pointY":23.06593322753906},"width":356,"sublayerTransform":[1,0,0,0,0,1,0,0,0,0,1,0,0,0,0,1],"contentsRect":{"y":0,"x":0,"width":1,"height":1},"opacity":1,"edgeAntialiasingMask":0,"height":49,"hidden":false,"anchorPoint":{"pointX":0.5001069186778551,"pointY":0.5029461919044962}},"texture":"8B155B196FDC1A6BA20899D3B02E93EC"}]},{"animations":[{"timeOffset":0,"beginTime":0,"repeatCount":0,"animations":[{"timeOffset":0,"from":{"scalar":0.009000000000000001},"beginTime":0,"repeatCount":0,"fillMode":"both","duration":0.949999988079071,"autoreverses":false,"timingFunction":"EaseInEaseOut","property":"zPosition","to":{"scalar":0.015}}],"fillMode":"both","autoreverses":false,"duration":0.949999988079071}],"initialState":{"affineTransform":[1,0,0,1,0,0],"masksToBounds":false,"rotation":0,"scale":1,"position":{"pointX":456.126921120449,"pointY":652.5322265625},"width":728.459179765312,"sublayerTransform":[1,0,0,0,0,1,0,0,0,0,1,0,0,0,0,1],"contentsRect":{"y":0,"x":0,"width":1,"height":1},"opacity":1,"edgeAntialiasingMask":251658240,"height":83.99999809265137,"hidden":false,"anchorPoint":{"pointX":0.5,"pointY":0.5}},"layers":[{"animations":[{"timeOffset":0,"beginTime":0,"repeatCount":0,"animations":[{"timeOffset":0,"from":{"scalar":1},"beginTime":0,"repeatCount":0,"fillMode":"forwards","duration":0.3166349960267544,"autoreverses":false,"timingFunction":"EaseInEaseOut","property":"opacity","to":{"scalar":0}},{"timeOffset":0,"from":{"scalar":true},"beginTime":0.3166349960267544,"repeatCount":0,"fillMode":"forwards","property":"hidden","autoreverses":false,"duration":0.6333649920523167,"to":{"scalar":true}}],"fillMode":"both","autoreverses":false,"duration":0.949999988079071}],"layers":[],"initialState":{"affineTransform":[1,0,0,1,0,0],"masksToBounds":false,"rotation":0,"scale":1,"position":{"pointX":364.2295837402344,"pointY":42},"width":480,"sublayerTransform":[1,0,0,0,0,1,0,0,0,0,1,0,0,0,0,1],"contentsRect":{"y":0,"x":0,"width":1,"height":1},"opacity":1,"edgeAntialiasingMask":0,"height":33,"hidden":false,"anchorPoint":{"pointX":0.7544310728708903,"pointY":1.016128106550737}},"texture":"5C899991B33A0B7E41F2C5081F57DEAD"}]},{"animations":[{"timeOffset":0,"beginTime":0,"repeatCount":0,"animations":[{"timeOffset":0,"from":{"scalar":0.01},"beginTime":0,"repeatCount":0,"fillMode":"both","duration":0.949999988079071,"autoreverses":false,"timingFunction":"EaseInEaseOut","property":"zPosition","to":{"scalar":0.016}}],"fillMode":"both","autoreverses":false,"duration":0.949999988079071}],"initialState":{"affineTransform":[1,0,0,1,0,0],"masksToBounds":false,"rotation":0,"scale":1,"position":{"pointX":456.126921120449,"pointY":652.5322265625},"width":728.459179765312,"sublayerTransform":[1,0,0,0,0,1,0,0,0,0,1,0,0,0,0,1],"contentsRect":{"y":0,"x":0,"width":1,"height":1},"opacity":1,"edgeAntialiasingMask":251658240,"height":83.99999809265137,"hidden":false,"anchorPoint":{"pointX":0.5,"pointY":0.5}},"layers":[{"animations":[{"timeOffset":0,"beginTime":0,"repeatCount":0,"animations":[{"timeOffset":0,"from":{"scalar":1},"beginTime":0,"repeatCount":0,"fillMode":"forwards","duration":0.3166349960267544,"autoreverses":false,"timingFunction":"EaseInEaseOut","property":"opacity","to":{"scalar":0}},{"timeOffset":0,"from":{"scalar":true},"beginTime":0.3166349960267544,"repeatCount":0,"fillMode":"forwards","property":"hidden","autoreverses":false,"duration":0.6333649920523167,"to":{"scalar":true}}],"fillMode":"both","autoreverses":false,"duration":0.949999988079071}],"layers":[],"initialState":{"affineTransform":[1,0,0,1,0,0],"masksToBounds":false,"rotation":0,"scale":1,"position":{"pointX":364.2295837402344,"pointY":42},"width":658,"sublayerTransform":[1,0,0,0,0,1,0,0,0,0,1,0,0,0,0,1],"contentsRect":{"y":0,"x":0,"width":1,"height":1},"opacity":1,"edgeAntialiasingMask":0,"height":28,"hidden":false,"anchorPoint":{"pointX":0.4941138525501935,"pointY":-0.3024204458509173}},"texture":"538DF768ECA9AF1AAC9D160A0FAEC096"}]},{"animations":[{"timeOffset":0,"beginTime":0,"repeatCount":0,"animations":[{"timeOffset":0,"from":{"scalar":0.011},"beginTime":0,"repeatCount":0,"fillMode":"both","duration":0.949999988079071,"autoreverses":false,"timingFunction":"EaseInEaseOut","property":"zPosition","to":{"scalar":0.001}}],"fillMode":"both","autoreverses":false,"duration":0.949999988079071}],"initialState":{"affineTransform":[1,0,0,1,0,0],"masksToBounds":false,"rotation":0,"scale":1,"position":{"pointX":252.0380585480016,"pointY":473.3973693847656},"width":394.0640168762766,"sublayerTransform":[1,0,0,0,0,1,0,0,0,0,1,0,0,0,0,1],"contentsRect":{"y":0,"x":0,"width":1,"height":1},"opacity":1,"edgeAntialiasingMask":251658240,"height":236.0000038146973,"hidden":false,"anchorPoint":{"pointX":0.5,"pointY":0.5}},"layers":[{"animations":[{"timeOffset":0,"beginTime":0,"repeatCount":0,"animations":[{"timeOffset":0,"from":{"texture":"AC9698405C40122501700FB6D50F2EAB"},"beginTime":0,"repeatCount":0,"fillMode":"both","duration":0.949999988079071,"autoreverses":false,"timingFunction":"EaseInEaseOut","property":"contents","to":{"texture":"AC9698405C40122501700FB6D50F2EAB"}}],"fillMode":"both","autoreverses":false,"duration":0.949999988079071}],"layers":[],"initialState":{"affineTransform":[1,0,0,1,0,0],"masksToBounds":false,"rotation":0,"scale":1,"position":{"pointX":197.0320002384186,"pointY":118},"width":380,"sublayerTransform":[1,0,0,0,0,1,0,0,0,0,1,0,0,0,0,1],"contentsRect":{"y":0,"x":0,"width":1,"height":1},"opacity":1,"edgeAntialiasingMask":0,"height":49,"hidden":false,"anchorPoint":{"pointX":0.5106264482849522,"pointY":0.1101503566819794}},"texture":"AC9698405C40122501700FB6D50F2EAB"}]},{"animations":[{"timeOffset":0,"beginTime":0,"repeatCount":0,"animations":[{"timeOffset":0,"from":{"scalar":0.012},"beginTime":0,"repeatCount":0,"fillMode":"both","duration":0.949999988079071,"autoreverses":false,"timingFunction":"EaseInEaseOut","property":"zPosition","to":{"scalar":0.002}}],"fillMode":"both","autoreverses":false,"duration":0.949999988079071}],"initialState":{"affineTransform":[1,0,0,1,0,0],"masksToBounds":false,"rotation":0,"scale":1,"position":{"pointX":252.0380585480016,"pointY":473.3973693847656},"width":394.0640168762766,"sublayerTransform":[1,0,0,0,0,1,0,0,0,0,1,0,0,0,0,1],"contentsRect":{"y":0,"x":0,"width":1,"height":1},"opacity":1,"edgeAntialiasingMask":251658240,"height":236.0000038146973,"hidden":false,"anchorPoint":{"pointX":0.5,"pointY":0.5}},"layers":[{"animations":[{"timeOffset":0,"beginTime":0,"repeatCount":0,"animations":[{"timeOffset":0,"from":{"texture":"3F09B812C233D2AB6C72967B7240A0F3"},"beginTime":0,"repeatCount":0,"fillMode":"both","duration":0.949999988079071,"autoreverses":false,"timingFunction":"EaseInEaseOut","property":"contents","to":{"texture":"3F09B812C233D2AB6C72967B7240A0F3"}}],"fillMode":"both","autoreverses":false,"duration":0.949999988079071}],"layers":[],"initialState":{"affineTransform":[1,0,0,1,0,0],"masksToBounds":false,"rotation":0,"scale":1,"position":{"pointX":197.0320002384186,"pointY":118},"width":262,"sublayerTransform":[1,0,0,0,0,1,0,0,0,0,1,0,0,0,0,1],"contentsRect":{"y":0,"x":0,"width":1,"height":1},"opacity":1,"edgeAntialiasingMask":0,"height":49,"hidden":false,"anchorPoint":{"pointX":0.7367864517109994,"pointY":-0.6653598473996533}},"texture":"3F09B812C233D2AB6C72967B7240A0F3"}]},{"animations":[{"timeOffset":0,"beginTime":0,"repeatCount":0,"animations":[{"timeOffset":0,"from":{"scalar":0.013},"beginTime":0,"repeatCount":0,"fillMode":"both","duration":0.949999988079071,"autoreverses":false,"timingFunction":"EaseInEaseOut","property":"zPosition","to":{"scalar":0.003}}],"fillMode":"both","autoreverses":false,"duration":0.949999988079071}],"initialState":{"affineTransform":[1,0,0,1,0,0],"masksToBounds":false,"rotation":0,"scale":1,"position":{"pointX":252.0380585480016,"pointY":473.3973693847656},"width":394.0640168762766,"sublayerTransform":[1,0,0,0,0,1,0,0,0,0,1,0,0,0,0,1],"contentsRect":{"y":0,"x":0,"width":1,"height":1},"opacity":1,"edgeAntialiasingMask":251658240,"height":236.0000038146973,"hidden":false,"anchorPoint":{"pointX":0.5,"pointY":0.5}},"layers":[{"animations":[{"timeOffset":0,"beginTime":0,"repeatCount":0,"animations":[{"timeOffset":0,"from":{"texture":"FA6E6304DFED2471EF1179AD4C881DDF"},"beginTime":0,"repeatCount":0,"fillMode":"both","duration":0.949999988079071,"autoreverses":false,"timingFunction":"EaseInEaseOut","property":"contents","to":{"texture":"FA6E6304DFED2471EF1179AD4C881DDF"}}],"fillMode":"both","autoreverses":false,"duration":0.949999988079071}],"layers":[],"initialState":{"affineTransform":[1,0,0,1,0,0],"masksToBounds":false,"rotation":0,"scale":1,"position":{"pointX":197.0320002384186,"pointY":118},"width":354,"sublayerTransform":[1,0,0,0,0,1,0,0,0,0,1,0,0,0,0,1],"contentsRect":{"y":0,"x":0,"width":1,"height":1},"opacity":1,"edgeAntialiasingMask":0,"height":49,"hidden":false,"anchorPoint":{"pointX":0.5453052269725476,"pointY":1.661170764845245}},"texture":"FA6E6304DFED2471EF1179AD4C881DDF"}]},{"animations":[{"timeOffset":0,"beginTime":0,"repeatCount":0,"animations":[{"timeOffset":0,"from":{"scalar":0.014},"beginTime":0,"repeatCount":0,"fillMode":"both","duration":0.949999988079071,"autoreverses":false,"timingFunction":"EaseInEaseOut","property":"zPosition","to":{"scalar":0.004}}],"fillMode":"both","autoreverses":false,"duration":0.949999988079071}],"initialState":{"affineTransform":[1,0,0,1,0,0],"masksToBounds":false,"rotation":0,"scale":1,"position":{"pointX":252.0380585480016,"pointY":473.3973693847656},"width":394.0640168762766,"sublayerTransform":[1,0,0,0,0,1,0,0,0,0,1,0,0,0,0,1],"contentsRect":{"y":0,"x":0,"width":1,"height":1},"opacity":1,"edgeAntialiasingMask":251658240,"height":236.0000038146973,"hidden":false,"anchorPoint":{"pointX":0.5,"pointY":0.5}},"layers":[{"animations":[{"timeOffset":0,"beginTime":0,"repeatCount":0,"animations":[{"timeOffset":0,"from":{"texture":"E08EA735EEE75BF9922F4AA3E6669622"},"beginTime":0,"repeatCount":0,"fillMode":"both","duration":0.949999988079071,"autoreverses":false,"timingFunction":"EaseInEaseOut","property":"contents","to":{"texture":"E08EA735EEE75BF9922F4AA3E6669622"}}],"fillMode":"both","autoreverses":false,"duration":0.949999988079071}],"layers":[],"initialState":{"affineTransform":[1,0,0,1,0,0],"masksToBounds":false,"rotation":0,"scale":1,"position":{"pointX":197.0320002384186,"pointY":118},"width":252,"sublayerTransform":[1,0,0,0,0,1,0,0,0,0,1,0,0,0,0,1],"contentsRect":{"y":0,"x":0,"width":1,"height":1},"opacity":1,"edgeAntialiasingMask":0,"height":49,"hidden":false,"anchorPoint":{"pointX":0.7660240093185787,"pointY":-1.440870051481286}},"texture":"E08EA735EEE75BF9922F4AA3E6669622"}]},{"animations":[{"timeOffset":0,"beginTime":0,"repeatCount":0,"animations":[{"timeOffset":0,"from":{"scalar":0.015},"beginTime":0,"repeatCount":0,"fillMode":"both","duration":0.949999988079071,"autoreverses":false,"timingFunction":"EaseInEaseOut","property":"zPosition","to":{"scalar":0.005}}],"fillMode":"both","autoreverses":false,"duration":0.949999988079071}],"initialState":{"affineTransform":[1,0,0,1,0,0],"masksToBounds":false,"rotation":0,"scale":1,"position":{"pointX":252.0380585480016,"pointY":473.3973693847656},"width":394.0640168762766,"sublayerTransform":[1,0,0,0,0,1,0,0,0,0,1,0,0,0,0,1],"contentsRect":{"y":0,"x":0,"width":1,"height":1},"opacity":1,"edgeAntialiasingMask":251658240,"height":236.0000038146973,"hidden":false,"anchorPoint":{"pointX":0.5,"pointY":0.5}},"layers":[{"animations":[{"timeOffset":0,"beginTime":0,"repeatCount":0,"animations":[{"timeOffset":0,"from":{"texture":"4BE4D72BCBF54E172B3DC6A0A6FC7EE1"},"beginTime":0,"repeatCount":0,"fillMode":"both","duration":0.949999988079071,"autoreverses":false,"timingFunction":"EaseInEaseOut","property":"contents","to":{"texture":"4BE4D72BCBF54E172B3DC6A0A6FC7EE1"}}],"fillMode":"both","autoreverses":false,"duration":0.949999988079071}],"layers":[],"initialState":{"affineTransform":[1,0,0,1,0,0],"masksToBounds":false,"rotation":0,"scale":1,"position":{"pointX":197.0320002384186,"pointY":118},"width":146,"sublayerTransform":[1,0,0,0,0,1,0,0,0,0,1,0,0,0,0,1],"contentsRect":{"y":0,"x":0,"width":1,"height":1},"opacity":1,"edgeAntialiasingMask":0,"height":49,"hidden":false,"anchorPoint":{"pointX":1.322178427043026,"pointY":2.436680968926877}},"texture":"4BE4D72BCBF54E172B3DC6A0A6FC7EE1"}]},{"animations":[{"timeOffset":0,"beginTime":0,"repeatCount":0,"animations":[{"timeOffset":0,"from":{"scalar":0.016},"beginTime":0,"repeatCount":0,"fillMode":"both","duration":0.949999988079071,"autoreverses":false,"timingFunction":"EaseInEaseOut","property":"zPosition","to":{"scalar":0.006}}],"fillMode":"both","autoreverses":false,"duration":0.949999988079071}],"initialState":{"affineTransform":[1,0,0,1,0,0],"masksToBounds":false,"rotation":0,"scale":1,"position":{"pointX":252.0380585480016,"pointY":473.3973693847656},"width":394.0640168762766,"sublayerTransform":[1,0,0,0,0,1,0,0,0,0,1,0,0,0,0,1],"contentsRect":{"y":0,"x":0,"width":1,"height":1},"opacity":1,"edgeAntialiasingMask":251658240,"height":236.0000038146973,"hidden":false,"anchorPoint":{"pointX":0.5,"pointY":0.5}},"layers":[{"animations":[{"timeOffset":0,"beginTime":0,"repeatCount":0,"animations":[{"timeOffset":0,"from":{"texture":"0C987D056CC316AF49C20A39BAFFECD4"},"beginTime":0,"repeatCount":0,"fillMode":"both","duration":0.949999988079071,"autoreverses":false,"timingFunction":"EaseInEaseOut","property":"contents","to":{"texture":"0C987D056CC316AF49C20A39BAFFECD4"}}],"fillMode":"both","autoreverses":false,"duration":0.949999988079071}],"layers":[],"initialState":{"affineTransform":[1,0,0,1,0,0],"masksToBounds":false,"rotation":0,"scale":1,"position":{"pointX":197.0320002384186,"pointY":118},"width":259,"sublayerTransform":[1,0,0,0,0,1,0,0,0,0,1,0,0,0,0,1],"contentsRect":{"y":0,"x":0,"width":1,"height":1},"opacity":1,"edgeAntialiasingMask":0,"height":49,"hidden":false,"anchorPoint":{"pointX":0.7453206577153739,"pointY":0.8856605607636121}},"texture":"0C987D056CC316AF49C20A39BAFFECD4"}]}]},"effects":[],"duration":0.949999988079071,"type":"transition","name":"apple:magic-move-implied-motion-path","objectID":"0"}],"automaticPlay":false,"hyperlinks":[],"accessibility":[{"text":"pasted-image.tif","targetRectangle":{"y":-319.1939392089844,"x":-285.0513916015625,"width":236,"height":101}},{"text":"Scripting","targetRectangle":{"y":168.1910858154297,"x":77.40677642822266,"width":142.426,"height":46}},{"text":"An INScore script is a textual version of OSC messages extended with:","targetRectangle":{"y":217.9511413574219,"x":76.28765869140625,"width":816.0900000000001,"height":90}},{"text":"<?javascript","targetRectangle":{"y":451.4935913085938,"x":467.2529296875,"width":172.828125,"height":29}},{"text":"   // javascript code","targetRectangle":{"y":480.4935913085938,"x":467.2529296875,"width":302.44921875,"height":29}},{"text":"   // producing INScore messages","targetRectangle":{"y":509.4935913085938,"x":467.2529296875,"width":460.875,"height":29}},{"text":"   // as output","targetRectangle":{"y":538.4935913085938,"x":467.2529296875,"width":216.03515625,"height":29}},{"text":"?>","targetRectangle":{"y":567.4935913085938,"x":467.2529296875,"width":28.8046875,"height":29}},{"text":"INScore","targetRectangle":{"y":38,"x":73.57918548583984,"width":193.662,"height":72}},{"text":"An environment for the design of interactive augmented music scores","targetRectangle":{"y":107.1785278320312,"x":74.31984863281264,"width":853.0499999999997,"height":38}},{"text":"Javascript engine available at runtime:","targetRectangle":{"y":614.5322275161743,"x":95.89733123779297,"width":478.548,"height":38}},{"text":"\te.g. /ITL/scene/javascript run ‘ajsfunction()’;","targetRectangle":{"y":652.5322275161743,"x":95.89733123779297,"width":696.9264375,"height":38}},{"text":"variables","targetRectangle":{"y":359.397367477417,"x":93.00605058670044,"width":109.9,"height":38}},{"text":"extended OSC addresses","targetRectangle":{"y":397.397367477417,"x":93.00605058670044,"width":317.94,"height":38}},{"text":"relative addresses","targetRectangle":{"y":435.397367477417,"x":93.00605058670044,"width":222.936,"height":38}},{"text":"message based parameters","targetRectangle":{"y":473.397367477417,"x":93.00605058670044,"width":343.28,"height":38}},{"text":"javascript sections","targetRectangle":{"y":511.397367477417,"x":93.00605058670044,"width":226.0160000000001,"height":38}},{"text":"math expressions","targetRectangle":{"y":549.397367477417,"x":93.00605058670044,"width":216.244,"height":38}}],"baseLayer":{"animations":[],"initialState":{"affineTransform":[1,0,0,1,0,0],"masksToBounds":false,"rotation":0,"scale":1,"position":{"pointX":512,"pointY":384},"width":1024,"sublayerTransform":[1,0,0,0,0,1,0,0,0,0,1,0,0,0,0,1],"contentsRect":{"y":0,"x":0,"width":1,"height":1},"opacity":1,"edgeAntialiasingMask":251658240,"height":768,"hidden":false,"anchorPoint":{"pointX":0.5,"pointY":0.5}},"objectID":"0","layers":[{"animations":[],"initialState":{"affineTransform":[1,0,0,1,0,0],"masksToBounds":false,"rotation":0,"scale":1,"position":{"pointX":512,"pointY":384},"width":1024,"sublayerTransform":[1,0,0,0,0,1,0,0,0,0,1,-0.0004922987690640373,0,0,0,1],"contentsRect":{"y":0,"x":0,"width":1,"height":1},"opacity":1,"edgeAntialiasingMask":251658240,"height":768,"hidden":false,"anchorPoint":{"pointX":0.5,"pointY":0.5}},"layers":[{"animations":[],"initialState":{"affineTransform":[1,0,0,1,0,0],"masksToBounds":false,"rotation":0,"scale":1,"position":{"pointX":512,"pointY":384},"width":1024,"sublayerTransform":[1,0,0,0,0,1,0,0,0,0,1,0,0,0,0,1],"contentsRect":{"y":0,"x":0,"width":1,"height":1},"opacity":1,"edgeAntialiasingMask":251658240,"height":768,"hidden":false,"anchorPoint":{"pointX":0.5,"pointY":0.5}},"layers":[{"animations":[],"layers":[],"initialState":{"affineTransform":[1,0,0,1,0,0],"masksToBounds":false,"rotation":0,"scale":1,"position":{"pointX":512,"pointY":384},"width":1024,"sublayerTransform":[1,0,0,0,0,1,0,0,0,0,1,0,0,0,0,1],"contentsRect":{"y":0,"x":0,"width":1,"height":1},"opacity":1,"edgeAntialiasingMask":0,"height":768,"hidden":false,"anchorPoint":{"pointX":0.5,"pointY":0.5}},"texture":"DB8451458D98EFA7506DBEBC2B1323F0"}]}]},{"animations":[],"initialState":{"affineTransform":[1,0,0,1,0,0],"masksToBounds":false,"rotation":0,"scale":1,"position":{"pointX":511.9999976158142,"pointY":69.49999928474426},"width":884.8416242599487,"sublayerTransform":[1,0,0,0,0,1,0,0,0,0,1,0,0,0,0,1],"contentsRect":{"y":0,"x":0,"width":1,"height":1},"opacity":1,"edgeAntialiasingMask":251658240,"height":88.99999856948853,"hidden":false,"anchorPoint":{"pointX":0.5,"pointY":0.5}},"layers":[{"animations":[],"layers":[],"initialState":{"affineTransform":[1,0,0,1,0,0],"masksToBounds":false,"rotation":0,"scale":1,"position":{"pointX":442.4208068847656,"pointY":44.5},"width":191,"sublayerTransform":[1,0,0,0,0,1,0,0,0,0,1,0,0,0,0,1],"contentsRect":{"y":0,"x":0,"width":1,"height":1},"opacity":1,"edgeAntialiasingMask":0,"height":42,"hidden":false,"anchorPoint":{"pointX":2.282722473144531,"pointY":0.4404761904761905}},"texture":"A195FFC70B722049AFF55E5FCD5FB274"}]},{"animations":[],"initialState":{"affineTransform":[1,0,0,1,0,0],"masksToBounds":false,"rotation":0,"scale":1,"position":{"pointX":500.844831943512,"pointY":126.2444611787796},"width":862.9231233596802,"sublayerTransform":[1,0,0,0,0,1,0,0,0,0,1,0,0,0,0,1],"contentsRect":{"y":0,"x":0,"width":1,"height":1},"opacity":1,"edgeAntialiasingMask":251658240,"height":46.1318666934967,"hidden":false,"anchorPoint":{"pointX":0.5,"pointY":0.5}},"layers":[{"animations":[],"layers":[],"initialState":{"affineTransform":[1,0,0,1,0,0],"masksToBounds":false,"rotation":0,"scale":1,"position":{"pointX":431.4615783691407,"pointY":23.06593322753906},"width":857,"sublayerTransform":[1,0,0,0,0,1,0,0,0,0,1,0,0,0,0,1],"contentsRect":{"y":0,"x":0,"width":1,"height":1},"opacity":1,"edgeAntialiasingMask":0,"height":32,"hidden":false,"anchorPoint":{"pointX":0.5004023904700263,"pointY":0.4451394081115723}},"texture":"2F5273E48820B549F9C0D4E271FD3C8D"}]},{"animations":[],"initialState":{"affineTransform":[1,0,0,1,0,0],"masksToBounds":false,"rotation":0,"scale":1,"position":{"pointX":-167.0513916015625,"pointY":-268.6939392089844},"width":236,"sublayerTransform":[1,0,0,0,0,1,0,0,0,0,1,0,0,0,0,1],"contentsRect":{"y":0,"x":0,"width":1,"height":1},"opacity":1,"edgeAntialiasingMask":251658240,"height":101,"hidden":false,"anchorPoint":{"pointX":0.5,"pointY":0.5}},"layers":[{"animations":[],"layers":[],"initialState":{"affineTransform":[1,0,0,1,0,0],"masksToBounds":false,"rotation":0,"scale":1,"position":{"pointX":118,"pointY":50.5},"width":239,"sublayerTransform":[1,0,0,0,0,1,0,0,0,0,1,0,0,0,0,1],"contentsRect":{"y":0,"x":0,"width":1,"height":1},"opacity":1,"edgeAntialiasingMask":0,"height":104,"hidden":false,"anchorPoint":{"pointX":0.5018770225876046,"pointY":0.5029428922213041}},"texture":"593E206575F248496DFDFB43E256EC77"}]},{"animations":[],"initialState":{"affineTransform":[1,0,0,1,0,0],"masksToBounds":false,"rotation":0,"scale":1,"position":{"pointX":216.6684951782227,"pointY":191.1910858154297},"width":286.5234375,"sublayerTransform":[1,0,0,0,0,1,0,0,0,0,1,0,0,0,0,1],"contentsRect":{"y":0,"x":0,"width":1,"height":1},"opacity":1,"edgeAntialiasingMask":251658240,"height":56,"hidden":false,"anchorPoint":{"pointX":0.5,"pointY":0.5}},"layers":[{"animations":[],"layers":[],"initialState":{"affineTransform":[1,0,0,1,0,0],"masksToBounds":false,"rotation":0,"scale":1,"position":{"pointX":143.26171875,"pointY":28},"width":143,"sublayerTransform":[1,0,0,0,0,1,0,0,0,0,1,0,0,0,0,1],"contentsRect":{"y":0,"x":0,"width":1,"height":1},"opacity":1,"edgeAntialiasingMask":0,"height":37,"hidden":false,"anchorPoint":{"pointX":0.9767027634840745,"pointY":0.4375969139305321}},"texture":"A01299C19DC3E39C3413736D0A28904C"}]},{"animations":[],"initialState":{"affineTransform":[1,0,0,1,0,0],"masksToBounds":false,"rotation":0,"scale":1,"position":{"pointX":523.5535260886591,"pointY":262.9511413574219},"width":902.5317347945056,"sublayerTransform":[1,0,0,0,0,1,0,0,0,0,1,0,0,0,0,1],"contentsRect":{"y":0,"x":0,"width":1,"height":1},"opacity":1,"edgeAntialiasingMask":251658240,"height":98,"hidden":false,"anchorPoint":{"pointX":0.5,"pointY":0.5}},"layers":[{"animations":[],"layers":[],"initialState":{"affineTransform":[1,0,0,1,0,0],"masksToBounds":false,"rotation":0,"scale":1,"position":{"pointX":451.265869140625,"pointY":49},"width":221,"sublayerTransform":[1,0,0,0,0,1,0,0,0,0,1,0,0,0,0,1],"contentsRect":{"y":0,"x":0,"width":1,"height":1},"opacity":1,"edgeAntialiasingMask":0,"height":30,"hidden":false,"anchorPoint":{"pointX":2.025129085212811,"pointY":-0.1682952880859375}},"texture":"7B872BB150A5DC76B291C91035A7204A"}]},{"animations":[],"initialState":{"affineTransform":[1,0,0,1,0,0],"masksToBounds":false,"rotation":0,"scale":1,"position":{"pointX":523.5535260886591,"pointY":262.9511413574219},"width":902.5317347945056,"sublayerTransform":[1,0,0,0,0,1,0,0,0,0,1,0,0,0,0,1],"contentsRect":{"y":0,"x":0,"width":1,"height":1},"opacity":1,"edgeAntialiasingMask":251658240,"height":98,"hidden":false,"anchorPoint":{"pointX":0.5,"pointY":0.5}},"layers":[{"animations":[],"layers":[],"initialState":{"affineTransform":[1,0,0,1,0,0],"masksToBounds":false,"rotation":0,"scale":1,"position":{"pointX":451.265869140625,"pointY":49},"width":809,"sublayerTransform":[1,0,0,0,0,1,0,0,0,0,1,0,0,0,0,1],"contentsRect":{"y":0,"x":0,"width":1,"height":1},"opacity":1,"edgeAntialiasingMask":0,"height":39,"hidden":false,"anchorPoint":{"pointX":0.5544542989271091,"pointY":1.024388239933894}},"texture":"BF2783FF30AA4E05CFF6240B1FC0B568"}]},{"animations":[],"initialState":{"affineTransform":[1,0,0,1,0,0],"masksToBounds":false,"rotation":0,"scale":1,"position":{"pointX":706.4648284912109,"pointY":523.9935913085938},"width":486.4238586425781,"sublayerTransform":[1,0,0,0,0,1,0,0,0,0,1,0,0,0,0,1],"contentsRect":{"y":0,"x":0,"width":1,"height":1},"opacity":1,"edgeAntialiasingMask":251658240,"height":161,"hidden":false,"anchorPoint":{"pointX":0.5,"pointY":0.5}},"layers":[{"animations":[],"layers":[],"initialState":{"affineTransform":[1,0,0,1,0,0],"masksToBounds":false,"rotation":0,"scale":1,"position":{"pointX":243.2119293212891,"pointY":80.5},"width":489,"sublayerTransform":[1,0,0,0,0,1,0,0,0,0,1,0,0,0,0,1],"contentsRect":{"y":0,"x":0,"width":1,"height":1},"opacity":1,"edgeAntialiasingMask":0,"height":164,"hidden":false,"anchorPoint":{"pointX":0.4999280746241532,"pointY":0.4999609226133765}},"texture":"1D4A75A1B0D0B5AB38194B3A449B7751"}]},{"animations":[],"initialState":{"affineTransform":[1,0,0,1,0,0],"masksToBounds":false,"rotation":0,"scale":1,"position":{"pointX":262.0380597114563,"pointY":532.6443637013435},"width":353.8835077285767,"sublayerTransform":[1,0,0,0,0,1,0,0,0,0,1,0,0,0,0,1],"contentsRect":{"y":0,"x":0,"width":1,"height":1},"opacity":1,"edgeAntialiasingMask":251658240,"height":46.13186705112457,"hidden":false,"anchorPoint":{"pointX":0.5,"pointY":0.5}},"layers":[{"animations":[],"layers":[],"initialState":{"affineTransform":[1,0,0,1,0,0],"masksToBounds":false,"rotation":0,"scale":1,"position":{"pointX":176.9417572021484,"pointY":23.06593322753906},"width":356,"sublayerTransform":[1,0,0,0,0,1,0,0,0,0,1,0,0,0,0,1],"contentsRect":{"y":0,"x":0,"width":1,"height":1},"opacity":1,"edgeAntialiasingMask":0,"height":49,"hidden":false,"anchorPoint":{"pointX":0.5001069186778551,"pointY":0.5029461919044962}},"texture":"8B155B196FDC1A6BA20899D3B02E93EC"}]},{"animations":[],"initialState":{"affineTransform":[1,0,0,1,0,0],"masksToBounds":false,"rotation":0,"scale":1,"position":{"pointX":456.126921120449,"pointY":652.5322265625},"width":728.459179765312,"sublayerTransform":[1,0,0,0,0,1,0,0,0,0,1,0,0,0,0,1],"contentsRect":{"y":0,"x":0,"width":1,"height":1},"opacity":1,"edgeAntialiasingMask":251658240,"height":83.99999809265137,"hidden":false,"anchorPoint":{"pointX":0.5,"pointY":0.5}},"layers":[{"animations":[],"layers":[],"initialState":{"affineTransform":[1,0,0,1,0,0],"masksToBounds":false,"rotation":0,"scale":1,"position":{"pointX":364.2295837402344,"pointY":42},"width":480,"sublayerTransform":[1,0,0,0,0,1,0,0,0,0,1,0,0,0,0,1],"contentsRect":{"y":0,"x":0,"width":1,"height":1},"opacity":1,"edgeAntialiasingMask":0,"height":33,"hidden":false,"anchorPoint":{"pointX":0.7544310728708903,"pointY":1.016128106550737}},"texture":"5C899991B33A0B7E41F2C5081F57DEAD"}]},{"animations":[],"initialState":{"affineTransform":[1,0,0,1,0,0],"masksToBounds":false,"rotation":0,"scale":1,"position":{"pointX":456.126921120449,"pointY":652.5322265625},"width":728.459179765312,"sublayerTransform":[1,0,0,0,0,1,0,0,0,0,1,0,0,0,0,1],"contentsRect":{"y":0,"x":0,"width":1,"height":1},"opacity":1,"edgeAntialiasingMask":251658240,"height":83.99999809265137,"hidden":false,"anchorPoint":{"pointX":0.5,"pointY":0.5}},"layers":[{"animations":[],"layers":[],"initialState":{"affineTransform":[1,0,0,1,0,0],"masksToBounds":false,"rotation":0,"scale":1,"position":{"pointX":364.2295837402344,"pointY":42},"width":658,"sublayerTransform":[1,0,0,0,0,1,0,0,0,0,1,0,0,0,0,1],"contentsRect":{"y":0,"x":0,"width":1,"height":1},"opacity":1,"edgeAntialiasingMask":0,"height":28,"hidden":false,"anchorPoint":{"pointX":0.4941138525501935,"pointY":-0.3024204458509173}},"texture":"538DF768ECA9AF1AAC9D160A0FAEC096"}]},{"animations":[],"initialState":{"affineTransform":[1,0,0,1,0,0],"masksToBounds":false,"rotation":0,"scale":1,"position":{"pointX":252.0380585480016,"pointY":473.3973693847656},"width":394.0640168762766,"sublayerTransform":[1,0,0,0,0,1,0,0,0,0,1,0,0,0,0,1],"contentsRect":{"y":0,"x":0,"width":1,"height":1},"opacity":1,"edgeAntialiasingMask":251658240,"height":236.0000038146973,"hidden":false,"anchorPoint":{"pointX":0.5,"pointY":0.5}},"layers":[{"animations":[],"layers":[],"initialState":{"affineTransform":[1,0,0,1,0,0],"masksToBounds":false,"rotation":0,"scale":1,"position":{"pointX":197.0320002384186,"pointY":118},"width":380,"sublayerTransform":[1,0,0,0,0,1,0,0,0,0,1,0,0,0,0,1],"contentsRect":{"y":0,"x":0,"width":1,"height":1},"opacity":1,"edgeAntialiasingMask":0,"height":49,"hidden":false,"anchorPoint":{"pointX":0.5106264482849522,"pointY":0.1101503566819794}},"texture":"AC9698405C40122501700FB6D50F2EAB"}]},{"animations":[],"initialState":{"affineTransform":[1,0,0,1,0,0],"masksToBounds":false,"rotation":0,"scale":1,"position":{"pointX":252.0380585480016,"pointY":473.3973693847656},"width":394.0640168762766,"sublayerTransform":[1,0,0,0,0,1,0,0,0,0,1,0,0,0,0,1],"contentsRect":{"y":0,"x":0,"width":1,"height":1},"opacity":1,"edgeAntialiasingMask":251658240,"height":236.0000038146973,"hidden":false,"anchorPoint":{"pointX":0.5,"pointY":0.5}},"layers":[{"animations":[],"layers":[],"initialState":{"affineTransform":[1,0,0,1,0,0],"masksToBounds":false,"rotation":0,"scale":1,"position":{"pointX":197.0320002384186,"pointY":118},"width":262,"sublayerTransform":[1,0,0,0,0,1,0,0,0,0,1,0,0,0,0,1],"contentsRect":{"y":0,"x":0,"width":1,"height":1},"opacity":1,"edgeAntialiasingMask":0,"height":49,"hidden":false,"anchorPoint":{"pointX":0.7367864517109994,"pointY":-0.6653598473996533}},"texture":"3F09B812C233D2AB6C72967B7240A0F3"}]},{"animations":[],"initialState":{"affineTransform":[1,0,0,1,0,0],"masksToBounds":false,"rotation":0,"scale":1,"position":{"pointX":252.0380585480016,"pointY":473.3973693847656},"width":394.0640168762766,"sublayerTransform":[1,0,0,0,0,1,0,0,0,0,1,0,0,0,0,1],"contentsRect":{"y":0,"x":0,"width":1,"height":1},"opacity":1,"edgeAntialiasingMask":251658240,"height":236.0000038146973,"hidden":false,"anchorPoint":{"pointX":0.5,"pointY":0.5}},"layers":[{"animations":[],"layers":[],"initialState":{"affineTransform":[1,0,0,1,0,0],"masksToBounds":false,"rotation":0,"scale":1,"position":{"pointX":197.0320002384186,"pointY":118},"width":354,"sublayerTransform":[1,0,0,0,0,1,0,0,0,0,1,0,0,0,0,1],"contentsRect":{"y":0,"x":0,"width":1,"height":1},"opacity":1,"edgeAntialiasingMask":0,"height":49,"hidden":false,"anchorPoint":{"pointX":0.5453052269725476,"pointY":1.661170764845245}},"texture":"FA6E6304DFED2471EF1179AD4C881DDF"}]},{"animations":[],"initialState":{"affineTransform":[1,0,0,1,0,0],"masksToBounds":false,"rotation":0,"scale":1,"position":{"pointX":252.0380585480016,"pointY":473.3973693847656},"width":394.0640168762766,"sublayerTransform":[1,0,0,0,0,1,0,0,0,0,1,0,0,0,0,1],"contentsRect":{"y":0,"x":0,"width":1,"height":1},"opacity":1,"edgeAntialiasingMask":251658240,"height":236.0000038146973,"hidden":false,"anchorPoint":{"pointX":0.5,"pointY":0.5}},"layers":[{"animations":[],"layers":[],"initialState":{"affineTransform":[1,0,0,1,0,0],"masksToBounds":false,"rotation":0,"scale":1,"position":{"pointX":197.0320002384186,"pointY":118},"width":252,"sublayerTransform":[1,0,0,0,0,1,0,0,0,0,1,0,0,0,0,1],"contentsRect":{"y":0,"x":0,"width":1,"height":1},"opacity":1,"edgeAntialiasingMask":0,"height":49,"hidden":false,"anchorPoint":{"pointX":0.7660240093185787,"pointY":-1.440870051481286}},"texture":"E08EA735EEE75BF9922F4AA3E6669622"}]},{"animations":[],"initialState":{"affineTransform":[1,0,0,1,0,0],"masksToBounds":false,"rotation":0,"scale":1,"position":{"pointX":252.0380585480016,"pointY":473.3973693847656},"width":394.0640168762766,"sublayerTransform":[1,0,0,0,0,1,0,0,0,0,1,0,0,0,0,1],"contentsRect":{"y":0,"x":0,"width":1,"height":1},"opacity":1,"edgeAntialiasingMask":251658240,"height":236.0000038146973,"hidden":false,"anchorPoint":{"pointX":0.5,"pointY":0.5}},"layers":[{"animations":[],"layers":[],"initialState":{"affineTransform":[1,0,0,1,0,0],"masksToBounds":false,"rotation":0,"scale":1,"position":{"pointX":197.0320002384186,"pointY":118},"width":146,"sublayerTransform":[1,0,0,0,0,1,0,0,0,0,1,0,0,0,0,1],"contentsRect":{"y":0,"x":0,"width":1,"height":1},"opacity":1,"edgeAntialiasingMask":0,"height":49,"hidden":false,"anchorPoint":{"pointX":1.322178427043026,"pointY":2.436680968926877}},"texture":"4BE4D72BCBF54E172B3DC6A0A6FC7EE1"}]},{"animations":[],"initialState":{"affineTransform":[1,0,0,1,0,0],"masksToBounds":false,"rotation":0,"scale":1,"position":{"pointX":252.0380585480016,"pointY":473.3973693847656},"width":394.0640168762766,"sublayerTransform":[1,0,0,0,0,1,0,0,0,0,1,0,0,0,0,1],"contentsRect":{"y":0,"x":0,"width":1,"height":1},"opacity":1,"edgeAntialiasingMask":251658240,"height":236.0000038146973,"hidden":false,"anchorPoint":{"pointX":0.5,"pointY":0.5}},"layers":[{"animations":[],"layers":[],"initialState":{"affineTransform":[1,0,0,1,0,0],"masksToBounds":false,"rotation":0,"scale":1,"position":{"pointX":197.0320002384186,"pointY":118},"width":259,"sublayerTransform":[1,0,0,0,0,1,0,0,0,0,1,0,0,0,0,1],"contentsRect":{"y":0,"x":0,"width":1,"height":1},"opacity":1,"edgeAntialiasingMask":0,"height":49,"hidden":false,"anchorPoint":{"pointX":0.7453206577153739,"pointY":0.8856605607636121}},"texture":"0C987D056CC316AF49C20A39BAFFECD4"}]}]}}]}