{"assets":{"45C97DF88451B3711DA2D14537CD1899":{"type":"texture","index":778,"assetRequest":{"type":"slide","state":"outgoing","slide":"FF3ED928-18B3-48DB-9F12-89AF79E84EF6"},"url":{"web":"assets/45C97DF88451B3711DA2D14537CD1899.svg"},"width":1024,"height":768},"FB03897A24005A5226338F867BFAD909":{"type":"texture","index":779,"assetRequest":{"type":"slide","state":"incoming","slide":"64A9AFEA-0CB4-4072-8757-C2D3703797F7"},"url":{"web":"assets/FB03897A24005A5226338F867BFAD909.svg"},"width":1024,"height":768}},"events":[{"effects":[{"beginTime":0,"baseLayer":{"animations":[],"initialState":{"affineTransform":[1,0,0,1,0,0],"masksToBounds":false,"rotation":0,"scale":1,"position":{"pointX":512,"pointY":384},"width":1024,"sublayerTransform":[1,0,0,0,0,1,0,0,0,0,1,0,0,0,0,1],"contentsRect":{"y":0,"x":0,"width":1,"height":1},"opacity":1,"edgeAntialiasingMask":251658240,"height":768,"hidden":false,"anchorPoint":{"pointX":0.5,"pointY":0.5}},"objectID":"0","layers":[{"animations":[],"initialState":{"affineTransform":[1,0,0,1,0,0],"masksToBounds":false,"rotation":0,"scale":1,"position":{"pointX":512,"pointY":384},"width":1024,"sublayerTransform":[1,0,0,0,0,1,0,0,0,0,1,-0.0004922987690640373,0,0,0,1],"contentsRect":{"y":0,"x":0,"width":1,"height":1},"opacity":1,"edgeAntialiasingMask":251658240,"height":768,"hidden":false,"anchorPoint":{"pointX":0.5,"pointY":0.5}},"layers":[{"animations":[],"layers":[],"initialState":{"affineTransform":[1,0,0,1,0,0],"masksToBounds":false,"rotation":0,"scale":1,"position":{"pointX":512,"pointY":384},"width":1024,"sublayerTransform":[1,0,0,0,0,1,0,0,0,0,1,0,0,0,0,1],"contentsRect":{"y":0,"x":0,"width":1,"height":1},"opacity":1,"edgeAntialiasingMask":0,"height":768,"hidden":false,"anchorPoint":{"pointX":0.5,"pointY":0.5}},"texture":"FB03897A24005A5226338F867BFAD909"},{"animations":[{"timeOffset":0,"from":{"scalar":1},"beginTime":0,"repeatCount":0,"fillMode":"both","duration":0.949999988079071,"autoreverses":false,"timingFunction":"EaseInEaseOut","property":"opacity","to":{"scalar":0}}],"layers":[],"initialState":{"affineTransform":[1,0,0,1,0,0],"masksToBounds":false,"rotation":0,"scale":1,"position":{"pointX":512,"pointY":384},"width":1024,"sublayerTransform":[1,0,0,0,0,1,0,0,0,0,1,0,0,0,0,1],"contentsRect":{"y":0,"x":0,"width":1,"height":1},"opacity":1,"edgeAntialiasingMask":0,"height":768,"hidden":false,"anchorPoint":{"pointX":0.5,"pointY":0.5}},"texture":"45C97DF88451B3711DA2D14537CD1899"}]}]},"effects":[],"duration":0.949999988079071,"type":"transition","attributes":{"direction":12},"name":"apple:pageflip","objectID":"0"}],"automaticPlay":false,"hyperlinks":[],"accessibility":[{"text":"Guido Music Notation Language","targetRectangle":{"y":720.5918582081795,"x":366.2300028800964,"width":291.54,"height":27}},{"text":"Basic Guido Specification. ","targetRectangle":{"y":203.2692260742188,"x":296.9650833502683,"width":415.6744000000001,"height":48}},{"text":"Additional Specifications. ","targetRectangle":{"y":251.2692260742188,"x":296.9650833502683,"width":405.2213600000001,"height":48}},{"text":"v. 1.38","targetRectangle":{"y":299.2692260742188,"x":345.9432678300684,"width":91.02480000000003,"height":42}},{"text":"v. 1.51","targetRectangle":{"y":341.2692260742188,"x":345.9432678300684,"width":91.02480000000003,"height":42}},{"text":"v. 1.52 ","targetRectangle":{"y":383.2692260742188,"x":345.9432678300684,"width":99.72064,"height":42}},{"text":"v. 1.54 ","targetRectangle":{"y":425.2692260742188,"x":345.9432678300684,"width":99.72064,"height":42}},{"text":"GMN Refcards","targetRectangle":{"y":467.2692260742188,"x":296.9650833502683,"width":227.97416,"height":48}},{"text":"GMN sample scripts.","targetRectangle":{"y":515.2692260742188,"x":296.9650833502683,"width":326.2816800000001,"height":48}},{"text":"The Guido Language documentation","targetRectangle":{"y":42,"x":73.38327026367188,"width":848.9000000000002,"height":68}},{"text":"pasted-image.png","targetRectangle":{"y":198.7851409912109,"x":831.3694458007812,"width":52,"height":52}},{"text":"pasted-image.png","targetRectangle":{"y":201.5137786865234,"x":774.498779296875,"width":45.11378860473633,"height":46.54273223876953}},{"text":"￼","targetRectangle":{"y":721.5918579101562,"x":30.26875245571136,"width":20.016,"height":25}},{"text":"pasted-image.tif","targetRectangle":{"y":-319.1939392089844,"x":-285.0513916015625,"width":236,"height":101}}],"baseLayer":{"animations":[],"initialState":{"affineTransform":[1,0,0,1,0,0],"masksToBounds":false,"rotation":0,"scale":1,"position":{"pointX":512,"pointY":384},"width":1024,"sublayerTransform":[1,0,0,0,0,1,0,0,0,0,1,0,0,0,0,1],"contentsRect":{"y":0,"x":0,"width":1,"height":1},"opacity":1,"edgeAntialiasingMask":251658240,"height":768,"hidden":false,"anchorPoint":{"pointX":0.5,"pointY":0.5}},"objectID":"0","layers":[{"animations":[],"initialState":{"affineTransform":[1,0,0,1,0,0],"masksToBounds":false,"rotation":0,"scale":1,"position":{"pointX":512,"pointY":384},"width":1024,"sublayerTransform":[1,0,0,0,0,1,0,0,0,0,1,-0.0004922987690640373,0,0,0,1],"contentsRect":{"y":0,"x":0,"width":1,"height":1},"opacity":1,"edgeAntialiasingMask":251658240,"height":768,"hidden":false,"anchorPoint":{"pointX":0.5,"pointY":0.5}},"layers":[{"animations":[],"layers":[],"initialState":{"affineTransform":[1,0,0,1,0,0],"masksToBounds":false,"rotation":0,"scale":1,"position":{"pointX":512,"pointY":384},"width":1024,"sublayerTransform":[1,0,0,0,0,1,0,0,0,0,1,0,0,0,0,1],"contentsRect":{"y":0,"x":0,"width":1,"height":1},"opacity":1,"edgeAntialiasingMask":0,"height":768,"hidden":false,"anchorPoint":{"pointX":0.5,"pointY":0.5}},"texture":"45C97DF88451B3711DA2D14537CD1899"}]}]}}]}