{"assets":{"3A67A76AD882A77F560139E27D5E5F60":{"type":"texture","index":694,"assetRequest":{"type":"slide","state":"contents","slide":"D9F21453-4655-4A94-B1B6-C00DF9921206"},"url":{"web":"assets/3A67A76AD882A77F560139E27D5E5F60.svg"},"width":20,"height":17},"B8AE942CD4D70801F67FFBD42638A24E":{"type":"texture","index":719,"assetRequest":{"type":"slide","state":"contents","slide":"D9F21453-4655-4A94-B1B6-C00DF9921206"},"url":{"web":"assets/B8AE942CD4D70801F67FFBD42638A24E.svg"},"width":20,"height":25},"DEB9769EDE936497E12533FDEF940264":{"type":"texture","index":692,"assetRequest":{"type":"slide","state":"contents","slide":"D9F21453-4655-4A94-B1B6-C00DF9921206"},"url":{"web":"assets/DEB9769EDE936497E12533FDEF940264.svg"},"width":294,"height":24},"AC4FAD8BBD499C805D7E1D629F29F768":{"type":"texture","index":702,"assetRequest":{"type":"slide","state":"contents","slide":"D9F21453-4655-4A94-B1B6-C00DF9921206"},"url":{"web":"assets/AC4FAD8BBD499C805D7E1D629F29F768.svg"},"width":20,"height":19},"BF2E7F3C28FE74406B2B810C24783623":{"type":"texture","index":712,"assetRequest":{"type":"slide","state":"contents","slide":"D9F21453-4655-4A94-B1B6-C00DF9921206"},"url":{"web":"assets/BF2E7F3C28FE74406B2B810C24783623.svg"},"width":16,"height":28},"A05374FC15F89E96F49BC55C615A7E10":{"type":"texture","index":697,"assetRequest":{"type":"slide","state":"contents","slide":"D9F21453-4655-4A94-B1B6-C00DF9921206"},"url":{"web":"assets/A05374FC15F89E96F49BC55C615A7E10.svg"},"width":10,"height":28},"904F46F33A865C3554AE88EEC4737BA7":{"type":"texture","index":721,"assetRequest":{"type":"slide","state":"contents","slide":"D9F21453-4655-4A94-B1B6-C00DF9921206"},"url":{"web":"assets/904F46F33A865C3554AE88EEC4737BA7.svg"},"width":17,"height":25},"530DBEE3CE0CD1BB26BD5876684E38A2":{"type":"texture","index":707,"assetRequest":{"type":"slide","state":"contents","slide":"D9F21453-4655-4A94-B1B6-C00DF9921206"},"url":{"web":"assets/530DBEE3CE0CD1BB26BD5876684E38A2.svg"},"width":17,"height":28},"5682477CEC4F34BF8A3DCFE080044C13":{"type":"texture","index":727,"assetRequest":{"type":"slide","state":"incoming","slide":"700F755F-7DAE-4B88-9234-CA9CC96B4059"},"url":{"web":"assets/5682477CEC4F34BF8A3DCFE080044C13.svg"},"width":1024,"height":768},"E84DA220A3C1C52E9EE2F5EFF352F4AB":{"type":"texture","index":705,"assetRequest":{"type":"slide","state":"contents","slide":"D9F21453-4655-4A94-B1B6-C00DF9921206"},"url":{"web":"assets/E84DA220A3C1C52E9EE2F5EFF352F4AB.svg"},"width":12,"height":12},"8AFE6E1C3C026E04B70D88475B6447B0":{"type":"texture","index":716,"assetRequest":{"type":"slide","state":"contents","slide":"D9F21453-4655-4A94-B1B6-C00DF9921206"},"url":{"web":"assets/8AFE6E1C3C026E04B70D88475B6447B0.svg"},"width":21,"height":25},"E1DA3F90A133D5F424C895AB79BBB53F":{"type":"texture","index":720,"assetRequest":{"type":"slide","state":"contents","slide":"D9F21453-4655-4A94-B1B6-C00DF9921206"},"url":{"web":"assets/E1DA3F90A133D5F424C895AB79BBB53F.svg"},"width":17,"height":28},"7361C30B265EE4004B571EDEA18FC030":{"type":"texture","index":699,"assetRequest":{"type":"slide","state":"contents","slide":"D9F21453-4655-4A94-B1B6-C00DF9921206"},"url":{"web":"assets/7361C30B265EE4004B571EDEA18FC030.svg"},"width":24,"height":19},"6A65633719BF58C56F63922DF9CB09FF":{"type":"texture","index":713,"assetRequest":{"type":"slide","state":"contents","slide":"D9F21453-4655-4A94-B1B6-C00DF9921206"},"url":{"web":"assets/6A65633719BF58C56F63922DF9CB09FF.svg"},"width":17,"height":25},"345461794FBE64BAB50EDDC5A7BF6103":{"type":"texture","index":696,"assetRequest":{"type":"slide","state":"contents","slide":"D9F21453-4655-4A94-B1B6-C00DF9921206"},"url":{"web":"assets/345461794FBE64BAB50EDDC5A7BF6103.svg"},"width":145,"height":44},"88523BD4466DD6F79D7CD90AC0CC5D9A":{"type":"texture","index":718,"assetRequest":{"type":"slide","state":"contents","slide":"D9F21453-4655-4A94-B1B6-C00DF9921206"},"url":{"web":"assets/88523BD4466DD6F79D7CD90AC0CC5D9A.svg"},"width":20,"height":19},"AE744D519D019F3B1FC70D353D32C3ED":{"type":"texture","index":706,"assetRequest":{"type":"slide","state":"contents","slide":"D9F21453-4655-4A94-B1B6-C00DF9921206"},"url":{"web":"assets/AE744D519D019F3B1FC70D353D32C3ED.svg"},"width":17,"height":25},"D889778179CDF6F24B74FB512A1E0A13":{"type":"texture","index":726,"assetRequest":{"type":"slide","state":"outgoing","slide":"D9F21453-4655-4A94-B1B6-C00DF9921206"},"url":{"web":"assets/D889778179CDF6F24B74FB512A1E0A13.svg"},"width":1024,"height":768},"2B9045BC1E68D19EE858ADE0F21E17A7":{"type":"texture","index":714,"assetRequest":{"type":"slide","state":"contents","slide":"D9F21453-4655-4A94-B1B6-C00DF9921206"},"url":{"web":"assets/2B9045BC1E68D19EE858ADE0F21E17A7.svg"},"width":20,"height":19},"C69BC753CBD905CC20E98640F858A59F":{"type":"texture","index":725,"assetRequest":{"type":"slide","state":"contents","slide":"D9F21453-4655-4A94-B1B6-C00DF9921206"},"url":{"web":"assets/C69BC753CBD905CC20E98640F858A59F.svg"},"width":238,"height":118},"E4DDB646CF6A18FEE9F9E7C60BAA2829":{"type":"texture","index":698,"assetRequest":{"type":"slide","state":"contents","slide":"D9F21453-4655-4A94-B1B6-C00DF9921206"},"url":{"web":"assets/E4DDB646CF6A18FEE9F9E7C60BAA2829.svg"},"width":16,"height":28},"D6461B65676706B38107188C807250DE":{"type":"texture","index":724,"assetRequest":{"type":"slide","state":"contents","slide":"D9F21453-4655-4A94-B1B6-C00DF9921206"},"url":{"web":"assets/D6461B65676706B38107188C807250DE.svg"},"width":436,"height":118},"B3127EC15B4EA3583FE6F75ACE6EB51D":{"type":"texture","index":704,"assetRequest":{"type":"slide","state":"contents","slide":"D9F21453-4655-4A94-B1B6-C00DF9921206"},"url":{"web":"assets/B3127EC15B4EA3583FE6F75ACE6EB51D.svg"},"width":20,"height":19},"D008ACCEC51EDAC804044ADD282032FB":{"type":"texture","index":711,"assetRequest":{"type":"slide","state":"contents","slide":"D9F21453-4655-4A94-B1B6-C00DF9921206"},"url":{"web":"assets/D008ACCEC51EDAC804044ADD282032FB.svg"},"width":20,"height":19},"3554E497C5E25153E405969B1CCEF89C":{"type":"texture","index":708,"assetRequest":{"type":"slide","state":"contents","slide":"D9F21453-4655-4A94-B1B6-C00DF9921206"},"url":{"web":"assets/3554E497C5E25153E405969B1CCEF89C.svg"},"width":17,"height":25},"DDAB343940D23EBCCE0304922FD8CBE3":{"type":"texture","index":722,"assetRequest":{"type":"slide","state":"contents","slide":"D9F21453-4655-4A94-B1B6-C00DF9921206"},"url":{"web":"assets/DDAB343940D23EBCCE0304922FD8CBE3.svg"},"width":10,"height":28},"7C6F80DDD618AFA4515804EF1B51B7A2":{"type":"texture","index":700,"assetRequest":{"type":"slide","state":"contents","slide":"D9F21453-4655-4A94-B1B6-C00DF9921206"},"url":{"web":"assets/7C6F80DDD618AFA4515804EF1B51B7A2.svg"},"width":20,"height":19},"845B7F047A2C404DB168B13B6C5ADE68":{"type":"texture","index":703,"assetRequest":{"type":"slide","state":"contents","slide":"D9F21453-4655-4A94-B1B6-C00DF9921206"},"url":{"web":"assets/845B7F047A2C404DB168B13B6C5ADE68.svg"},"width":20,"height":19},"88C3529A2641C9C82331E6975D55C7BC":{"type":"texture","index":693,"assetRequest":{"type":"slide","state":"contents","slide":"D9F21453-4655-4A94-B1B6-C00DF9921206"},"url":{"web":"assets/88C3529A2641C9C82331E6975D55C7BC.svg"},"width":682,"height":53},"1C6175997A45052A796F92559E8CFD48":{"type":"texture","index":717,"assetRequest":{"type":"slide","state":"contents","slide":"D9F21453-4655-4A94-B1B6-C00DF9921206"},"url":{"web":"assets/1C6175997A45052A796F92559E8CFD48.svg"},"width":19,"height":19},"FC50FC24F7AD93EA762890D312956DE7":{"type":"texture","index":715,"assetRequest":{"type":"slide","state":"contents","slide":"D9F21453-4655-4A94-B1B6-C00DF9921206"},"url":{"web":"assets/FC50FC24F7AD93EA762890D312956DE7.svg"},"width":18,"height":25},"2015D2A612F4EE9A46017510B9827954":{"type":"texture","index":723,"assetRequest":{"type":"slide","state":"contents","slide":"D9F21453-4655-4A94-B1B6-C00DF9921206"},"url":{"web":"assets/2015D2A612F4EE9A46017510B9827954.svg"},"width":854,"height":300},"B0B544FF5FA66E0BF65615FDA5F4B48F":{"type":"texture","index":701,"assetRequest":{"type":"slide","state":"contents","slide":"D9F21453-4655-4A94-B1B6-C00DF9921206"},"url":{"web":"assets/B0B544FF5FA66E0BF65615FDA5F4B48F.svg"},"width":20,"height":23},"78A4F8964FAED83DB62206C3DFB46ADA":{"type":"texture","index":709,"assetRequest":{"type":"slide","state":"contents","slide":"D9F21453-4655-4A94-B1B6-C00DF9921206"},"url":{"web":"assets/78A4F8964FAED83DB62206C3DFB46ADA.svg"},"width":12,"height":12},"A4D4DF2C2C2F462547EFDD63FF84F599":{"type":"texture","index":710,"assetRequest":{"type":"slide","state":"contents","slide":"D9F21453-4655-4A94-B1B6-C00DF9921206"},"url":{"web":"assets/A4D4DF2C2C2F462547EFDD63FF84F599.svg"},"width":21,"height":19},"DB8451458D98EFA7506DBEBC2B1323F0":{"type":"texture","index":691,"assetRequest":{"type":"slide","state":"contents","slide":"D9F21453-4655-4A94-B1B6-C00DF9921206"},"url":{"web":"assets/DB8451458D98EFA7506DBEBC2B1323F0.svg"},"width":1024,"height":768},"593E206575F248496DFDFB43E256EC77":{"type":"texture","index":695,"assetRequest":{"type":"slide","state":"contents","slide":"D9F21453-4655-4A94-B1B6-C00DF9921206"},"url":{"web":"assets/593E206575F248496DFDFB43E256EC77.svg"},"width":239,"height":104}},"events":[{"effects":[{"beginTime":0,"baseLayer":{"animations":[],"initialState":{"affineTransform":[1,0,0,1,0,0],"masksToBounds":false,"rotation":0,"scale":1,"position":{"pointX":178.2138258218765,"pointY":490.305700302124},"width":217.6149990558624,"sublayerTransform":[1,0,0,0,0,1,0,0,0,0,1,0,0,0,0,1],"contentsRect":{"y":0,"x":0,"width":1,"height":1},"opacity":1,"edgeAntialiasingMask":251658240,"height":65.73469161987305,"hidden":false,"anchorPoint":{"pointX":0.5,"pointY":0.5}},"objectID":"713B8423-1C8D-4371-9F1C-F0A7C09B41ED","layers":[{"animations":[],"initialState":{"affineTransform":[1,0,0,1,0,0],"masksToBounds":false,"rotation":0,"scale":1,"position":{"pointX":442.5936737060547,"pointY":-73.4383544921875},"width":217.6149990558624,"sublayerTransform":[1,0,0,0,0,1,0,0,0,0,1,-0.0004922987690640373,0,0,0,1],"contentsRect":{"y":0,"x":0,"width":1,"height":1},"opacity":1,"edgeAntialiasingMask":251658240,"height":65.73469161987305,"hidden":false,"anchorPoint":{"pointX":2.033838088487823,"pointY":-1.1171932610084}},"layers":[{"animations":[{"timeOffset":0,"beginTime":1e-100,"repeatCount":0,"animations":[{"timeOffset":0,"from":{"scalar":0},"beginTime":0,"repeatCount":0,"fillMode":"both","duration":1,"autoreverses":false,"timingFunction":"EaseInEaseOut","property":"opacity","to":{"scalar":1}},{"timeOffset":0,"from":{"scalar":false},"beginTime":0,"repeatCount":0,"fillMode":"forwards","property":"hidden","autoreverses":false,"duration":1,"to":{"scalar":false}}],"fillMode":"both","autoreverses":false,"duration":1}],"layers":[],"initialState":{"affineTransform":[1,0,0,1,0,0],"masksToBounds":false,"rotation":0,"scale":1,"position":{"pointX":78.09367370605469,"pointY":39.5616455078125},"width":145,"sublayerTransform":[1,0,0,0,0,1,0,0,0,0,1,0,0,0,0,1],"contentsRect":{"y":0,"x":0,"width":1,"height":1},"opacity":1,"edgeAntialiasingMask":0,"height":44,"hidden":true,"anchorPoint":{"pointX":0.5,"pointY":0.5}},"texture":"345461794FBE64BAB50EDDC5A7BF6103"}]}]},"effects":[{"beginTime":0,"baseLayer":{"animations":[],"initialState":{"affineTransform":[1,0,0,1,0,0],"masksToBounds":false,"rotation":0,"scale":1,"position":{"pointX":614.0389738082886,"pointY":490.3057250976562},"width":681.1093807220459,"sublayerTransform":[1,0,0,0,0,1,0,0,0,0,1,0,0,0,0,1],"contentsRect":{"y":0,"x":0,"width":1,"height":1},"opacity":1,"edgeAntialiasingMask":251658240,"height":46.00000083446503,"hidden":false,"anchorPoint":{"pointX":0.5,"pointY":0.5}},"objectID":"2163A4DD-5A7E-4CFE-8E2E-47CB8F2A84AE","layers":[{"animations":[],"initialState":{"affineTransform":[1,0,0,1,0,0],"masksToBounds":false,"rotation":0,"scale":1,"position":{"pointX":238.5157165527344,"pointY":-83.30572468042374},"width":681.1093807220459,"sublayerTransform":[1,0,0,0,0,1,0,0,0,0,1,-0.0004922987690640373,0,0,0,1],"contentsRect":{"y":0,"x":0,"width":1,"height":1},"opacity":1,"edgeAntialiasingMask":251658240,"height":46.00000083446503,"hidden":false,"anchorPoint":{"pointX":0.3501870966743744,"pointY":-1.810993981939404}},"layers":[{"animations":[{"timeOffset":0,"beginTime":1e-100,"repeatCount":0,"animations":[{"timeOffset":0,"from":{"scalar":true},"beginTime":0,"repeatCount":0,"fillMode":"removed","property":"hidden","autoreverses":false,"duration":0.05,"to":{"scalar":true}},{"timeOffset":0,"from":{"scalar":false},"beginTime":0.05,"repeatCount":0,"fillMode":"forwards","property":"hidden","autoreverses":false,"duration":0.95,"to":{"scalar":false}}],"fillMode":"both","autoreverses":false,"duration":1}],"layers":[],"initialState":{"affineTransform":[1,0,0,1,0,0],"masksToBounds":false,"rotation":0,"scale":1,"position":{"pointX":13.51571655273438,"pointY":27.69427531957626},"width":10,"sublayerTransform":[1,0,0,0,0,1,0,0,0,0,1,0,0,0,0,1],"contentsRect":{"y":0,"x":0,"width":1,"height":1},"opacity":1,"edgeAntialiasingMask":0,"height":28,"hidden":true,"anchorPoint":{"pointX":0.5,"pointY":0.5}},"texture":"A05374FC15F89E96F49BC55C615A7E10"}]},{"animations":[],"initialState":{"affineTransform":[1,0,0,1,0,0],"masksToBounds":false,"rotation":0,"scale":1,"position":{"pointX":238.5157165527344,"pointY":-83.30572468042374},"width":681.1093807220459,"sublayerTransform":[1,0,0,0,0,1,0,0,0,0,1,-0.0004922987690640373,0,0,0,1],"contentsRect":{"y":0,"x":0,"width":1,"height":1},"opacity":1,"edgeAntialiasingMask":251658240,"height":46.00000083446503,"hidden":false,"anchorPoint":{"pointX":0.3501870966743744,"pointY":-1.810993981939404}},"layers":[{"animations":[{"timeOffset":0,"beginTime":1e-100,"repeatCount":0,"animations":[{"timeOffset":0,"from":{"scalar":true},"beginTime":0,"repeatCount":0,"fillMode":"removed","property":"hidden","autoreverses":false,"duration":0.08461538461538462,"to":{"scalar":true}},{"timeOffset":0,"from":{"scalar":false},"beginTime":0.08461538461538462,"repeatCount":0,"fillMode":"forwards","property":"hidden","autoreverses":false,"duration":0.9153846153846154,"to":{"scalar":false}}],"fillMode":"both","autoreverses":false,"duration":1}],"layers":[],"initialState":{"affineTransform":[1,0,0,1,0,0],"masksToBounds":false,"rotation":0,"scale":1,"position":{"pointX":51.51571655273438,"pointY":23.69427531957626},"width":16,"sublayerTransform":[1,0,0,0,0,1,0,0,0,0,1,0,0,0,0,1],"contentsRect":{"y":0,"x":0,"width":1,"height":1},"opacity":1,"edgeAntialiasingMask":0,"height":28,"hidden":true,"anchorPoint":{"pointX":0.5,"pointY":0.5}},"texture":"E4DDB646CF6A18FEE9F9E7C60BAA2829"}]},{"animations":[],"initialState":{"affineTransform":[1,0,0,1,0,0],"masksToBounds":false,"rotation":0,"scale":1,"position":{"pointX":238.5157165527344,"pointY":-83.30572468042374},"width":681.1093807220459,"sublayerTransform":[1,0,0,0,0,1,0,0,0,0,1,-0.0004922987690640373,0,0,0,1],"contentsRect":{"y":0,"x":0,"width":1,"height":1},"opacity":1,"edgeAntialiasingMask":251658240,"height":46.00000083446503,"hidden":false,"anchorPoint":{"pointX":0.3501870966743744,"pointY":-1.810993981939404}},"layers":[{"animations":[{"timeOffset":0,"beginTime":1e-100,"repeatCount":0,"animations":[{"timeOffset":0,"from":{"scalar":true},"beginTime":0,"repeatCount":0,"fillMode":"removed","property":"hidden","autoreverses":false,"duration":0.1192307692307692,"to":{"scalar":true}},{"timeOffset":0,"from":{"scalar":false},"beginTime":0.1192307692307692,"repeatCount":0,"fillMode":"forwards","property":"hidden","autoreverses":false,"duration":0.8807692307692307,"to":{"scalar":false}}],"fillMode":"both","autoreverses":false,"duration":1}],"layers":[],"initialState":{"affineTransform":[1,0,0,1,0,0],"masksToBounds":false,"rotation":0,"scale":1,"position":{"pointX":71.51571655273438,"pointY":27.19427531957626},"width":24,"sublayerTransform":[1,0,0,0,0,1,0,0,0,0,1,0,0,0,0,1],"contentsRect":{"y":0,"x":0,"width":1,"height":1},"opacity":1,"edgeAntialiasingMask":0,"height":19,"hidden":true,"anchorPoint":{"pointX":0.5,"pointY":0.5}},"texture":"7361C30B265EE4004B571EDEA18FC030"}]},{"animations":[],"initialState":{"affineTransform":[1,0,0,1,0,0],"masksToBounds":false,"rotation":0,"scale":1,"position":{"pointX":238.5157165527344,"pointY":-83.30572468042374},"width":681.1093807220459,"sublayerTransform":[1,0,0,0,0,1,0,0,0,0,1,-0.0004922987690640373,0,0,0,1],"contentsRect":{"y":0,"x":0,"width":1,"height":1},"opacity":1,"edgeAntialiasingMask":251658240,"height":46.00000083446503,"hidden":false,"anchorPoint":{"pointX":0.3501870966743744,"pointY":-1.810993981939404}},"layers":[{"animations":[{"timeOffset":0,"beginTime":1e-100,"repeatCount":0,"animations":[{"timeOffset":0,"from":{"scalar":true},"beginTime":0,"repeatCount":0,"fillMode":"removed","property":"hidden","autoreverses":false,"duration":0.1538461538461539,"to":{"scalar":true}},{"timeOffset":0,"from":{"scalar":false},"beginTime":0.1538461538461539,"repeatCount":0,"fillMode":"forwards","property":"hidden","autoreverses":false,"duration":0.8461538461538461,"to":{"scalar":false}}],"fillMode":"both","autoreverses":false,"duration":1}],"layers":[],"initialState":{"affineTransform":[1,0,0,1,0,0],"masksToBounds":false,"rotation":0,"scale":1,"position":{"pointX":90.51571655273438,"pointY":27.19427531957626},"width":20,"sublayerTransform":[1,0,0,0,0,1,0,0,0,0,1,0,0,0,0,1],"contentsRect":{"y":0,"x":0,"width":1,"height":1},"opacity":1,"edgeAntialiasingMask":0,"height":19,"hidden":true,"anchorPoint":{"pointX":0.5,"pointY":0.5}},"texture":"7C6F80DDD618AFA4515804EF1B51B7A2"}]},{"animations":[],"initialState":{"affineTransform":[1,0,0,1,0,0],"masksToBounds":false,"rotation":0,"scale":1,"position":{"pointX":238.5157165527344,"pointY":-83.30572468042374},"width":681.1093807220459,"sublayerTransform":[1,0,0,0,0,1,0,0,0,0,1,-0.0004922987690640373,0,0,0,1],"contentsRect":{"y":0,"x":0,"width":1,"height":1},"opacity":1,"edgeAntialiasingMask":251658240,"height":46.00000083446503,"hidden":false,"anchorPoint":{"pointX":0.3501870966743744,"pointY":-1.810993981939404}},"layers":[{"animations":[{"timeOffset":0,"beginTime":1e-100,"repeatCount":0,"animations":[{"timeOffset":0,"from":{"scalar":true},"beginTime":0,"repeatCount":0,"fillMode":"removed","property":"hidden","autoreverses":false,"duration":0.1884615384615385,"to":{"scalar":true}},{"timeOffset":0,"from":{"scalar":false},"beginTime":0.1884615384615385,"repeatCount":0,"fillMode":"forwards","property":"hidden","autoreverses":false,"duration":0.8115384615384615,"to":{"scalar":false}}],"fillMode":"both","autoreverses":false,"duration":1}],"layers":[],"initialState":{"affineTransform":[1,0,0,1,0,0],"masksToBounds":false,"rotation":0,"scale":1,"position":{"pointX":109.5157165527344,"pointY":25.19427531957626},"width":20,"sublayerTransform":[1,0,0,0,0,1,0,0,0,0,1,0,0,0,0,1],"contentsRect":{"y":0,"x":0,"width":1,"height":1},"opacity":1,"edgeAntialiasingMask":0,"height":23,"hidden":true,"anchorPoint":{"pointX":0.5,"pointY":0.5}},"texture":"B0B544FF5FA66E0BF65615FDA5F4B48F"}]},{"animations":[],"initialState":{"affineTransform":[1,0,0,1,0,0],"masksToBounds":false,"rotation":0,"scale":1,"position":{"pointX":238.5157165527344,"pointY":-83.30572468042374},"width":681.1093807220459,"sublayerTransform":[1,0,0,0,0,1,0,0,0,0,1,-0.0004922987690640373,0,0,0,1],"contentsRect":{"y":0,"x":0,"width":1,"height":1},"opacity":1,"edgeAntialiasingMask":251658240,"height":46.00000083446503,"hidden":false,"anchorPoint":{"pointX":0.3501870966743744,"pointY":-1.810993981939404}},"layers":[{"animations":[{"timeOffset":0,"beginTime":1e-100,"repeatCount":0,"animations":[{"timeOffset":0,"from":{"scalar":true},"beginTime":0,"repeatCount":0,"fillMode":"removed","property":"hidden","autoreverses":false,"duration":0.2230769230769231,"to":{"scalar":true}},{"timeOffset":0,"from":{"scalar":false},"beginTime":0.2230769230769231,"repeatCount":0,"fillMode":"forwards","property":"hidden","autoreverses":false,"duration":0.7769230769230769,"to":{"scalar":false}}],"fillMode":"both","autoreverses":false,"duration":1}],"layers":[],"initialState":{"affineTransform":[1,0,0,1,0,0],"masksToBounds":false,"rotation":0,"scale":1,"position":{"pointX":128.5157165527344,"pointY":27.19427531957626},"width":20,"sublayerTransform":[1,0,0,0,0,1,0,0,0,0,1,0,0,0,0,1],"contentsRect":{"y":0,"x":0,"width":1,"height":1},"opacity":1,"edgeAntialiasingMask":0,"height":19,"hidden":true,"anchorPoint":{"pointX":0.5,"pointY":0.5}},"texture":"AC4FAD8BBD499C805D7E1D629F29F768"}]},{"animations":[],"initialState":{"affineTransform":[1,0,0,1,0,0],"masksToBounds":false,"rotation":0,"scale":1,"position":{"pointX":238.5157165527344,"pointY":-83.30572468042374},"width":681.1093807220459,"sublayerTransform":[1,0,0,0,0,1,0,0,0,0,1,-0.0004922987690640373,0,0,0,1],"contentsRect":{"y":0,"x":0,"width":1,"height":1},"opacity":1,"edgeAntialiasingMask":251658240,"height":46.00000083446503,"hidden":false,"anchorPoint":{"pointX":0.3501870966743744,"pointY":-1.810993981939404}},"layers":[{"animations":[{"timeOffset":0,"beginTime":1e-100,"repeatCount":0,"animations":[{"timeOffset":0,"from":{"scalar":true},"beginTime":0,"repeatCount":0,"fillMode":"removed","property":"hidden","autoreverses":false,"duration":0.2576923076923077,"to":{"scalar":true}},{"timeOffset":0,"from":{"scalar":false},"beginTime":0.2576923076923077,"repeatCount":0,"fillMode":"forwards","property":"hidden","autoreverses":false,"duration":0.7423076923076923,"to":{"scalar":false}}],"fillMode":"both","autoreverses":false,"duration":1}],"layers":[],"initialState":{"affineTransform":[1,0,0,1,0,0],"masksToBounds":false,"rotation":0,"scale":1,"position":{"pointX":148.5157165527344,"pointY":27.19427531957626},"width":20,"sublayerTransform":[1,0,0,0,0,1,0,0,0,0,1,0,0,0,0,1],"contentsRect":{"y":0,"x":0,"width":1,"height":1},"opacity":1,"edgeAntialiasingMask":0,"height":19,"hidden":true,"anchorPoint":{"pointX":0.5,"pointY":0.5}},"texture":"845B7F047A2C404DB168B13B6C5ADE68"}]},{"animations":[],"initialState":{"affineTransform":[1,0,0,1,0,0],"masksToBounds":false,"rotation":0,"scale":1,"position":{"pointX":238.5157165527344,"pointY":-83.30572468042374},"width":681.1093807220459,"sublayerTransform":[1,0,0,0,0,1,0,0,0,0,1,-0.0004922987690640373,0,0,0,1],"contentsRect":{"y":0,"x":0,"width":1,"height":1},"opacity":1,"edgeAntialiasingMask":251658240,"height":46.00000083446503,"hidden":false,"anchorPoint":{"pointX":0.3501870966743744,"pointY":-1.810993981939404}},"layers":[{"animations":[{"timeOffset":0,"beginTime":1e-100,"repeatCount":0,"animations":[{"timeOffset":0,"from":{"scalar":true},"beginTime":0,"repeatCount":0,"fillMode":"removed","property":"hidden","autoreverses":false,"duration":0.2923076923076923,"to":{"scalar":true}},{"timeOffset":0,"from":{"scalar":false},"beginTime":0.2923076923076923,"repeatCount":0,"fillMode":"forwards","property":"hidden","autoreverses":false,"duration":0.7076923076923076,"to":{"scalar":false}}],"fillMode":"both","autoreverses":false,"duration":1}],"layers":[],"initialState":{"affineTransform":[1,0,0,1,0,0],"masksToBounds":false,"rotation":0,"scale":1,"position":{"pointX":166.5157165527344,"pointY":24.19427531957626},"width":20,"sublayerTransform":[1,0,0,0,0,1,0,0,0,0,1,0,0,0,0,1],"contentsRect":{"y":0,"x":0,"width":1,"height":1},"opacity":1,"edgeAntialiasingMask":0,"height":19,"hidden":true,"anchorPoint":{"pointX":0.5,"pointY":0.5}},"texture":"B3127EC15B4EA3583FE6F75ACE6EB51D"}]},{"animations":[],"initialState":{"affineTransform":[1,0,0,1,0,0],"masksToBounds":false,"rotation":0,"scale":1,"position":{"pointX":238.5157165527344,"pointY":-83.30572468042374},"width":681.1093807220459,"sublayerTransform":[1,0,0,0,0,1,0,0,0,0,1,-0.0004922987690640373,0,0,0,1],"contentsRect":{"y":0,"x":0,"width":1,"height":1},"opacity":1,"edgeAntialiasingMask":251658240,"height":46.00000083446503,"hidden":false,"anchorPoint":{"pointX":0.3501870966743744,"pointY":-1.810993981939404}},"layers":[{"animations":[{"timeOffset":0,"beginTime":1e-100,"repeatCount":0,"animations":[{"timeOffset":0,"from":{"scalar":true},"beginTime":0,"repeatCount":0,"fillMode":"removed","property":"hidden","autoreverses":false,"duration":0.3269230769230769,"to":{"scalar":true}},{"timeOffset":0,"from":{"scalar":false},"beginTime":0.3269230769230769,"repeatCount":0,"fillMode":"forwards","property":"hidden","autoreverses":false,"duration":0.6730769230769231,"to":{"scalar":false}}],"fillMode":"both","autoreverses":false,"duration":1}],"layers":[],"initialState":{"affineTransform":[1,0,0,1,0,0],"masksToBounds":false,"rotation":0,"scale":1,"position":{"pointX":186.5157165527344,"pointY":16.69427531957626},"width":12,"sublayerTransform":[1,0,0,0,0,1,0,0,0,0,1,0,0,0,0,1],"contentsRect":{"y":0,"x":0,"width":1,"height":1},"opacity":1,"edgeAntialiasingMask":0,"height":12,"hidden":true,"anchorPoint":{"pointX":0.5,"pointY":0.5}},"texture":"E84DA220A3C1C52E9EE2F5EFF352F4AB"}]},{"animations":[],"initialState":{"affineTransform":[1,0,0,1,0,0],"masksToBounds":false,"rotation":0,"scale":1,"position":{"pointX":238.5157165527344,"pointY":-83.30572468042374},"width":681.1093807220459,"sublayerTransform":[1,0,0,0,0,1,0,0,0,0,1,-0.0004922987690640373,0,0,0,1],"contentsRect":{"y":0,"x":0,"width":1,"height":1},"opacity":1,"edgeAntialiasingMask":251658240,"height":46.00000083446503,"hidden":false,"anchorPoint":{"pointX":0.3501870966743744,"pointY":-1.810993981939404}},"layers":[{"animations":[{"timeOffset":0,"beginTime":1e-100,"repeatCount":0,"animations":[{"timeOffset":0,"from":{"scalar":true},"beginTime":0,"repeatCount":0,"fillMode":"removed","property":"hidden","autoreverses":false,"duration":0.3615384615384615,"to":{"scalar":true}},{"timeOffset":0,"from":{"scalar":false},"beginTime":0.3615384615384615,"repeatCount":0,"fillMode":"forwards","property":"hidden","autoreverses":false,"duration":0.6384615384615384,"to":{"scalar":false}}],"fillMode":"both","autoreverses":false,"duration":1}],"layers":[],"initialState":{"affineTransform":[1,0,0,1,0,0],"masksToBounds":false,"rotation":0,"scale":1,"position":{"pointX":205.0157165527344,"pointY":24.19427531957626},"width":17,"sublayerTransform":[1,0,0,0,0,1,0,0,0,0,1,0,0,0,0,1],"contentsRect":{"y":0,"x":0,"width":1,"height":1},"opacity":1,"edgeAntialiasingMask":0,"height":25,"hidden":true,"anchorPoint":{"pointX":0.5,"pointY":0.5}},"texture":"AE744D519D019F3B1FC70D353D32C3ED"}]},{"animations":[],"initialState":{"affineTransform":[1,0,0,1,0,0],"masksToBounds":false,"rotation":0,"scale":1,"position":{"pointX":238.5157165527344,"pointY":-83.30572468042374},"width":681.1093807220459,"sublayerTransform":[1,0,0,0,0,1,0,0,0,0,1,-0.0004922987690640373,0,0,0,1],"contentsRect":{"y":0,"x":0,"width":1,"height":1},"opacity":1,"edgeAntialiasingMask":251658240,"height":46.00000083446503,"hidden":false,"anchorPoint":{"pointX":0.3501870966743744,"pointY":-1.810993981939404}},"layers":[{"animations":[{"timeOffset":0,"beginTime":1e-100,"repeatCount":0,"animations":[{"timeOffset":0,"from":{"scalar":true},"beginTime":0,"repeatCount":0,"fillMode":"removed","property":"hidden","autoreverses":false,"duration":0.3961538461538461,"to":{"scalar":true}},{"timeOffset":0,"from":{"scalar":false},"beginTime":0.3961538461538461,"repeatCount":0,"fillMode":"forwards","property":"hidden","autoreverses":false,"duration":0.6038461538461539,"to":{"scalar":false}}],"fillMode":"both","autoreverses":false,"duration":1}],"layers":[],"initialState":{"affineTransform":[1,0,0,1,0,0],"masksToBounds":false,"rotation":0,"scale":1,"position":{"pointX":225.0157165527344,"pointY":23.69427531957626},"width":17,"sublayerTransform":[1,0,0,0,0,1,0,0,0,0,1,0,0,0,0,1],"contentsRect":{"y":0,"x":0,"width":1,"height":1},"opacity":1,"edgeAntialiasingMask":0,"height":28,"hidden":true,"anchorPoint":{"pointX":0.5,"pointY":0.5}},"texture":"530DBEE3CE0CD1BB26BD5876684E38A2"}]},{"animations":[],"initialState":{"affineTransform":[1,0,0,1,0,0],"masksToBounds":false,"rotation":0,"scale":1,"position":{"pointX":238.5157165527344,"pointY":-83.30572468042374},"width":681.1093807220459,"sublayerTransform":[1,0,0,0,0,1,0,0,0,0,1,-0.0004922987690640373,0,0,0,1],"contentsRect":{"y":0,"x":0,"width":1,"height":1},"opacity":1,"edgeAntialiasingMask":251658240,"height":46.00000083446503,"hidden":false,"anchorPoint":{"pointX":0.3501870966743744,"pointY":-1.810993981939404}},"layers":[{"animations":[{"timeOffset":0,"beginTime":1e-100,"repeatCount":0,"animations":[{"timeOffset":0,"from":{"scalar":true},"beginTime":0,"repeatCount":0,"fillMode":"removed","property":"hidden","autoreverses":false,"duration":0.4307692307692308,"to":{"scalar":true}},{"timeOffset":0,"from":{"scalar":false},"beginTime":0.4307692307692308,"repeatCount":0,"fillMode":"forwards","property":"hidden","autoreverses":false,"duration":0.5692307692307692,"to":{"scalar":false}}],"fillMode":"both","autoreverses":false,"duration":1}],"layers":[],"initialState":{"affineTransform":[1,0,0,1,0,0],"masksToBounds":false,"rotation":0,"scale":1,"position":{"pointX":244.0157165527344,"pointY":24.19427531957626},"width":17,"sublayerTransform":[1,0,0,0,0,1,0,0,0,0,1,0,0,0,0,1],"contentsRect":{"y":0,"x":0,"width":1,"height":1},"opacity":1,"edgeAntialiasingMask":0,"height":25,"hidden":true,"anchorPoint":{"pointX":0.5,"pointY":0.5}},"texture":"3554E497C5E25153E405969B1CCEF89C"}]},{"animations":[],"initialState":{"affineTransform":[1,0,0,1,0,0],"masksToBounds":false,"rotation":0,"scale":1,"position":{"pointX":238.5157165527344,"pointY":-83.30572468042374},"width":681.1093807220459,"sublayerTransform":[1,0,0,0,0,1,0,0,0,0,1,-0.0004922987690640373,0,0,0,1],"contentsRect":{"y":0,"x":0,"width":1,"height":1},"opacity":1,"edgeAntialiasingMask":251658240,"height":46.00000083446503,"hidden":false,"anchorPoint":{"pointX":0.3501870966743744,"pointY":-1.810993981939404}},"layers":[{"animations":[{"timeOffset":0,"beginTime":1e-100,"repeatCount":0,"animations":[{"timeOffset":0,"from":{"scalar":true},"beginTime":0,"repeatCount":0,"fillMode":"removed","property":"hidden","autoreverses":false,"duration":0.4653846153846154,"to":{"scalar":true}},{"timeOffset":0,"from":{"scalar":false},"beginTime":0.4653846153846154,"repeatCount":0,"fillMode":"forwards","property":"hidden","autoreverses":false,"duration":0.5346153846153846,"to":{"scalar":false}}],"fillMode":"both","autoreverses":false,"duration":1}],"layers":[],"initialState":{"affineTransform":[1,0,0,1,0,0],"masksToBounds":false,"rotation":0,"scale":1,"position":{"pointX":263.5157165527344,"pointY":16.69427531957626},"width":12,"sublayerTransform":[1,0,0,0,0,1,0,0,0,0,1,0,0,0,0,1],"contentsRect":{"y":0,"x":0,"width":1,"height":1},"opacity":1,"edgeAntialiasingMask":0,"height":12,"hidden":true,"anchorPoint":{"pointX":0.5,"pointY":0.5}},"texture":"78A4F8964FAED83DB62206C3DFB46ADA"}]},{"animations":[],"initialState":{"affineTransform":[1,0,0,1,0,0],"masksToBounds":false,"rotation":0,"scale":1,"position":{"pointX":238.5157165527344,"pointY":-83.30572468042374},"width":681.1093807220459,"sublayerTransform":[1,0,0,0,0,1,0,0,0,0,1,-0.0004922987690640373,0,0,0,1],"contentsRect":{"y":0,"x":0,"width":1,"height":1},"opacity":1,"edgeAntialiasingMask":251658240,"height":46.00000083446503,"hidden":false,"anchorPoint":{"pointX":0.3501870966743744,"pointY":-1.810993981939404}},"layers":[{"animations":[{"timeOffset":0,"beginTime":1e-100,"repeatCount":0,"animations":[{"timeOffset":0,"from":{"scalar":true},"beginTime":0,"repeatCount":0,"fillMode":"removed","property":"hidden","autoreverses":false,"duration":0.5,"to":{"scalar":true}},{"timeOffset":0,"from":{"scalar":false},"beginTime":0.5,"repeatCount":0,"fillMode":"forwards","property":"hidden","autoreverses":false,"duration":0.5,"to":{"scalar":false}}],"fillMode":"both","autoreverses":false,"duration":1}],"layers":[],"initialState":{"affineTransform":[1,0,0,1,0,0],"masksToBounds":false,"rotation":0,"scale":1,"position":{"pointX":282.0157165527344,"pointY":24.19427531957626},"width":21,"sublayerTransform":[1,0,0,0,0,1,0,0,0,0,1,0,0,0,0,1],"contentsRect":{"y":0,"x":0,"width":1,"height":1},"opacity":1,"edgeAntialiasingMask":0,"height":19,"hidden":true,"anchorPoint":{"pointX":0.5,"pointY":0.5}},"texture":"A4D4DF2C2C2F462547EFDD63FF84F599"}]},{"animations":[],"initialState":{"affineTransform":[1,0,0,1,0,0],"masksToBounds":false,"rotation":0,"scale":1,"position":{"pointX":238.5157165527344,"pointY":-83.30572468042374},"width":681.1093807220459,"sublayerTransform":[1,0,0,0,0,1,0,0,0,0,1,-0.0004922987690640373,0,0,0,1],"contentsRect":{"y":0,"x":0,"width":1,"height":1},"opacity":1,"edgeAntialiasingMask":251658240,"height":46.00000083446503,"hidden":false,"anchorPoint":{"pointX":0.3501870966743744,"pointY":-1.810993981939404}},"layers":[{"animations":[{"timeOffset":0,"beginTime":1e-100,"repeatCount":0,"animations":[{"timeOffset":0,"from":{"scalar":true},"beginTime":0,"repeatCount":0,"fillMode":"removed","property":"hidden","autoreverses":false,"duration":0.5346153846153847,"to":{"scalar":true}},{"timeOffset":0,"from":{"scalar":false},"beginTime":0.5346153846153847,"repeatCount":0,"fillMode":"forwards","property":"hidden","autoreverses":false,"duration":0.4653846153846153,"to":{"scalar":false}}],"fillMode":"both","autoreverses":false,"duration":1}],"layers":[],"initialState":{"affineTransform":[1,0,0,1,0,0],"masksToBounds":false,"rotation":0,"scale":1,"position":{"pointX":320.5157165527344,"pointY":27.19427531957626},"width":20,"sublayerTransform":[1,0,0,0,0,1,0,0,0,0,1,0,0,0,0,1],"contentsRect":{"y":0,"x":0,"width":1,"height":1},"opacity":1,"edgeAntialiasingMask":0,"height":19,"hidden":true,"anchorPoint":{"pointX":0.5,"pointY":0.5}},"texture":"D008ACCEC51EDAC804044ADD282032FB"}]},{"animations":[],"initialState":{"affineTransform":[1,0,0,1,0,0],"masksToBounds":false,"rotation":0,"scale":1,"position":{"pointX":238.5157165527344,"pointY":-83.30572468042374},"width":681.1093807220459,"sublayerTransform":[1,0,0,0,0,1,0,0,0,0,1,-0.0004922987690640373,0,0,0,1],"contentsRect":{"y":0,"x":0,"width":1,"height":1},"opacity":1,"edgeAntialiasingMask":251658240,"height":46.00000083446503,"hidden":false,"anchorPoint":{"pointX":0.3501870966743744,"pointY":-1.810993981939404}},"layers":[{"animations":[{"timeOffset":0,"beginTime":1e-100,"repeatCount":0,"animations":[{"timeOffset":0,"from":{"scalar":true},"beginTime":0,"repeatCount":0,"fillMode":"removed","property":"hidden","autoreverses":false,"duration":0.5692307692307693,"to":{"scalar":true}},{"timeOffset":0,"from":{"scalar":false},"beginTime":0.5692307692307693,"repeatCount":0,"fillMode":"forwards","property":"hidden","autoreverses":false,"duration":0.4307692307692307,"to":{"scalar":false}}],"fillMode":"both","autoreverses":false,"duration":1}],"layers":[],"initialState":{"affineTransform":[1,0,0,1,0,0],"masksToBounds":false,"rotation":0,"scale":1,"position":{"pointX":340.5157165527344,"pointY":23.69427531957626},"width":16,"sublayerTransform":[1,0,0,0,0,1,0,0,0,0,1,0,0,0,0,1],"contentsRect":{"y":0,"x":0,"width":1,"height":1},"opacity":1,"edgeAntialiasingMask":0,"height":28,"hidden":true,"anchorPoint":{"pointX":0.5,"pointY":0.5}},"texture":"BF2E7F3C28FE74406B2B810C24783623"}]},{"animations":[],"initialState":{"affineTransform":[1,0,0,1,0,0],"masksToBounds":false,"rotation":0,"scale":1,"position":{"pointX":238.5157165527344,"pointY":-83.30572468042374},"width":681.1093807220459,"sublayerTransform":[1,0,0,0,0,1,0,0,0,0,1,-0.0004922987690640373,0,0,0,1],"contentsRect":{"y":0,"x":0,"width":1,"height":1},"opacity":1,"edgeAntialiasingMask":251658240,"height":46.00000083446503,"hidden":false,"anchorPoint":{"pointX":0.3501870966743744,"pointY":-1.810993981939404}},"layers":[{"animations":[{"timeOffset":0,"beginTime":1e-100,"repeatCount":0,"animations":[{"timeOffset":0,"from":{"scalar":true},"beginTime":0,"repeatCount":0,"fillMode":"removed","property":"hidden","autoreverses":false,"duration":0.6038461538461539,"to":{"scalar":true}},{"timeOffset":0,"from":{"scalar":false},"beginTime":0.6038461538461539,"repeatCount":0,"fillMode":"forwards","property":"hidden","autoreverses":false,"duration":0.3961538461538461,"to":{"scalar":false}}],"fillMode":"both","autoreverses":false,"duration":1}],"layers":[],"initialState":{"affineTransform":[1,0,0,1,0,0],"masksToBounds":false,"rotation":0,"scale":1,"position":{"pointX":359.0157165527344,"pointY":24.19427531957626},"width":17,"sublayerTransform":[1,0,0,0,0,1,0,0,0,0,1,0,0,0,0,1],"contentsRect":{"y":0,"x":0,"width":1,"height":1},"opacity":1,"edgeAntialiasingMask":0,"height":25,"hidden":true,"anchorPoint":{"pointX":0.5,"pointY":0.5}},"texture":"6A65633719BF58C56F63922DF9CB09FF"}]},{"animations":[],"initialState":{"affineTransform":[1,0,0,1,0,0],"masksToBounds":false,"rotation":0,"scale":1,"position":{"pointX":238.5157165527344,"pointY":-83.30572468042374},"width":681.1093807220459,"sublayerTransform":[1,0,0,0,0,1,0,0,0,0,1,-0.0004922987690640373,0,0,0,1],"contentsRect":{"y":0,"x":0,"width":1,"height":1},"opacity":1,"edgeAntialiasingMask":251658240,"height":46.00000083446503,"hidden":false,"anchorPoint":{"pointX":0.3501870966743744,"pointY":-1.810993981939404}},"layers":[{"animations":[{"timeOffset":0,"beginTime":1e-100,"repeatCount":0,"animations":[{"timeOffset":0,"from":{"scalar":true},"beginTime":0,"repeatCount":0,"fillMode":"removed","property":"hidden","autoreverses":false,"duration":0.6384615384615385,"to":{"scalar":true}},{"timeOffset":0,"from":{"scalar":false},"beginTime":0.6384615384615385,"repeatCount":0,"fillMode":"forwards","property":"hidden","autoreverses":false,"duration":0.3615384615384615,"to":{"scalar":false}}],"fillMode":"both","autoreverses":false,"duration":1}],"layers":[],"initialState":{"affineTransform":[1,0,0,1,0,0],"masksToBounds":false,"rotation":0,"scale":1,"position":{"pointX":398.5157165527344,"pointY":27.19427531957626},"width":20,"sublayerTransform":[1,0,0,0,0,1,0,0,0,0,1,0,0,0,0,1],"contentsRect":{"y":0,"x":0,"width":1,"height":1},"opacity":1,"edgeAntialiasingMask":0,"height":19,"hidden":true,"anchorPoint":{"pointX":0.5,"pointY":0.5}},"texture":"2B9045BC1E68D19EE858ADE0F21E17A7"}]},{"animations":[],"initialState":{"affineTransform":[1,0,0,1,0,0],"masksToBounds":false,"rotation":0,"scale":1,"position":{"pointX":238.5157165527344,"pointY":-83.30572468042374},"width":681.1093807220459,"sublayerTransform":[1,0,0,0,0,1,0,0,0,0,1,-0.0004922987690640373,0,0,0,1],"contentsRect":{"y":0,"x":0,"width":1,"height":1},"opacity":1,"edgeAntialiasingMask":251658240,"height":46.00000083446503,"hidden":false,"anchorPoint":{"pointX":0.3501870966743744,"pointY":-1.810993981939404}},"layers":[{"animations":[{"timeOffset":0,"beginTime":1e-100,"repeatCount":0,"animations":[{"timeOffset":0,"from":{"scalar":true},"beginTime":0,"repeatCount":0,"fillMode":"removed","property":"hidden","autoreverses":false,"duration":0.6730769230769231,"to":{"scalar":true}},{"timeOffset":0,"from":{"scalar":false},"beginTime":0.6730769230769231,"repeatCount":0,"fillMode":"forwards","property":"hidden","autoreverses":false,"duration":0.3269230769230769,"to":{"scalar":false}}],"fillMode":"both","autoreverses":false,"duration":1}],"layers":[],"initialState":{"affineTransform":[1,0,0,1,0,0],"masksToBounds":false,"rotation":0,"scale":1,"position":{"pointX":436.5157165527344,"pointY":24.19427531957626},"width":18,"sublayerTransform":[1,0,0,0,0,1,0,0,0,0,1,0,0,0,0,1],"contentsRect":{"y":0,"x":0,"width":1,"height":1},"opacity":1,"edgeAntialiasingMask":0,"height":25,"hidden":true,"anchorPoint":{"pointX":0.5,"pointY":0.5}},"texture":"FC50FC24F7AD93EA762890D312956DE7"}]},{"animations":[],"initialState":{"affineTransform":[1,0,0,1,0,0],"masksToBounds":false,"rotation":0,"scale":1,"position":{"pointX":238.5157165527344,"pointY":-83.30572468042374},"width":681.1093807220459,"sublayerTransform":[1,0,0,0,0,1,0,0,0,0,1,-0.0004922987690640373,0,0,0,1],"contentsRect":{"y":0,"x":0,"width":1,"height":1},"opacity":1,"edgeAntialiasingMask":251658240,"height":46.00000083446503,"hidden":false,"anchorPoint":{"pointX":0.3501870966743744,"pointY":-1.810993981939404}},"layers":[{"animations":[{"timeOffset":0,"beginTime":1e-100,"repeatCount":0,"animations":[{"timeOffset":0,"from":{"scalar":true},"beginTime":0,"repeatCount":0,"fillMode":"removed","property":"hidden","autoreverses":false,"duration":0.7076923076923077,"to":{"scalar":true}},{"timeOffset":0,"from":{"scalar":false},"beginTime":0.7076923076923077,"repeatCount":0,"fillMode":"forwards","property":"hidden","autoreverses":false,"duration":0.2923076923076923,"to":{"scalar":false}}],"fillMode":"both","autoreverses":false,"duration":1}],"layers":[],"initialState":{"affineTransform":[1,0,0,1,0,0],"masksToBounds":false,"rotation":0,"scale":1,"position":{"pointX":475.0157165527344,"pointY":24.19427531957626},"width":21,"sublayerTransform":[1,0,0,0,0,1,0,0,0,0,1,0,0,0,0,1],"contentsRect":{"y":0,"x":0,"width":1,"height":1},"opacity":1,"edgeAntialiasingMask":0,"height":25,"hidden":true,"anchorPoint":{"pointX":0.5,"pointY":0.5}},"texture":"8AFE6E1C3C026E04B70D88475B6447B0"}]},{"animations":[],"initialState":{"affineTransform":[1,0,0,1,0,0],"masksToBounds":false,"rotation":0,"scale":1,"position":{"pointX":238.5157165527344,"pointY":-83.30572468042374},"width":681.1093807220459,"sublayerTransform":[1,0,0,0,0,1,0,0,0,0,1,-0.0004922987690640373,0,0,0,1],"contentsRect":{"y":0,"x":0,"width":1,"height":1},"opacity":1,"edgeAntialiasingMask":251658240,"height":46.00000083446503,"hidden":false,"anchorPoint":{"pointX":0.3501870966743744,"pointY":-1.810993981939404}},"layers":[{"animations":[{"timeOffset":0,"beginTime":1e-100,"repeatCount":0,"animations":[{"timeOffset":0,"from":{"scalar":true},"beginTime":0,"repeatCount":0,"fillMode":"removed","property":"hidden","autoreverses":false,"duration":0.7423076923076923,"to":{"scalar":true}},{"timeOffset":0,"from":{"scalar":false},"beginTime":0.7423076923076923,"repeatCount":0,"fillMode":"forwards","property":"hidden","autoreverses":false,"duration":0.2576923076923077,"to":{"scalar":false}}],"fillMode":"both","autoreverses":false,"duration":1}],"layers":[],"initialState":{"affineTransform":[1,0,0,1,0,0],"masksToBounds":false,"rotation":0,"scale":1,"position":{"pointX":512.0157165527344,"pointY":27.19427531957626},"width":19,"sublayerTransform":[1,0,0,0,0,1,0,0,0,0,1,0,0,0,0,1],"contentsRect":{"y":0,"x":0,"width":1,"height":1},"opacity":1,"edgeAntialiasingMask":0,"height":19,"hidden":true,"anchorPoint":{"pointX":0.5,"pointY":0.5}},"texture":"1C6175997A45052A796F92559E8CFD48"}]},{"animations":[],"initialState":{"affineTransform":[1,0,0,1,0,0],"masksToBounds":false,"rotation":0,"scale":1,"position":{"pointX":238.5157165527344,"pointY":-83.30572468042374},"width":681.1093807220459,"sublayerTransform":[1,0,0,0,0,1,0,0,0,0,1,-0.0004922987690640373,0,0,0,1],"contentsRect":{"y":0,"x":0,"width":1,"height":1},"opacity":1,"edgeAntialiasingMask":251658240,"height":46.00000083446503,"hidden":false,"anchorPoint":{"pointX":0.3501870966743744,"pointY":-1.810993981939404}},"layers":[{"animations":[{"timeOffset":0,"beginTime":1e-100,"repeatCount":0,"animations":[{"timeOffset":0,"from":{"scalar":true},"beginTime":0,"repeatCount":0,"fillMode":"removed","property":"hidden","autoreverses":false,"duration":0.776923076923077,"to":{"scalar":true}},{"timeOffset":0,"from":{"scalar":false},"beginTime":0.776923076923077,"repeatCount":0,"fillMode":"forwards","property":"hidden","autoreverses":false,"duration":0.223076923076923,"to":{"scalar":false}}],"fillMode":"both","autoreverses":false,"duration":1}],"layers":[],"initialState":{"affineTransform":[1,0,0,1,0,0],"masksToBounds":false,"rotation":0,"scale":1,"position":{"pointX":551.5157165527344,"pointY":27.19427531957626},"width":20,"sublayerTransform":[1,0,0,0,0,1,0,0,0,0,1,0,0,0,0,1],"contentsRect":{"y":0,"x":0,"width":1,"height":1},"opacity":1,"edgeAntialiasingMask":0,"height":19,"hidden":true,"anchorPoint":{"pointX":0.5,"pointY":0.5}},"texture":"88523BD4466DD6F79D7CD90AC0CC5D9A"}]},{"animations":[],"initialState":{"affineTransform":[1,0,0,1,0,0],"masksToBounds":false,"rotation":0,"scale":1,"position":{"pointX":238.5157165527344,"pointY":-83.30572468042374},"width":681.1093807220459,"sublayerTransform":[1,0,0,0,0,1,0,0,0,0,1,-0.0004922987690640373,0,0,0,1],"contentsRect":{"y":0,"x":0,"width":1,"height":1},"opacity":1,"edgeAntialiasingMask":251658240,"height":46.00000083446503,"hidden":false,"anchorPoint":{"pointX":0.3501870966743744,"pointY":-1.810993981939404}},"layers":[{"animations":[{"timeOffset":0,"beginTime":1e-100,"repeatCount":0,"animations":[{"timeOffset":0,"from":{"scalar":true},"beginTime":0,"repeatCount":0,"fillMode":"removed","property":"hidden","autoreverses":false,"duration":0.8115384615384617,"to":{"scalar":true}},{"timeOffset":0,"from":{"scalar":false},"beginTime":0.8115384615384617,"repeatCount":0,"fillMode":"forwards","property":"hidden","autoreverses":false,"duration":0.1884615384615383,"to":{"scalar":false}}],"fillMode":"both","autoreverses":false,"duration":1}],"layers":[],"initialState":{"affineTransform":[1,0,0,1,0,0],"masksToBounds":false,"rotation":0,"scale":1,"position":{"pointX":590.5157165527344,"pointY":30.19427531957626},"width":20,"sublayerTransform":[1,0,0,0,0,1,0,0,0,0,1,0,0,0,0,1],"contentsRect":{"y":0,"x":0,"width":1,"height":1},"opacity":1,"edgeAntialiasingMask":0,"height":25,"hidden":true,"anchorPoint":{"pointX":0.5,"pointY":0.5}},"texture":"B8AE942CD4D70801F67FFBD42638A24E"}]},{"animations":[],"initialState":{"affineTransform":[1,0,0,1,0,0],"masksToBounds":false,"rotation":0,"scale":1,"position":{"pointX":238.5157165527344,"pointY":-83.30572468042374},"width":681.1093807220459,"sublayerTransform":[1,0,0,0,0,1,0,0,0,0,1,-0.0004922987690640373,0,0,0,1],"contentsRect":{"y":0,"x":0,"width":1,"height":1},"opacity":1,"edgeAntialiasingMask":251658240,"height":46.00000083446503,"hidden":false,"anchorPoint":{"pointX":0.3501870966743744,"pointY":-1.810993981939404}},"layers":[{"animations":[{"timeOffset":0,"beginTime":1e-100,"repeatCount":0,"animations":[{"timeOffset":0,"from":{"scalar":true},"beginTime":0,"repeatCount":0,"fillMode":"removed","property":"hidden","autoreverses":false,"duration":0.8461538461538463,"to":{"scalar":true}},{"timeOffset":0,"from":{"scalar":false},"beginTime":0.8461538461538463,"repeatCount":0,"fillMode":"forwards","property":"hidden","autoreverses":false,"duration":0.1538461538461537,"to":{"scalar":false}}],"fillMode":"both","autoreverses":false,"duration":1}],"layers":[],"initialState":{"affineTransform":[1,0,0,1,0,0],"masksToBounds":false,"rotation":0,"scale":1,"position":{"pointX":609.0157165527344,"pointY":23.69427531957626},"width":17,"sublayerTransform":[1,0,0,0,0,1,0,0,0,0,1,0,0,0,0,1],"contentsRect":{"y":0,"x":0,"width":1,"height":1},"opacity":1,"edgeAntialiasingMask":0,"height":28,"hidden":true,"anchorPoint":{"pointX":0.5,"pointY":0.5}},"texture":"E1DA3F90A133D5F424C895AB79BBB53F"}]},{"animations":[],"initialState":{"affineTransform":[1,0,0,1,0,0],"masksToBounds":false,"rotation":0,"scale":1,"position":{"pointX":238.5157165527344,"pointY":-83.30572468042374},"width":681.1093807220459,"sublayerTransform":[1,0,0,0,0,1,0,0,0,0,1,-0.0004922987690640373,0,0,0,1],"contentsRect":{"y":0,"x":0,"width":1,"height":1},"opacity":1,"edgeAntialiasingMask":251658240,"height":46.00000083446503,"hidden":false,"anchorPoint":{"pointX":0.3501870966743744,"pointY":-1.810993981939404}},"layers":[{"animations":[{"timeOffset":0,"beginTime":1e-100,"repeatCount":0,"animations":[{"timeOffset":0,"from":{"scalar":true},"beginTime":0,"repeatCount":0,"fillMode":"removed","property":"hidden","autoreverses":false,"duration":0.8807692307692309,"to":{"scalar":true}},{"timeOffset":0,"from":{"scalar":false},"beginTime":0.8807692307692309,"repeatCount":0,"fillMode":"forwards","property":"hidden","autoreverses":false,"duration":0.1192307692307691,"to":{"scalar":false}}],"fillMode":"both","autoreverses":false,"duration":1}],"layers":[],"initialState":{"affineTransform":[1,0,0,1,0,0],"masksToBounds":false,"rotation":0,"scale":1,"position":{"pointX":628.0157165527344,"pointY":24.19427531957626},"width":17,"sublayerTransform":[1,0,0,0,0,1,0,0,0,0,1,0,0,0,0,1],"contentsRect":{"y":0,"x":0,"width":1,"height":1},"opacity":1,"edgeAntialiasingMask":0,"height":25,"hidden":true,"anchorPoint":{"pointX":0.5,"pointY":0.5}},"texture":"904F46F33A865C3554AE88EEC4737BA7"}]},{"animations":[],"initialState":{"affineTransform":[1,0,0,1,0,0],"masksToBounds":false,"rotation":0,"scale":1,"position":{"pointX":238.5157165527344,"pointY":-83.30572468042374},"width":681.1093807220459,"sublayerTransform":[1,0,0,0,0,1,0,0,0,0,1,-0.0004922987690640373,0,0,0,1],"contentsRect":{"y":0,"x":0,"width":1,"height":1},"opacity":1,"edgeAntialiasingMask":251658240,"height":46.00000083446503,"hidden":false,"anchorPoint":{"pointX":0.3501870966743744,"pointY":-1.810993981939404}},"layers":[{"animations":[{"timeOffset":0,"beginTime":1e-100,"repeatCount":0,"animations":[{"timeOffset":0,"from":{"scalar":true},"beginTime":0,"repeatCount":0,"fillMode":"removed","property":"hidden","autoreverses":false,"duration":0.9153846153846155,"to":{"scalar":true}},{"timeOffset":0,"from":{"scalar":false},"beginTime":0.9153846153846155,"repeatCount":0,"fillMode":"forwards","property":"hidden","autoreverses":false,"duration":0.08461538461538454,"to":{"scalar":false}}],"fillMode":"both","autoreverses":false,"duration":1}],"layers":[],"initialState":{"affineTransform":[1,0,0,1,0,0],"masksToBounds":false,"rotation":0,"scale":1,"position":{"pointX":666.5157165527344,"pointY":27.69427531957626},"width":10,"sublayerTransform":[1,0,0,0,0,1,0,0,0,0,1,0,0,0,0,1],"contentsRect":{"y":0,"x":0,"width":1,"height":1},"opacity":1,"edgeAntialiasingMask":0,"height":28,"hidden":true,"anchorPoint":{"pointX":0.5,"pointY":0.5}},"texture":"DDAB343940D23EBCCE0304922FD8CBE3"}]}]},"effects":[{"beginTime":0,"baseLayer":{"animations":[],"initialState":{"affineTransform":[1,0,0,1,0,0],"masksToBounds":false,"rotation":0,"scale":1,"position":{"pointX":512,"pointY":593.9710693359375},"width":434,"sublayerTransform":[1,0,0,0,0,1,0,0,0,0,1,0,0,0,0,1],"contentsRect":{"y":0,"x":0,"width":1,"height":1},"opacity":1,"edgeAntialiasingMask":251658240,"height":115,"hidden":false,"anchorPoint":{"pointX":0.5,"pointY":0.5}},"objectID":"3C453BF3-20AE-423C-8A07-95159D77CF4C","layers":[{"animations":[],"initialState":{"affineTransform":[1,0,0,1,0,0],"masksToBounds":false,"rotation":0,"scale":1,"position":{"pointX":217,"pointY":-152.4710693359375},"width":434,"sublayerTransform":[1,0,0,0,0,1,0,0,0,0,1,-0.0004922987690640373,0,0,0,1],"contentsRect":{"y":0,"x":0,"width":1,"height":1},"opacity":1,"edgeAntialiasingMask":251658240,"height":115,"hidden":false,"anchorPoint":{"pointX":0.5,"pointY":-1.325835385529891}},"layers":[{"animations":[{"timeOffset":0,"beginTime":1e-100,"repeatCount":0,"animations":[{"timeOffset":0,"from":{"scalar":0},"beginTime":0,"repeatCount":0,"fillMode":"both","duration":1,"autoreverses":false,"timingFunction":"EaseInEaseOut","property":"opacity","to":{"scalar":1}},{"timeOffset":0,"from":{"scalar":false},"beginTime":0,"repeatCount":0,"fillMode":"forwards","property":"hidden","autoreverses":false,"duration":1,"to":{"scalar":false}}],"fillMode":"both","autoreverses":false,"duration":1}],"layers":[],"initialState":{"affineTransform":[1,0,0,1,0,0],"masksToBounds":false,"rotation":0,"scale":1,"position":{"pointX":217,"pointY":57.5289306640625},"width":436,"sublayerTransform":[1,0,0,0,0,1,0,0,0,0,1,0,0,0,0,1],"contentsRect":{"y":0,"x":0,"width":1,"height":1},"opacity":1,"edgeAntialiasingMask":0,"height":118,"hidden":true,"anchorPoint":{"pointX":0.5,"pointY":0.5}},"texture":"D6461B65676706B38107188C807250DE"}]}]},"effects":[],"duration":1,"type":"buildIn","name":"apple:dissolve","objectID":"3C453BF3-20AE-423C-8A07-95159D77CF4C"},{"beginTime":0.5,"baseLayer":{"animations":[],"initialState":{"affineTransform":[1,0,0,1,0,0],"masksToBounds":false,"rotation":0,"scale":1,"position":{"pointX":515.6659317016602,"pointY":593.9710731506348},"width":234.9518585205078,"sublayerTransform":[1,0,0,0,0,1,0,0,0,0,1,0,0,0,0,1],"contentsRect":{"y":0,"x":0,"width":1,"height":1},"opacity":1,"edgeAntialiasingMask":251658240,"height":115.0000076293945,"hidden":false,"anchorPoint":{"pointX":0.5,"pointY":0.5}},"objectID":"37BBE5EC-5FC0-4785-A9E7-C664D6FF6C01","layers":[{"animations":[],"initialState":{"affineTransform":[1,0,0,1,0,0],"masksToBounds":false,"rotation":0,"scale":1,"position":{"pointX":113.8099975585938,"pointY":-152.4710693359375},"width":234.9518585205078,"sublayerTransform":[1,0,0,0,0,1,0,0,0,0,1,-0.0004922987690640373,0,0,0,1],"contentsRect":{"y":0,"x":0,"width":1,"height":1},"opacity":1,"edgeAntialiasingMask":251658240,"height":115.0000076293945,"hidden":false,"anchorPoint":{"pointX":0.4843970942611626,"pointY":-1.325835297570582}},"layers":[{"animations":[{"timeOffset":0,"beginTime":0.5,"repeatCount":0,"animations":[{"timeOffset":0,"from":{"scalar":0},"beginTime":0,"repeatCount":0,"fillMode":"both","duration":1,"autoreverses":false,"timingFunction":"EaseInEaseOut","property":"opacity","to":{"scalar":1}},{"timeOffset":0,"from":{"scalar":false},"beginTime":0,"repeatCount":0,"fillMode":"forwards","property":"hidden","autoreverses":false,"duration":1,"to":{"scalar":false}}],"fillMode":"both","autoreverses":false,"duration":1}],"layers":[],"initialState":{"affineTransform":[1,0,0,1,0,0],"masksToBounds":false,"rotation":0,"scale":1,"position":{"pointX":117.8099975585938,"pointY":57.5289306640625},"width":238,"sublayerTransform":[1,0,0,0,0,1,0,0,0,0,1,0,0,0,0,1],"contentsRect":{"y":0,"x":0,"width":1,"height":1},"opacity":1,"edgeAntialiasingMask":0,"height":118,"hidden":true,"anchorPoint":{"pointX":0.5,"pointY":0.5}},"texture":"C69BC753CBD905CC20E98640F858A59F"}]}]},"effects":[],"duration":1,"type":"buildIn","name":"apple:dissolve","objectID":"37BBE5EC-5FC0-4785-A9E7-C664D6FF6C01"}],"duration":1,"type":"buildIn","name":"apple:bc-typewriter","objectID":"2163A4DD-5A7E-4CFE-8E2E-47CB8F2A84AE"}],"duration":1,"type":"buildIn","name":"apple:dissolve character","objectID":"713B8423-1C8D-4371-9F1C-F0A7C09B41ED"}],"automaticPlay":false,"hyperlinks":[],"accessibility":[{"text":"Guido Music Notation Language","targetRectangle":{"y":720.5918582081795,"x":366.2300028800964,"width":291.54,"height":27}},{"text":"￼","targetRectangle":{"y":721.5918579101562,"x":30.26875245571136,"width":20.016,"height":25}},{"text":"pasted-image.tif","targetRectangle":{"y":-319.1939392089844,"x":-285.0513916015625,"width":236,"height":101}},{"text":"Almost of the layout is automatically computed by the Guido engine : ","targetRectangle":{"y":127.8596496582031,"x":66.59853363037109,"width":861.3079999999999,"height":104}},{"text":"- stems direction,","targetRectangle":{"y":231.8596496582031,"x":102.5985336303711,"width":291.954,"height":52}},{"text":"beaming,","targetRectangle":{"y":283.8596496582031,"x":138.5429775714874,"width":160.474,"height":52}},{"text":"barlines,","targetRectangle":{"y":335.8596496582031,"x":138.5429775714874,"width":142.804,"height":52}},{"text":"etc.","targetRectangle":{"y":387.8596496582031,"x":138.5429775714874,"width":62.624,"height":52}},{"text":"Automatic and manual layout","targetRectangle":{"y":42,"x":73.38327026367188,"width":678.2500000000001,"height":68}}],"baseLayer":{"animations":[],"initialState":{"affineTransform":[1,0,0,1,0,0],"masksToBounds":false,"rotation":0,"scale":1,"position":{"pointX":512,"pointY":384},"width":1024,"sublayerTransform":[1,0,0,0,0,1,0,0,0,0,1,0,0,0,0,1],"contentsRect":{"y":0,"x":0,"width":1,"height":1},"opacity":1,"edgeAntialiasingMask":251658240,"height":768,"hidden":false,"anchorPoint":{"pointX":0.5,"pointY":0.5}},"layers":[{"animations":[],"initialState":{"affineTransform":[1,0,0,1,0,0],"masksToBounds":false,"rotation":0,"scale":1,"position":{"pointX":512,"pointY":384},"width":1024,"sublayerTransform":[1,0,0,0,0,1,0,0,0,0,1,0,0,0,0,1],"contentsRect":{"y":0,"x":0,"width":1,"height":1},"opacity":1,"edgeAntialiasingMask":251658240,"height":768,"hidden":false,"anchorPoint":{"pointX":0.5,"pointY":0.5}},"layers":[{"animations":[],"initialState":{"affineTransform":[1,0,0,1,0,0],"masksToBounds":false,"rotation":0,"scale":1,"position":{"pointX":512,"pointY":384},"width":1024,"sublayerTransform":[1,0,0,0,0,1,0,0,0,0,1,0,0,0,0,1],"contentsRect":{"y":0,"x":0,"width":1,"height":1},"opacity":1,"edgeAntialiasingMask":251658240,"height":768,"hidden":false,"anchorPoint":{"pointX":0.5,"pointY":0.5}},"layers":[{"animations":[],"layers":[],"initialState":{"affineTransform":[1,0,0,1,0,0],"masksToBounds":false,"rotation":0,"scale":1,"position":{"pointX":512,"pointY":384},"width":1024,"sublayerTransform":[1,0,0,0,0,1,0,0,0,0,1,0,0,0,0,1],"contentsRect":{"y":0,"x":0,"width":1,"height":1},"opacity":1,"edgeAntialiasingMask":0,"height":768,"hidden":false,"anchorPoint":{"pointX":0.5,"pointY":0.5}},"texture":"DB8451458D98EFA7506DBEBC2B1323F0"}]}]},{"animations":[],"initialState":{"affineTransform":[1,0,0,1,0,0],"masksToBounds":false,"rotation":0,"scale":1,"position":{"pointX":512,"pointY":384},"width":1024,"sublayerTransform":[1,0,0,0,0,1,0,0,0,0,1,0,0,0,0,1],"contentsRect":{"y":0,"x":0,"width":1,"height":1},"opacity":1,"edgeAntialiasingMask":251658240,"height":768,"hidden":false,"anchorPoint":{"pointX":0.5,"pointY":0.5}},"layers":[{"animations":[],"initialState":{"affineTransform":[1,0,0,1,0,0],"masksToBounds":false,"rotation":0,"scale":1,"position":{"pointX":512,"pointY":734.0918579101562},"width":300.5399942398071,"sublayerTransform":[1,0,0,0,0,1,0,0,0,0,1,0,0,0,0,1],"contentsRect":{"y":0,"x":0,"width":1,"height":1},"opacity":1,"edgeAntialiasingMask":251658240,"height":34.99999940395355,"hidden":false,"anchorPoint":{"pointX":0.5,"pointY":0.5}},"objectID":"F0819768-63D4-4A98-95FB-4BC9F675CE66","layers":[{"animations":[],"layers":[],"initialState":{"affineTransform":[1,0,0,1,0,0],"masksToBounds":false,"rotation":0,"scale":1,"position":{"pointX":150.2699971199036,"pointY":18.40814179182053},"width":294,"sublayerTransform":[1,0,0,0,0,1,0,0,0,0,1,0,0,0,0,1],"contentsRect":{"y":0,"x":0,"width":1,"height":1},"opacity":1,"edgeAntialiasingMask":0,"height":24,"hidden":false,"anchorPoint":{"pointX":0.5,"pointY":0.5}},"texture":"DEB9769EDE936497E12533FDEF940264"}]}]},{"animations":[],"initialState":{"affineTransform":[1,0,0,1,0,0],"masksToBounds":false,"rotation":0,"scale":1,"position":{"pointX":512,"pointY":384},"width":1024,"sublayerTransform":[1,0,0,0,0,1,0,0,0,0,1,0,0,0,0,1],"contentsRect":{"y":0,"x":0,"width":1,"height":1},"opacity":1,"edgeAntialiasingMask":251658240,"height":768,"hidden":false,"anchorPoint":{"pointX":0.5,"pointY":0.5}},"layers":[{"animations":[],"initialState":{"affineTransform":[1,0,0,1,0,0],"masksToBounds":false,"rotation":0,"scale":1,"position":{"pointX":511.8040823936462,"pointY":69.49999928474426},"width":884.8416242599487,"sublayerTransform":[1,0,0,0,0,1,0,0,0,0,1,0,0,0,0,1],"contentsRect":{"y":0,"x":0,"width":1,"height":1},"opacity":1,"edgeAntialiasingMask":251658240,"height":88.99999856948853,"hidden":false,"anchorPoint":{"pointX":0.5,"pointY":0.5}},"objectID":"22932D21-80CA-4286-A363-586A9696ACFE","layers":[{"animations":[],"layers":[],"initialState":{"affineTransform":[1,0,0,1,0,0],"masksToBounds":false,"rotation":0,"scale":1,"position":{"pointX":342.6167297363281,"pointY":53.5},"width":682,"sublayerTransform":[1,0,0,0,0,1,0,0,0,0,1,0,0,0,0,1],"contentsRect":{"y":0,"x":0,"width":1,"height":1},"opacity":1,"edgeAntialiasingMask":0,"height":53,"hidden":false,"anchorPoint":{"pointX":0.5,"pointY":0.5}},"texture":"88C3529A2641C9C82331E6975D55C7BC"}]}]},{"animations":[],"initialState":{"affineTransform":[1,0,0,1,0,0],"masksToBounds":false,"rotation":0,"scale":1,"position":{"pointX":512,"pointY":384},"width":1024,"sublayerTransform":[1,0,0,0,0,1,0,0,0,0,1,0,0,0,0,1],"contentsRect":{"y":0,"x":0,"width":1,"height":1},"opacity":1,"edgeAntialiasingMask":251658240,"height":768,"hidden":false,"anchorPoint":{"pointX":0.5,"pointY":0.5}},"layers":[{"animations":[],"initialState":{"affineTransform":[1,0,0,1,0,0],"masksToBounds":false,"rotation":0,"scale":1,"position":{"pointX":40.27675247192383,"pointY":734.0918585658073},"width":29.01600003242493,"sublayerTransform":[1,0,0,0,0,1,0,0,0,0,1,0,0,0,0,1],"contentsRect":{"y":0,"x":0,"width":1,"height":1},"opacity":1,"edgeAntialiasingMask":251658240,"height":33.00000131130219,"hidden":false,"anchorPoint":{"pointX":0.5,"pointY":0.5}},"objectID":"6B82C698-D2A4-4740-AB3D-74888D882DA0","layers":[{"animations":[],"layers":[],"initialState":{"affineTransform":[1,0,0,1,0,0],"masksToBounds":false,"rotation":0,"scale":1,"position":{"pointX":12.23124754428864,"pointY":15.90814208984375},"width":20,"sublayerTransform":[1,0,0,0,0,1,0,0,0,0,1,0,0,0,0,1],"contentsRect":{"y":0,"x":0,"width":1,"height":1},"opacity":1,"edgeAntialiasingMask":0,"height":17,"hidden":false,"anchorPoint":{"pointX":0.5,"pointY":0.5}},"texture":"3A67A76AD882A77F560139E27D5E5F60"}]}]},{"animations":[],"initialState":{"affineTransform":[1,0,0,1,0,0],"masksToBounds":false,"rotation":0,"scale":1,"position":{"pointX":512,"pointY":384},"width":1024,"sublayerTransform":[1,0,0,0,0,1,0,0,0,0,1,0,0,0,0,1],"contentsRect":{"y":0,"x":0,"width":1,"height":1},"opacity":1,"edgeAntialiasingMask":251658240,"height":768,"hidden":false,"anchorPoint":{"pointX":0.5,"pointY":0.5}},"layers":[{"animations":[],"initialState":{"affineTransform":[1,0,0,1,0,0],"masksToBounds":false,"rotation":0,"scale":1,"position":{"pointX":-167.0513916015625,"pointY":-268.6939392089844},"width":236,"sublayerTransform":[1,0,0,0,0,1,0,0,0,0,1,0,0,0,0,1],"contentsRect":{"y":0,"x":0,"width":1,"height":1},"opacity":1,"edgeAntialiasingMask":251658240,"height":101,"hidden":false,"anchorPoint":{"pointX":0.5,"pointY":0.5}},"objectID":"68532651-E122-4CEC-B8BE-BD7A5ABF2DA9","layers":[{"animations":[],"layers":[],"initialState":{"affineTransform":[1,0,0,1,0,0],"masksToBounds":false,"rotation":0,"scale":1,"position":{"pointX":117.5513916015625,"pointY":50.19393920898438},"width":239,"sublayerTransform":[1,0,0,0,0,1,0,0,0,0,1,0,0,0,0,1],"contentsRect":{"y":0,"x":0,"width":1,"height":1},"opacity":1,"edgeAntialiasingMask":0,"height":104,"hidden":false,"anchorPoint":{"pointX":0.5,"pointY":0.5}},"texture":"593E206575F248496DFDFB43E256EC77"}]}]},{"animations":[],"initialState":{"affineTransform":[1,0,0,1,0,0],"masksToBounds":false,"rotation":0,"scale":1,"position":{"pointX":512,"pointY":384},"width":1024,"sublayerTransform":[1,0,0,0,0,1,0,0,0,0,1,0,0,0,0,1],"contentsRect":{"y":0,"x":0,"width":1,"height":1},"opacity":1,"edgeAntialiasingMask":251658240,"height":768,"hidden":false,"anchorPoint":{"pointX":0.5,"pointY":0.5}},"layers":[{"animations":[],"initialState":{"affineTransform":[1,0,0,1,0,0],"masksToBounds":false,"rotation":0,"scale":1,"position":{"pointX":178.2138258218765,"pointY":490.305700302124},"width":217.6149990558624,"sublayerTransform":[1,0,0,0,0,1,0,0,0,0,1,0,0,0,0,1],"contentsRect":{"y":0,"x":0,"width":1,"height":1},"opacity":1,"edgeAntialiasingMask":251658240,"height":65.73469161987305,"hidden":false,"anchorPoint":{"pointX":0.5,"pointY":0.5}},"objectID":"713B8423-1C8D-4371-9F1C-F0A7C09B41ED","layers":[{"animations":[],"layers":[],"initialState":{"affineTransform":[1,0,0,1,0,0],"masksToBounds":false,"rotation":0,"scale":1,"position":{"pointX":78.09367370605469,"pointY":39.5616455078125},"width":145,"sublayerTransform":[1,0,0,0,0,1,0,0,0,0,1,0,0,0,0,1],"contentsRect":{"y":0,"x":0,"width":1,"height":1},"opacity":1,"edgeAntialiasingMask":0,"height":44,"hidden":true,"anchorPoint":{"pointX":0.5,"pointY":0.5}},"texture":"345461794FBE64BAB50EDDC5A7BF6103"}]}]},{"animations":[],"initialState":{"affineTransform":[1,0,0,1,0,0],"masksToBounds":false,"rotation":0,"scale":1,"position":{"pointX":512,"pointY":384},"width":1024,"sublayerTransform":[1,0,0,0,0,1,0,0,0,0,1,0,0,0,0,1],"contentsRect":{"y":0,"x":0,"width":1,"height":1},"opacity":1,"edgeAntialiasingMask":251658240,"height":768,"hidden":false,"anchorPoint":{"pointX":0.5,"pointY":0.5}},"layers":[{"animations":[],"initialState":{"affineTransform":[1,0,0,1,0,0],"masksToBounds":false,"rotation":0,"scale":1,"position":{"pointX":614.0389738082886,"pointY":490.3057250976562},"width":681.1093807220459,"sublayerTransform":[1,0,0,0,0,1,0,0,0,0,1,0,0,0,0,1],"contentsRect":{"y":0,"x":0,"width":1,"height":1},"opacity":1,"edgeAntialiasingMask":251658240,"height":46.00000083446503,"hidden":false,"anchorPoint":{"pointX":0.5,"pointY":0.5}},"objectID":"2163A4DD-5A7E-4CFE-8E2E-47CB8F2A84AE","layers":[{"animations":[],"layers":[],"initialState":{"affineTransform":[1,0,0,1,0,0],"masksToBounds":false,"rotation":0,"scale":1,"position":{"pointX":13.51571655273438,"pointY":27.69427531957626},"width":10,"sublayerTransform":[1,0,0,0,0,1,0,0,0,0,1,0,0,0,0,1],"contentsRect":{"y":0,"x":0,"width":1,"height":1},"opacity":1,"edgeAntialiasingMask":0,"height":28,"hidden":true,"anchorPoint":{"pointX":0.5,"pointY":0.5}},"texture":"A05374FC15F89E96F49BC55C615A7E10"},{"animations":[],"layers":[],"initialState":{"affineTransform":[1,0,0,1,0,0],"masksToBounds":false,"rotation":0,"scale":1,"position":{"pointX":51.51571655273438,"pointY":23.69427531957626},"width":16,"sublayerTransform":[1,0,0,0,0,1,0,0,0,0,1,0,0,0,0,1],"contentsRect":{"y":0,"x":0,"width":1,"height":1},"opacity":1,"edgeAntialiasingMask":0,"height":28,"hidden":true,"anchorPoint":{"pointX":0.5,"pointY":0.5}},"texture":"E4DDB646CF6A18FEE9F9E7C60BAA2829"},{"animations":[],"layers":[],"initialState":{"affineTransform":[1,0,0,1,0,0],"masksToBounds":false,"rotation":0,"scale":1,"position":{"pointX":71.51571655273438,"pointY":27.19427531957626},"width":24,"sublayerTransform":[1,0,0,0,0,1,0,0,0,0,1,0,0,0,0,1],"contentsRect":{"y":0,"x":0,"width":1,"height":1},"opacity":1,"edgeAntialiasingMask":0,"height":19,"hidden":true,"anchorPoint":{"pointX":0.5,"pointY":0.5}},"texture":"7361C30B265EE4004B571EDEA18FC030"},{"animations":[],"layers":[],"initialState":{"affineTransform":[1,0,0,1,0,0],"masksToBounds":false,"rotation":0,"scale":1,"position":{"pointX":90.51571655273438,"pointY":27.19427531957626},"width":20,"sublayerTransform":[1,0,0,0,0,1,0,0,0,0,1,0,0,0,0,1],"contentsRect":{"y":0,"x":0,"width":1,"height":1},"opacity":1,"edgeAntialiasingMask":0,"height":19,"hidden":true,"anchorPoint":{"pointX":0.5,"pointY":0.5}},"texture":"7C6F80DDD618AFA4515804EF1B51B7A2"},{"animations":[],"layers":[],"initialState":{"affineTransform":[1,0,0,1,0,0],"masksToBounds":false,"rotation":0,"scale":1,"position":{"pointX":109.5157165527344,"pointY":25.19427531957626},"width":20,"sublayerTransform":[1,0,0,0,0,1,0,0,0,0,1,0,0,0,0,1],"contentsRect":{"y":0,"x":0,"width":1,"height":1},"opacity":1,"edgeAntialiasingMask":0,"height":23,"hidden":true,"anchorPoint":{"pointX":0.5,"pointY":0.5}},"texture":"B0B544FF5FA66E0BF65615FDA5F4B48F"},{"animations":[],"layers":[],"initialState":{"affineTransform":[1,0,0,1,0,0],"masksToBounds":false,"rotation":0,"scale":1,"position":{"pointX":128.5157165527344,"pointY":27.19427531957626},"width":20,"sublayerTransform":[1,0,0,0,0,1,0,0,0,0,1,0,0,0,0,1],"contentsRect":{"y":0,"x":0,"width":1,"height":1},"opacity":1,"edgeAntialiasingMask":0,"height":19,"hidden":true,"anchorPoint":{"pointX":0.5,"pointY":0.5}},"texture":"AC4FAD8BBD499C805D7E1D629F29F768"},{"animations":[],"layers":[],"initialState":{"affineTransform":[1,0,0,1,0,0],"masksToBounds":false,"rotation":0,"scale":1,"position":{"pointX":148.5157165527344,"pointY":27.19427531957626},"width":20,"sublayerTransform":[1,0,0,0,0,1,0,0,0,0,1,0,0,0,0,1],"contentsRect":{"y":0,"x":0,"width":1,"height":1},"opacity":1,"edgeAntialiasingMask":0,"height":19,"hidden":true,"anchorPoint":{"pointX":0.5,"pointY":0.5}},"texture":"845B7F047A2C404DB168B13B6C5ADE68"},{"animations":[],"layers":[],"initialState":{"affineTransform":[1,0,0,1,0,0],"masksToBounds":false,"rotation":0,"scale":1,"position":{"pointX":166.5157165527344,"pointY":24.19427531957626},"width":20,"sublayerTransform":[1,0,0,0,0,1,0,0,0,0,1,0,0,0,0,1],"contentsRect":{"y":0,"x":0,"width":1,"height":1},"opacity":1,"edgeAntialiasingMask":0,"height":19,"hidden":true,"anchorPoint":{"pointX":0.5,"pointY":0.5}},"texture":"B3127EC15B4EA3583FE6F75ACE6EB51D"},{"animations":[],"layers":[],"initialState":{"affineTransform":[1,0,0,1,0,0],"masksToBounds":false,"rotation":0,"scale":1,"position":{"pointX":186.5157165527344,"pointY":16.69427531957626},"width":12,"sublayerTransform":[1,0,0,0,0,1,0,0,0,0,1,0,0,0,0,1],"contentsRect":{"y":0,"x":0,"width":1,"height":1},"opacity":1,"edgeAntialiasingMask":0,"height":12,"hidden":true,"anchorPoint":{"pointX":0.5,"pointY":0.5}},"texture":"E84DA220A3C1C52E9EE2F5EFF352F4AB"},{"animations":[],"layers":[],"initialState":{"affineTransform":[1,0,0,1,0,0],"masksToBounds":false,"rotation":0,"scale":1,"position":{"pointX":205.0157165527344,"pointY":24.19427531957626},"width":17,"sublayerTransform":[1,0,0,0,0,1,0,0,0,0,1,0,0,0,0,1],"contentsRect":{"y":0,"x":0,"width":1,"height":1},"opacity":1,"edgeAntialiasingMask":0,"height":25,"hidden":true,"anchorPoint":{"pointX":0.5,"pointY":0.5}},"texture":"AE744D519D019F3B1FC70D353D32C3ED"},{"animations":[],"layers":[],"initialState":{"affineTransform":[1,0,0,1,0,0],"masksToBounds":false,"rotation":0,"scale":1,"position":{"pointX":225.0157165527344,"pointY":23.69427531957626},"width":17,"sublayerTransform":[1,0,0,0,0,1,0,0,0,0,1,0,0,0,0,1],"contentsRect":{"y":0,"x":0,"width":1,"height":1},"opacity":1,"edgeAntialiasingMask":0,"height":28,"hidden":true,"anchorPoint":{"pointX":0.5,"pointY":0.5}},"texture":"530DBEE3CE0CD1BB26BD5876684E38A2"},{"animations":[],"layers":[],"initialState":{"affineTransform":[1,0,0,1,0,0],"masksToBounds":false,"rotation":0,"scale":1,"position":{"pointX":244.0157165527344,"pointY":24.19427531957626},"width":17,"sublayerTransform":[1,0,0,0,0,1,0,0,0,0,1,0,0,0,0,1],"contentsRect":{"y":0,"x":0,"width":1,"height":1},"opacity":1,"edgeAntialiasingMask":0,"height":25,"hidden":true,"anchorPoint":{"pointX":0.5,"pointY":0.5}},"texture":"3554E497C5E25153E405969B1CCEF89C"},{"animations":[],"layers":[],"initialState":{"affineTransform":[1,0,0,1,0,0],"masksToBounds":false,"rotation":0,"scale":1,"position":{"pointX":263.5157165527344,"pointY":16.69427531957626},"width":12,"sublayerTransform":[1,0,0,0,0,1,0,0,0,0,1,0,0,0,0,1],"contentsRect":{"y":0,"x":0,"width":1,"height":1},"opacity":1,"edgeAntialiasingMask":0,"height":12,"hidden":true,"anchorPoint":{"pointX":0.5,"pointY":0.5}},"texture":"78A4F8964FAED83DB62206C3DFB46ADA"},{"animations":[],"layers":[],"initialState":{"affineTransform":[1,0,0,1,0,0],"masksToBounds":false,"rotation":0,"scale":1,"position":{"pointX":282.0157165527344,"pointY":24.19427531957626},"width":21,"sublayerTransform":[1,0,0,0,0,1,0,0,0,0,1,0,0,0,0,1],"contentsRect":{"y":0,"x":0,"width":1,"height":1},"opacity":1,"edgeAntialiasingMask":0,"height":19,"hidden":true,"anchorPoint":{"pointX":0.5,"pointY":0.5}},"texture":"A4D4DF2C2C2F462547EFDD63FF84F599"},{"animations":[],"layers":[],"initialState":{"affineTransform":[1,0,0,1,0,0],"masksToBounds":false,"rotation":0,"scale":1,"position":{"pointX":320.5157165527344,"pointY":27.19427531957626},"width":20,"sublayerTransform":[1,0,0,0,0,1,0,0,0,0,1,0,0,0,0,1],"contentsRect":{"y":0,"x":0,"width":1,"height":1},"opacity":1,"edgeAntialiasingMask":0,"height":19,"hidden":true,"anchorPoint":{"pointX":0.5,"pointY":0.5}},"texture":"D008ACCEC51EDAC804044ADD282032FB"},{"animations":[],"layers":[],"initialState":{"affineTransform":[1,0,0,1,0,0],"masksToBounds":false,"rotation":0,"scale":1,"position":{"pointX":340.5157165527344,"pointY":23.69427531957626},"width":16,"sublayerTransform":[1,0,0,0,0,1,0,0,0,0,1,0,0,0,0,1],"contentsRect":{"y":0,"x":0,"width":1,"height":1},"opacity":1,"edgeAntialiasingMask":0,"height":28,"hidden":true,"anchorPoint":{"pointX":0.5,"pointY":0.5}},"texture":"BF2E7F3C28FE74406B2B810C24783623"},{"animations":[],"layers":[],"initialState":{"affineTransform":[1,0,0,1,0,0],"masksToBounds":false,"rotation":0,"scale":1,"position":{"pointX":359.0157165527344,"pointY":24.19427531957626},"width":17,"sublayerTransform":[1,0,0,0,0,1,0,0,0,0,1,0,0,0,0,1],"contentsRect":{"y":0,"x":0,"width":1,"height":1},"opacity":1,"edgeAntialiasingMask":0,"height":25,"hidden":true,"anchorPoint":{"pointX":0.5,"pointY":0.5}},"texture":"6A65633719BF58C56F63922DF9CB09FF"},{"animations":[],"layers":[],"initialState":{"affineTransform":[1,0,0,1,0,0],"masksToBounds":false,"rotation":0,"scale":1,"position":{"pointX":398.5157165527344,"pointY":27.19427531957626},"width":20,"sublayerTransform":[1,0,0,0,0,1,0,0,0,0,1,0,0,0,0,1],"contentsRect":{"y":0,"x":0,"width":1,"height":1},"opacity":1,"edgeAntialiasingMask":0,"height":19,"hidden":true,"anchorPoint":{"pointX":0.5,"pointY":0.5}},"texture":"2B9045BC1E68D19EE858ADE0F21E17A7"},{"animations":[],"layers":[],"initialState":{"affineTransform":[1,0,0,1,0,0],"masksToBounds":false,"rotation":0,"scale":1,"position":{"pointX":436.5157165527344,"pointY":24.19427531957626},"width":18,"sublayerTransform":[1,0,0,0,0,1,0,0,0,0,1,0,0,0,0,1],"contentsRect":{"y":0,"x":0,"width":1,"height":1},"opacity":1,"edgeAntialiasingMask":0,"height":25,"hidden":true,"anchorPoint":{"pointX":0.5,"pointY":0.5}},"texture":"FC50FC24F7AD93EA762890D312956DE7"},{"animations":[],"layers":[],"initialState":{"affineTransform":[1,0,0,1,0,0],"masksToBounds":false,"rotation":0,"scale":1,"position":{"pointX":475.0157165527344,"pointY":24.19427531957626},"width":21,"sublayerTransform":[1,0,0,0,0,1,0,0,0,0,1,0,0,0,0,1],"contentsRect":{"y":0,"x":0,"width":1,"height":1},"opacity":1,"edgeAntialiasingMask":0,"height":25,"hidden":true,"anchorPoint":{"pointX":0.5,"pointY":0.5}},"texture":"8AFE6E1C3C026E04B70D88475B6447B0"},{"animations":[],"layers":[],"initialState":{"affineTransform":[1,0,0,1,0,0],"masksToBounds":false,"rotation":0,"scale":1,"position":{"pointX":512.0157165527344,"pointY":27.19427531957626},"width":19,"sublayerTransform":[1,0,0,0,0,1,0,0,0,0,1,0,0,0,0,1],"contentsRect":{"y":0,"x":0,"width":1,"height":1},"opacity":1,"edgeAntialiasingMask":0,"height":19,"hidden":true,"anchorPoint":{"pointX":0.5,"pointY":0.5}},"texture":"1C6175997A45052A796F92559E8CFD48"},{"animations":[],"layers":[],"initialState":{"affineTransform":[1,0,0,1,0,0],"masksToBounds":false,"rotation":0,"scale":1,"position":{"pointX":551.5157165527344,"pointY":27.19427531957626},"width":20,"sublayerTransform":[1,0,0,0,0,1,0,0,0,0,1,0,0,0,0,1],"contentsRect":{"y":0,"x":0,"width":1,"height":1},"opacity":1,"edgeAntialiasingMask":0,"height":19,"hidden":true,"anchorPoint":{"pointX":0.5,"pointY":0.5}},"texture":"88523BD4466DD6F79D7CD90AC0CC5D9A"},{"animations":[],"layers":[],"initialState":{"affineTransform":[1,0,0,1,0,0],"masksToBounds":false,"rotation":0,"scale":1,"position":{"pointX":590.5157165527344,"pointY":30.19427531957626},"width":20,"sublayerTransform":[1,0,0,0,0,1,0,0,0,0,1,0,0,0,0,1],"contentsRect":{"y":0,"x":0,"width":1,"height":1},"opacity":1,"edgeAntialiasingMask":0,"height":25,"hidden":true,"anchorPoint":{"pointX":0.5,"pointY":0.5}},"texture":"B8AE942CD4D70801F67FFBD42638A24E"},{"animations":[],"layers":[],"initialState":{"affineTransform":[1,0,0,1,0,0],"masksToBounds":false,"rotation":0,"scale":1,"position":{"pointX":609.0157165527344,"pointY":23.69427531957626},"width":17,"sublayerTransform":[1,0,0,0,0,1,0,0,0,0,1,0,0,0,0,1],"contentsRect":{"y":0,"x":0,"width":1,"height":1},"opacity":1,"edgeAntialiasingMask":0,"height":28,"hidden":true,"anchorPoint":{"pointX":0.5,"pointY":0.5}},"texture":"E1DA3F90A133D5F424C895AB79BBB53F"},{"animations":[],"layers":[],"initialState":{"affineTransform":[1,0,0,1,0,0],"masksToBounds":false,"rotation":0,"scale":1,"position":{"pointX":628.0157165527344,"pointY":24.19427531957626},"width":17,"sublayerTransform":[1,0,0,0,0,1,0,0,0,0,1,0,0,0,0,1],"contentsRect":{"y":0,"x":0,"width":1,"height":1},"opacity":1,"edgeAntialiasingMask":0,"height":25,"hidden":true,"anchorPoint":{"pointX":0.5,"pointY":0.5}},"texture":"904F46F33A865C3554AE88EEC4737BA7"},{"animations":[],"layers":[],"initialState":{"affineTransform":[1,0,0,1,0,0],"masksToBounds":false,"rotation":0,"scale":1,"position":{"pointX":666.5157165527344,"pointY":27.69427531957626},"width":10,"sublayerTransform":[1,0,0,0,0,1,0,0,0,0,1,0,0,0,0,1],"contentsRect":{"y":0,"x":0,"width":1,"height":1},"opacity":1,"edgeAntialiasingMask":0,"height":28,"hidden":true,"anchorPoint":{"pointX":0.5,"pointY":0.5}},"texture":"DDAB343940D23EBCCE0304922FD8CBE3"}]}]},{"animations":[],"initialState":{"affineTransform":[1,0,0,1,0,0],"masksToBounds":false,"rotation":0,"scale":1,"position":{"pointX":512,"pointY":384},"width":1024,"sublayerTransform":[1,0,0,0,0,1,0,0,0,0,1,0,0,0,0,1],"contentsRect":{"y":0,"x":0,"width":1,"height":1},"opacity":1,"edgeAntialiasingMask":251658240,"height":768,"hidden":false,"anchorPoint":{"pointX":0.5,"pointY":0.5}},"layers":[{"animations":[],"initialState":{"affineTransform":[1,0,0,1,0,0],"masksToBounds":false,"rotation":0,"scale":1,"position":{"pointX":512,"pointY":259.0000007152557},"width":898.8029327392578,"sublayerTransform":[1,0,0,0,0,1,0,0,0,0,1,0,0,0,0,1],"contentsRect":{"y":0,"x":0,"width":1,"height":1},"opacity":1,"edgeAntialiasingMask":251658240,"height":370.2807021141052,"hidden":false,"anchorPoint":{"pointX":0.5,"pointY":0.5}},"objectID":"3E065091-6F36-4957-BB60-BE45B45EC4DB","layers":[{"animations":[],"layers":[],"initialState":{"affineTransform":[1,0,0,1,0,0],"masksToBounds":false,"rotation":0,"scale":1,"position":{"pointX":429.4014663696289,"pointY":210.1403503417969},"width":854,"sublayerTransform":[1,0,0,0,0,1,0,0,0,0,1,0,0,0,0,1],"contentsRect":{"y":0,"x":0,"width":1,"height":1},"opacity":1,"edgeAntialiasingMask":0,"height":300,"hidden":false,"anchorPoint":{"pointX":0.5,"pointY":0.5}},"texture":"2015D2A612F4EE9A46017510B9827954"}]}]},{"animations":[],"initialState":{"affineTransform":[1,0,0,1,0,0],"masksToBounds":false,"rotation":0,"scale":1,"position":{"pointX":512,"pointY":384},"width":1024,"sublayerTransform":[1,0,0,0,0,1,0,0,0,0,1,0,0,0,0,1],"contentsRect":{"y":0,"x":0,"width":1,"height":1},"opacity":1,"edgeAntialiasingMask":251658240,"height":768,"hidden":false,"anchorPoint":{"pointX":0.5,"pointY":0.5}},"layers":[{"animations":[],"initialState":{"affineTransform":[1,0,0,1,0,0],"masksToBounds":false,"rotation":0,"scale":1,"position":{"pointX":512,"pointY":593.9710693359375},"width":434,"sublayerTransform":[1,0,0,0,0,1,0,0,0,0,1,0,0,0,0,1],"contentsRect":{"y":0,"x":0,"width":1,"height":1},"opacity":1,"edgeAntialiasingMask":251658240,"height":115,"hidden":false,"anchorPoint":{"pointX":0.5,"pointY":0.5}},"objectID":"3C453BF3-20AE-423C-8A07-95159D77CF4C","layers":[{"animations":[],"layers":[],"initialState":{"affineTransform":[1,0,0,1,0,0],"masksToBounds":false,"rotation":0,"scale":1,"position":{"pointX":217,"pointY":57.5289306640625},"width":436,"sublayerTransform":[1,0,0,0,0,1,0,0,0,0,1,0,0,0,0,1],"contentsRect":{"y":0,"x":0,"width":1,"height":1},"opacity":1,"edgeAntialiasingMask":0,"height":118,"hidden":true,"anchorPoint":{"pointX":0.5,"pointY":0.5}},"texture":"D6461B65676706B38107188C807250DE"}]}]},{"animations":[],"initialState":{"affineTransform":[1,0,0,1,0,0],"masksToBounds":false,"rotation":0,"scale":1,"position":{"pointX":512,"pointY":384},"width":1024,"sublayerTransform":[1,0,0,0,0,1,0,0,0,0,1,0,0,0,0,1],"contentsRect":{"y":0,"x":0,"width":1,"height":1},"opacity":1,"edgeAntialiasingMask":251658240,"height":768,"hidden":false,"anchorPoint":{"pointX":0.5,"pointY":0.5}},"layers":[{"animations":[],"initialState":{"affineTransform":[1,0,0,1,0,0],"masksToBounds":false,"rotation":0,"scale":1,"position":{"pointX":515.6659317016602,"pointY":593.9710731506348},"width":234.9518585205078,"sublayerTransform":[1,0,0,0,0,1,0,0,0,0,1,0,0,0,0,1],"contentsRect":{"y":0,"x":0,"width":1,"height":1},"opacity":1,"edgeAntialiasingMask":251658240,"height":115.0000076293945,"hidden":false,"anchorPoint":{"pointX":0.5,"pointY":0.5}},"objectID":"37BBE5EC-5FC0-4785-A9E7-C664D6FF6C01","layers":[{"animations":[],"layers":[],"initialState":{"affineTransform":[1,0,0,1,0,0],"masksToBounds":false,"rotation":0,"scale":1,"position":{"pointX":117.8099975585938,"pointY":57.5289306640625},"width":238,"sublayerTransform":[1,0,0,0,0,1,0,0,0,0,1,0,0,0,0,1],"contentsRect":{"y":0,"x":0,"width":1,"height":1},"opacity":1,"edgeAntialiasingMask":0,"height":118,"hidden":true,"anchorPoint":{"pointX":0.5,"pointY":0.5}},"texture":"C69BC753CBD905CC20E98640F858A59F"}]}]}]}},{"effects":[{"beginTime":0,"baseLayer":{"animations":[],"initialState":{"affineTransform":[1,0,0,1,0,0],"masksToBounds":false,"rotation":0,"scale":1,"position":{"pointX":512,"pointY":384},"width":1024,"sublayerTransform":[1,0,0,0,0,1,0,0,0,0,1,0,0,0,0,1],"contentsRect":{"y":0,"x":0,"width":1,"height":1},"opacity":1,"edgeAntialiasingMask":251658240,"height":768,"hidden":false,"anchorPoint":{"pointX":0.5,"pointY":0.5}},"objectID":"0","layers":[{"animations":[],"initialState":{"affineTransform":[1,0,0,1,0,0],"masksToBounds":false,"rotation":0,"scale":1,"position":{"pointX":512,"pointY":384},"width":1024,"sublayerTransform":[1,0,0,0,0,1,0,0,0,0,1,-0.0004922987690640373,0,0,0,1],"contentsRect":{"y":0,"x":0,"width":1,"height":1},"opacity":1,"edgeAntialiasingMask":251658240,"height":768,"hidden":false,"anchorPoint":{"pointX":0.5,"pointY":0.5}},"layers":[{"animations":[],"layers":[],"initialState":{"affineTransform":[1,0,0,1,0,0],"masksToBounds":false,"rotation":0,"scale":1,"position":{"pointX":512,"pointY":384},"width":1024,"sublayerTransform":[1,0,0,0,0,1,0,0,0,0,1,0,0,0,0,1],"contentsRect":{"y":0,"x":0,"width":1,"height":1},"opacity":1,"edgeAntialiasingMask":0,"height":768,"hidden":false,"anchorPoint":{"pointX":0.5,"pointY":0.5}},"texture":"5682477CEC4F34BF8A3DCFE080044C13"},{"animations":[{"timeOffset":0,"from":{"scalar":1},"beginTime":0,"repeatCount":0,"fillMode":"both","duration":0.949999988079071,"autoreverses":false,"timingFunction":"EaseInEaseOut","property":"opacity","to":{"scalar":0}}],"layers":[],"initialState":{"affineTransform":[1,0,0,1,0,0],"masksToBounds":false,"rotation":0,"scale":1,"position":{"pointX":512,"pointY":384},"width":1024,"sublayerTransform":[1,0,0,0,0,1,0,0,0,0,1,0,0,0,0,1],"contentsRect":{"y":0,"x":0,"width":1,"height":1},"opacity":1,"edgeAntialiasingMask":0,"height":768,"hidden":false,"anchorPoint":{"pointX":0.5,"pointY":0.5}},"texture":"D889778179CDF6F24B74FB512A1E0A13"}]}]},"effects":[],"duration":0.949999988079071,"type":"transition","attributes":{"direction":12},"name":"apple:pageflip","objectID":"0"}],"automaticPlay":false,"hyperlinks":[],"accessibility":[{"text":"Guido Music Notation Language","targetRectangle":{"y":720.5918582081795,"x":366.2300028800964,"width":291.54,"height":27}},{"text":"￼","targetRectangle":{"y":721.5918579101562,"x":30.26875245571136,"width":20.016,"height":25}},{"text":"pasted-image.tif","targetRectangle":{"y":-319.1939392089844,"x":-285.0513916015625,"width":236,"height":101}},{"text":"Example","targetRectangle":{"y":467.4383544921875,"x":73.40632629394531,"width":146.414,"height":52}},{"text":"Capture d’écran 2016-07-13 à 12.46.49.png","targetRectangle":{"y":536.4710693359375,"x":295,"width":434,"height":115}},{"text":"Almost of the layout is automatically computed by the Guido engine : ","targetRectangle":{"y":127.8596496582031,"x":66.59853363037109,"width":861.3079999999999,"height":104}},{"text":"- stems direction,","targetRectangle":{"y":231.8596496582031,"x":102.5985336303711,"width":291.954,"height":52}},{"text":"beaming,","targetRectangle":{"y":283.8596496582031,"x":138.5429775714874,"width":160.474,"height":52}},{"text":"barlines,","targetRectangle":{"y":335.8596496582031,"x":138.5429775714874,"width":142.804,"height":52}},{"text":"etc.","targetRectangle":{"y":387.8596496582031,"x":138.5429775714874,"width":62.624,"height":52}},{"text":"Automatic and manual layout","targetRectangle":{"y":42,"x":73.38327026367188,"width":678.2500000000001,"height":68}},{"text":"[ \\meter<\"2/4\"> e/8 a f d c e g/4 ]","targetRectangle":{"y":471.3057246804237,"x":277.4842834472656,"width":672.109375,"height":38}}],"baseLayer":{"animations":[],"initialState":{"affineTransform":[1,0,0,1,0,0],"masksToBounds":false,"rotation":0,"scale":1,"position":{"pointX":512,"pointY":384},"width":1024,"sublayerTransform":[1,0,0,0,0,1,0,0,0,0,1,0,0,0,0,1],"contentsRect":{"y":0,"x":0,"width":1,"height":1},"opacity":1,"edgeAntialiasingMask":251658240,"height":768,"hidden":false,"anchorPoint":{"pointX":0.5,"pointY":0.5}},"objectID":"0","layers":[{"animations":[],"initialState":{"affineTransform":[1,0,0,1,0,0],"masksToBounds":false,"rotation":0,"scale":1,"position":{"pointX":512,"pointY":384},"width":1024,"sublayerTransform":[1,0,0,0,0,1,0,0,0,0,1,-0.0004922987690640373,0,0,0,1],"contentsRect":{"y":0,"x":0,"width":1,"height":1},"opacity":1,"edgeAntialiasingMask":251658240,"height":768,"hidden":false,"anchorPoint":{"pointX":0.5,"pointY":0.5}},"layers":[{"animations":[],"layers":[],"initialState":{"affineTransform":[1,0,0,1,0,0],"masksToBounds":false,"rotation":0,"scale":1,"position":{"pointX":512,"pointY":384},"width":1024,"sublayerTransform":[1,0,0,0,0,1,0,0,0,0,1,0,0,0,0,1],"contentsRect":{"y":0,"x":0,"width":1,"height":1},"opacity":1,"edgeAntialiasingMask":0,"height":768,"hidden":false,"anchorPoint":{"pointX":0.5,"pointY":0.5}},"texture":"D889778179CDF6F24B74FB512A1E0A13"}]}]}}]}