{"assets":{"19B66C40E0578761F950B56773CBEC84":{"type":"texture","index":2373,"assetRequest":{"type":"slide","state":"outgoing","slide":"3B420452-A406-435F-963B-2CB5F96BDD82"},"url":{"web":"assets/19B66C40E0578761F950B56773CBEC84.svg"},"width":1024,"height":768},"7506D96C671A803CD6BDDC2BB88D0564":{"type":"texture","index":2374,"assetRequest":{"type":"slide","state":"incoming","slide":"9B4C0397-AACB-434B-8842-293C090766B9"},"url":{"web":"assets/7506D96C671A803CD6BDDC2BB88D0564.svg"},"width":1024,"height":768}},"events":[{"effects":[{"beginTime":0,"baseLayer":{"animations":[],"initialState":{"affineTransform":[1,0,0,1,0,0],"masksToBounds":false,"rotation":0,"scale":1,"position":{"pointX":512,"pointY":384},"width":1024,"sublayerTransform":[1,0,0,0,0,1,0,0,0,0,1,0,0,0,0,1],"contentsRect":{"y":0,"x":0,"width":1,"height":1},"opacity":1,"edgeAntialiasingMask":251658240,"height":768,"hidden":false,"anchorPoint":{"pointX":0.5,"pointY":0.5}},"objectID":"0","layers":[{"animations":[],"initialState":{"affineTransform":[1,0,0,1,0,0],"masksToBounds":false,"rotation":0,"scale":1,"position":{"pointX":512,"pointY":384},"width":1024,"sublayerTransform":[1,0,0,0,0,1,0,0,0,0,1,-0.0004922987690640373,0,0,0,1],"contentsRect":{"y":0,"x":0,"width":1,"height":1},"opacity":1,"edgeAntialiasingMask":251658240,"height":768,"hidden":false,"anchorPoint":{"pointX":0.5,"pointY":0.5}},"layers":[{"animations":[],"layers":[],"initialState":{"affineTransform":[1,0,0,1,0,0],"masksToBounds":false,"rotation":0,"scale":1,"position":{"pointX":512,"pointY":384},"width":1024,"sublayerTransform":[1,0,0,0,0,1,0,0,0,0,1,0,0,0,0,1],"contentsRect":{"y":0,"x":0,"width":1,"height":1},"opacity":1,"edgeAntialiasingMask":0,"height":768,"hidden":false,"anchorPoint":{"pointX":0.5,"pointY":0.5}},"texture":"7506D96C671A803CD6BDDC2BB88D0564"},{"animations":[{"timeOffset":0,"from":{"scalar":1},"beginTime":0,"repeatCount":0,"fillMode":"both","duration":0.949999988079071,"autoreverses":false,"timingFunction":"EaseInEaseOut","property":"opacity","to":{"scalar":0}}],"layers":[],"initialState":{"affineTransform":[1,0,0,1,0,0],"masksToBounds":false,"rotation":0,"scale":1,"position":{"pointX":512,"pointY":384},"width":1024,"sublayerTransform":[1,0,0,0,0,1,0,0,0,0,1,0,0,0,0,1],"contentsRect":{"y":0,"x":0,"width":1,"height":1},"opacity":1,"edgeAntialiasingMask":0,"height":768,"hidden":false,"anchorPoint":{"pointX":0.5,"pointY":0.5}},"texture":"19B66C40E0578761F950B56773CBEC84"}]}]},"effects":[],"duration":0.949999988079071,"type":"transition","attributes":{"direction":12},"name":"apple:pageflip","objectID":"0"}],"automaticPlay":false,"hyperlinks":[],"accessibility":[{"text":"variables","targetRectangle":{"y":359.397367477417,"x":93.00605058670044,"width":109.9,"height":38}},{"text":"extended OSC addresses","targetRectangle":{"y":397.397367477417,"x":93.00605058670044,"width":317.94,"height":38}},{"text":"relative addresses","targetRectangle":{"y":435.397367477417,"x":93.00605058670044,"width":222.936,"height":38}},{"text":"message based parameters","targetRectangle":{"y":473.397367477417,"x":93.00605058670044,"width":343.28,"height":38}},{"text":"javascript sections","targetRectangle":{"y":511.397367477417,"x":93.00605058670044,"width":226.0160000000001,"height":38}},{"text":"math expressions","targetRectangle":{"y":549.397367477417,"x":93.00605058670044,"width":216.244,"height":38}},{"text":"Scripting","targetRectangle":{"y":168.1910858154297,"x":77.40677642822266,"width":142.426,"height":46}},{"text":"/ITL/scene/obj x 0.5 * 0.2;","targetRectangle":{"y":556.5819557905197,"x":467.4632682800293,"width":388.86328125,"height":29}},{"text":"/ITL/scene/obj y ($var ?  1 :  -1);","targetRectangle":{"y":585.5819557905197,"x":467.4632682800293,"width":504.08203125,"height":29}},{"text":"An environment for the design of interactive augmented music scores","targetRectangle":{"y":107.1785278320312,"x":74.31984863281264,"width":853.0499999999997,"height":38}},{"text":"pasted-image.tif","targetRectangle":{"y":-319.1939392089844,"x":-285.0513916015625,"width":236,"height":101}},{"text":"An INScore script is a textual version of OSC messages extended with:","targetRectangle":{"y":217.9511413574219,"x":76.28765869140625,"width":816.0900000000001,"height":90}},{"text":"INScore","targetRectangle":{"y":38,"x":73.57918548583984,"width":193.662,"height":72}}],"baseLayer":{"animations":[],"initialState":{"affineTransform":[1,0,0,1,0,0],"masksToBounds":false,"rotation":0,"scale":1,"position":{"pointX":512,"pointY":384},"width":1024,"sublayerTransform":[1,0,0,0,0,1,0,0,0,0,1,0,0,0,0,1],"contentsRect":{"y":0,"x":0,"width":1,"height":1},"opacity":1,"edgeAntialiasingMask":251658240,"height":768,"hidden":false,"anchorPoint":{"pointX":0.5,"pointY":0.5}},"objectID":"0","layers":[{"animations":[],"initialState":{"affineTransform":[1,0,0,1,0,0],"masksToBounds":false,"rotation":0,"scale":1,"position":{"pointX":512,"pointY":384},"width":1024,"sublayerTransform":[1,0,0,0,0,1,0,0,0,0,1,-0.0004922987690640373,0,0,0,1],"contentsRect":{"y":0,"x":0,"width":1,"height":1},"opacity":1,"edgeAntialiasingMask":251658240,"height":768,"hidden":false,"anchorPoint":{"pointX":0.5,"pointY":0.5}},"layers":[{"animations":[],"layers":[],"initialState":{"affineTransform":[1,0,0,1,0,0],"masksToBounds":false,"rotation":0,"scale":1,"position":{"pointX":512,"pointY":384},"width":1024,"sublayerTransform":[1,0,0,0,0,1,0,0,0,0,1,0,0,0,0,1],"contentsRect":{"y":0,"x":0,"width":1,"height":1},"opacity":1,"edgeAntialiasingMask":0,"height":768,"hidden":false,"anchorPoint":{"pointX":0.5,"pointY":0.5}},"texture":"19B66C40E0578761F950B56773CBEC84"}]}]}}]}