{"assets":{"DB8451458D98EFA7506DBEBC2B1323F0":{"type":"texture","index":5726,"assetRequest":{"type":"slide","state":"contents","slide":"24BD4C8E-6478-452D-B316-0A69BAFB54B2"},"url":{"web":"assets/DB8451458D98EFA7506DBEBC2B1323F0.svg"},"width":1024,"height":768},"406046A16F17B4A86A6F2F45D962920B":{"type":"texture","index":5732,"assetRequest":{"type":"slide","state":"contents","slide":"24BD4C8E-6478-452D-B316-0A69BAFB54B2"},"url":{"web":"assets/406046A16F17B4A86A6F2F45D962920B.svg"},"width":261,"height":302},"0C4C671DB5FCDA62CEDD8082A1DCA646":{"type":"texture","index":5733,"assetRequest":{"type":"slide","state":"contents","slide":"24BD4C8E-6478-452D-B316-0A69BAFB54B2"},"url":{"web":"assets/0C4C671DB5FCDA62CEDD8082A1DCA646.svg"},"width":324,"height":89},"7EB9D4543AF27DC02C5F607527A492DF":{"type":"texture","index":5731,"assetRequest":{"type":"slide","state":"contents","slide":"24BD4C8E-6478-452D-B316-0A69BAFB54B2"},"url":{"web":"assets/7EB9D4543AF27DC02C5F607527A492DF.svg"},"width":320,"height":222},"A11EF49796243746D2C6129DC5B27D6C":{"type":"texture","index":5737,"assetRequest":{"type":"slide","state":"outgoing","slide":"24BD4C8E-6478-452D-B316-0A69BAFB54B2"},"url":{"web":"assets/A11EF49796243746D2C6129DC5B27D6C.svg"},"width":1024,"height":768},"593E206575F248496DFDFB43E256EC77":{"type":"texture","index":5729,"assetRequest":{"type":"slide","state":"contents","slide":"24BD4C8E-6478-452D-B316-0A69BAFB54B2"},"url":{"web":"assets/593E206575F248496DFDFB43E256EC77.svg"},"width":239,"height":104},"80229E9AAF3251B88FDA684BABC5F089":{"type":"texture","index":5738,"assetRequest":{"type":"slide","state":"incoming","slide":"798C832F-9C18-4EFF-88D3-05D511167932"},"url":{"web":"assets/80229E9AAF3251B88FDA684BABC5F089.svg"},"width":1024,"height":768},"B3A13E702ACA53A0DAFEDA956B1155AB":{"type":"texture","index":5735,"assetRequest":{"type":"slide","state":"contents","slide":"24BD4C8E-6478-452D-B316-0A69BAFB54B2"},"url":{"web":"assets/B3A13E702ACA53A0DAFEDA956B1155AB.svg"},"width":261,"height":160},"0F96A5C433180F7D0C121C8F4F593409":{"type":"texture","index":5736,"assetRequest":{"type":"slide","state":"contents","slide":"24BD4C8E-6478-452D-B316-0A69BAFB54B2"},"url":{"web":"assets/0F96A5C433180F7D0C121C8F4F593409.svg"},"width":43,"height":108},"02EDA08DF0C0CC2C48AF5DE0FB842DF8":{"type":"texture","index":5734,"assetRequest":{"type":"slide","state":"contents","slide":"24BD4C8E-6478-452D-B316-0A69BAFB54B2"},"url":{"web":"assets/02EDA08DF0C0CC2C48AF5DE0FB842DF8.svg"},"width":239,"height":126},"5820E1EE8A72FE24254247CDF6CB0B8B":{"type":"texture","index":5730,"assetRequest":{"type":"slide","state":"contents","slide":"24BD4C8E-6478-452D-B316-0A69BAFB54B2"},"url":{"web":"assets/5820E1EE8A72FE24254247CDF6CB0B8B.svg"},"width":569,"height":38},"A195FFC70B722049AFF55E5FCD5FB274":{"type":"texture","index":5727,"assetRequest":{"type":"slide","state":"contents","slide":"24BD4C8E-6478-452D-B316-0A69BAFB54B2"},"url":{"web":"assets/A195FFC70B722049AFF55E5FCD5FB274.svg"},"width":191,"height":42},"2F5273E48820B549F9C0D4E271FD3C8D":{"type":"texture","index":5728,"assetRequest":{"type":"slide","state":"contents","slide":"24BD4C8E-6478-452D-B316-0A69BAFB54B2"},"url":{"web":"assets/2F5273E48820B549F9C0D4E271FD3C8D.svg"},"width":857,"height":32}},"events":[{"effects":[{"beginTime":0,"baseLayer":{"animations":[],"initialState":{"affineTransform":[1,0,0,1,0,0],"masksToBounds":false,"rotation":0,"scale":1,"position":{"pointX":511.9999847412109,"pointY":338.2596435546875},"width":316.6319885253906,"sublayerTransform":[1,0,0,0,0,1,0,0,0,0,1,0,0,0,0,1],"contentsRect":{"y":0,"x":0,"width":1,"height":1},"opacity":1,"edgeAntialiasingMask":251658240,"height":219,"hidden":false,"anchorPoint":{"pointX":0.5,"pointY":0.5}},"objectID":"9931E003-B75A-4D9F-98FE-A49D906E7793","layers":[{"animations":[],"initialState":{"affineTransform":[1,0,0,1,0,0],"masksToBounds":false,"rotation":0,"scale":1,"position":{"pointX":158.3160095214844,"pointY":155.2403564453125},"width":316.6319885253906,"sublayerTransform":[1,0,0,0,0,1,0,0,0,0,1,-0.0004922987690640373,0,0,0,1],"contentsRect":{"y":0,"x":0,"width":1,"height":1},"opacity":1,"edgeAntialiasingMask":251658240,"height":219,"hidden":false,"anchorPoint":{"pointX":0.500000048190927,"pointY":0.7088600750927512}},"layers":[{"animations":[{"timeOffset":0,"from":{"scalar":true},"beginTime":1e-100,"repeatCount":0,"fillMode":"both","property":"hidden","autoreverses":false,"duration":0.01,"to":{"scalar":false}}],"layers":[],"initialState":{"affineTransform":[1,0,0,1,0,0],"masksToBounds":false,"rotation":0,"scale":1,"position":{"pointX":158.3160095214844,"pointY":109.2403564453125},"width":320,"sublayerTransform":[1,0,0,0,0,1,0,0,0,0,1,0,0,0,0,1],"contentsRect":{"y":0,"x":0,"width":1,"height":1},"opacity":1,"edgeAntialiasingMask":0,"height":222,"hidden":true,"anchorPoint":{"pointX":0.5,"pointY":0.5}},"texture":"7EB9D4543AF27DC02C5F607527A492DF"}]}]},"effects":[{"beginTime":1,"baseLayer":{"animations":[],"initialState":{"affineTransform":[1,0,0,1,0,0],"masksToBounds":false,"rotation":0,"scale":1,"position":{"pointX":771.3990478515625,"pointY":408.8540496826172},"width":258.4559326171875,"sublayerTransform":[1,0,0,0,0,1,0,0,0,0,1,0,0,0,0,1],"contentsRect":{"y":0,"x":0,"width":1,"height":1},"opacity":1,"edgeAntialiasingMask":251658240,"height":280.9437561035156,"hidden":false,"anchorPoint":{"pointX":0.5,"pointY":0.5}},"objectID":"B9E23BF4-9388-49BF-B29E-0868624AA910","layers":[{"animations":[],"initialState":{"affineTransform":[1,0,0,1,0,0],"masksToBounds":false,"rotation":0,"scale":1,"position":{"pointX":-130.1710815429688,"pointY":115.6178283691406},"width":258.4559326171875,"sublayerTransform":[1,0,0,0,0,1,0,0,0,0,1,-0.0004922987690640373,0,0,0,1],"contentsRect":{"y":0,"x":0,"width":1,"height":1},"opacity":1,"edgeAntialiasingMask":251658240,"height":280.9437561035156,"hidden":false,"anchorPoint":{"pointX":-0.5036490368970246,"pointY":0.4115337175407467}},"layers":[{"animations":[{"timeOffset":0,"from":{"scalar":true},"beginTime":1,"repeatCount":0,"fillMode":"both","property":"hidden","autoreverses":false,"duration":0.01,"to":{"scalar":false}}],"layers":[],"initialState":{"affineTransform":[1,0,0,1,0,0],"masksToBounds":false,"rotation":0,"scale":1,"position":{"pointX":129.3289184570312,"pointY":149.6178283691406},"width":261,"sublayerTransform":[1,0,0,0,0,1,0,0,0,0,1,0,0,0,0,1],"contentsRect":{"y":0,"x":0,"width":1,"height":1},"opacity":1,"edgeAntialiasingMask":0,"height":302,"hidden":true,"anchorPoint":{"pointX":0.5,"pointY":0.5}},"texture":"406046A16F17B4A86A6F2F45D962920B"}]}]},"effects":[{"beginTime":1,"baseLayer":{"animations":[],"initialState":{"affineTransform":[1,0,0,1,0,0],"masksToBounds":false,"rotation":0,"scale":1,"position":{"pointX":297.0118713378906,"pointY":500.3906860351562},"width":321.5842895507812,"sublayerTransform":[1,0,0,0,0,1,0,0,0,0,1,0,0,0,0,1],"contentsRect":{"y":0,"x":0,"width":1,"height":1},"opacity":1,"edgeAntialiasingMask":251658240,"height":86.125,"hidden":false,"anchorPoint":{"pointX":0.5,"pointY":0.5}},"objectID":"089528D7-61B2-43E6-B8D3-73B7D6A2775C","layers":[{"animations":[],"initialState":{"affineTransform":[1,0,0,1,0,0],"masksToBounds":false,"rotation":0,"scale":1,"position":{"pointX":375.7802734375,"pointY":-73.32818603515625},"width":321.5842895507812,"sublayerTransform":[1,0,0,0,0,1,0,0,0,0,1,-0.0004922987690640373,0,0,0,1],"contentsRect":{"y":0,"x":0,"width":1,"height":1},"opacity":1,"edgeAntialiasingMask":251658240,"height":86.125,"hidden":false,"anchorPoint":{"pointX":1.168528083142447,"pointY":-0.8514158030206821}},"layers":[{"animations":[{"timeOffset":0,"from":{"scalar":true},"beginTime":1,"repeatCount":0,"fillMode":"both","property":"hidden","autoreverses":false,"duration":0.01,"to":{"scalar":false}}],"layers":[],"initialState":{"affineTransform":[1,0,0,1,0,0],"masksToBounds":false,"rotation":0,"scale":1,"position":{"pointX":160.7802734375,"pointY":43.17181396484375},"width":324,"sublayerTransform":[1,0,0,0,0,1,0,0,0,0,1,0,0,0,0,1],"contentsRect":{"y":0,"x":0,"width":1,"height":1},"opacity":1,"edgeAntialiasingMask":0,"height":89,"hidden":true,"anchorPoint":{"pointX":0.5,"pointY":0.5}},"texture":"0C4C671DB5FCDA62CEDD8082A1DCA646"}]}]},"effects":[{"beginTime":1,"baseLayer":{"animations":[],"initialState":{"affineTransform":[1,0,0,1,0,0],"masksToBounds":false,"rotation":0,"scale":1,"position":{"pointX":408.7202453613281,"pointY":604.05419921875},"width":235.96875,"sublayerTransform":[1,0,0,0,0,1,0,0,0,0,1,0,0,0,0,1],"contentsRect":{"y":0,"x":0,"width":1,"height":1},"opacity":1,"edgeAntialiasingMask":251658240,"height":122.5,"hidden":false,"anchorPoint":{"pointX":0.5,"pointY":0.5}},"objectID":"3D7E1436-9C1D-4BC5-B5A4-CF032A0020A0","layers":[{"animations":[],"initialState":{"affineTransform":[1,0,0,1,0,0],"masksToBounds":false,"rotation":0,"scale":1,"position":{"pointX":221.2641296386719,"pointY":-158.80419921875},"width":235.96875,"sublayerTransform":[1,0,0,0,0,1,0,0,0,0,1,-0.0004922987690640373,0,0,0,1],"contentsRect":{"y":0,"x":0,"width":1,"height":1},"opacity":1,"edgeAntialiasingMask":251658240,"height":122.5,"hidden":false,"anchorPoint":{"pointX":0.937684035020196,"pointY":-1.29636080994898}},"layers":[{"animations":[{"timeOffset":0,"from":{"scalar":true},"beginTime":1,"repeatCount":0,"fillMode":"both","property":"hidden","autoreverses":false,"duration":0.01,"to":{"scalar":false}}],"layers":[],"initialState":{"affineTransform":[1,0,0,1,0,0],"masksToBounds":false,"rotation":0,"scale":1,"position":{"pointX":117.7641296386719,"pointY":61.19580078125},"width":239,"sublayerTransform":[1,0,0,0,0,1,0,0,0,0,1,0,0,0,0,1],"contentsRect":{"y":0,"x":0,"width":1,"height":1},"opacity":1,"edgeAntialiasingMask":0,"height":126,"hidden":true,"anchorPoint":{"pointX":0.5,"pointY":0.5}},"texture":"02EDA08DF0C0CC2C48AF5DE0FB842DF8"}]}]},"effects":[{"beginTime":1,"baseLayer":{"animations":[],"initialState":{"affineTransform":[1,0,0,1,0,0],"masksToBounds":false,"rotation":0,"scale":1,"position":{"pointX":690.8702034652233,"pointY":616.019287109375},"width":95.23979657888412,"sublayerTransform":[1,0,0,0,0,1,0,0,0,0,1,0,0,0,0,1],"contentsRect":{"y":0,"x":0,"width":1,"height":1},"opacity":1,"edgeAntialiasingMask":251658240,"height":107.0000023841858,"hidden":false,"anchorPoint":{"pointX":0.5,"pointY":0.5}},"objectID":"60E0C033-B890-401D-B292-0DB3F1B90174","layers":[{"animations":[],"initialState":{"affineTransform":[1,0,0,1,0,0],"masksToBounds":false,"rotation":0,"scale":1,"position":{"pointX":-131.2503051757812,"pointY":-178.5192859172821},"width":95.23979657888412,"sublayerTransform":[1,0,0,0,0,1,0,0,0,0,1,-0.0004922987690640373,0,0,0,1],"contentsRect":{"y":0,"x":0,"width":1,"height":1},"opacity":1,"edgeAntialiasingMask":251658240,"height":107.0000023841858,"hidden":false,"anchorPoint":{"pointX":-1.378103585795364,"pointY":-1.668404504107437}},"layers":[{"animations":[{"timeOffset":0,"from":{"scalar":true},"beginTime":1,"repeatCount":0,"fillMode":"both","property":"hidden","autoreverses":false,"duration":0.01,"to":{"scalar":false}}],"layers":[],"initialState":{"affineTransform":[1,0,0,1,0,0],"masksToBounds":false,"rotation":0,"scale":1,"position":{"pointX":25.24969482421875,"pointY":53.4807140827179},"width":43,"sublayerTransform":[1,0,0,0,0,1,0,0,0,0,1,0,0,0,0,1],"contentsRect":{"y":0,"x":0,"width":1,"height":1},"opacity":1,"edgeAntialiasingMask":0,"height":108,"hidden":true,"anchorPoint":{"pointX":0.5,"pointY":0.5}},"texture":"0F96A5C433180F7D0C121C8F4F593409"}]}]},"effects":[],"duration":0.01,"type":"buildIn","name":"apple:appear","objectID":"60E0C033-B890-401D-B292-0DB3F1B90174"}],"duration":0.01,"type":"buildIn","name":"apple:appear","objectID":"3D7E1436-9C1D-4BC5-B5A4-CF032A0020A0"}],"duration":0.01,"type":"buildIn","name":"apple:appear","objectID":"089528D7-61B2-43E6-B8D3-73B7D6A2775C"}],"duration":0.01,"type":"buildIn","name":"apple:appear","objectID":"B9E23BF4-9388-49BF-B29E-0868624AA910"}],"duration":0.01,"type":"buildIn","name":"apple:appear","objectID":"9931E003-B75A-4D9F-98FE-A49D906E7793"}],"automaticPlay":false,"hyperlinks":[],"accessibility":[{"text":"Scene level","targetRectangle":{"y":275.3821721531378,"x":685.6017837524414,"width":182.088,"height":49}},{"text":"connect","targetRectangle":{"y":595.30419921875,"x":330.7358703613281,"width":85.36799999999999,"height":33}},{"text":"disconnect","targetRectangle":{"y":628.30419921875,"x":330.7358703613281,"width":116.016,"height":33}},{"text":"Application level","targetRectangle":{"y":232.7596440315247,"x":396.6839904785156,"width":268.6319999999999,"height":49}},{"text":"pasted-image.tif","targetRectangle":{"y":-319.1939392089844,"x":-285.0513916015625,"width":236,"height":101}},{"text":"An environment for the design of interactive augmented music scores","targetRectangle":{"y":107.1785278320312,"x":74.31984863281264,"width":853.0499999999997,"height":38}},{"text":"hello","targetRectangle":{"y":278.7596399784088,"x":393.6839904785156,"width":52.44,"height":33}},{"text":"load","targetRectangle":{"y":311.7596399784088,"x":393.6839904785156,"width":47.11199999999997,"height":33}},{"text":"rootPath","targetRectangle":{"y":344.7596399784088,"x":393.6839904785156,"width":91.512,"height":33}},{"text":"forward","targetRectangle":{"y":377.7596399784088,"x":393.6839904785156,"width":81.28800000000001,"height":33}},{"text":"quit","targetRectangle":{"y":410.7596399784088,"x":393.6839904785156,"width":41.73599999999999,"height":33}},{"text":"Score level","targetRectangle":{"y":295.0884704589844,"x":104.508358001709,"width":174.708,"height":49}},{"text":"Javascript engine","targetRectangle":{"y":461.3281865119934,"x":172.7960052490234,"width":280.008,"height":49}},{"text":"page","targetRectangle":{"y":335.1601257324219,"x":106.4808120727539,"width":55.12799999999999,"height":33}},{"text":"dpage","targetRectangle":{"y":368.1601257324219,"x":106.4808120727539,"width":69.792,"height":33}},{"text":"pageFormat","targetRectangle":{"y":401.1601257324219,"x":106.4808120727539,"width":131.976,"height":33}},{"text":"new","targetRectangle":{"y":321.622314453125,"x":682.1710815429688,"width":44.01599999999996,"height":33}},{"text":"del","targetRectangle":{"y":354.622314453125,"x":682.1710815429688,"width":33.76800000000003,"height":33}},{"text":"load","targetRectangle":{"y":387.622314453125,"x":682.1710815429688,"width":47.11199999999997,"height":33}},{"text":"rootPath","targetRectangle":{"y":420.622314453125,"x":682.1710815429688,"width":91.51199999999994,"height":33}},{"text":"fullscreen","targetRectangle":{"y":453.622314453125,"x":682.1710815429688,"width":101.328,"height":33}},{"text":"forward","targetRectangle":{"y":486.622314453125,"x":682.1710815429688,"width":81.28800000000001,"height":33}},{"text":"foreground","targetRectangle":{"y":519.622314453125,"x":682.1710815429688,"width":120,"height":33}},{"text":"run","targetRectangle":{"y":506.4531850218773,"x":176.2197265625,"width":34.65600000000001,"height":33}},{"text":"Some useful type specific messages","targetRectangle":{"y":168.1910858154297,"x":77.40677642822266,"width":567.2559999999999,"height":46}},{"text":"INScore","targetRectangle":{"y":38,"x":73.57918548583984,"width":193.662,"height":72}},{"text":"Signals","targetRectangle":{"y":546.8041996955872,"x":331.7358703613281,"width":113.328,"height":49}}],"baseLayer":{"animations":[],"initialState":{"affineTransform":[1,0,0,1,0,0],"masksToBounds":false,"rotation":0,"scale":1,"position":{"pointX":512,"pointY":384},"width":1024,"sublayerTransform":[1,0,0,0,0,1,0,0,0,0,1,0,0,0,0,1],"contentsRect":{"y":0,"x":0,"width":1,"height":1},"opacity":1,"edgeAntialiasingMask":251658240,"height":768,"hidden":false,"anchorPoint":{"pointX":0.5,"pointY":0.5}},"layers":[{"animations":[],"initialState":{"affineTransform":[1,0,0,1,0,0],"masksToBounds":false,"rotation":0,"scale":1,"position":{"pointX":512,"pointY":384},"width":1024,"sublayerTransform":[1,0,0,0,0,1,0,0,0,0,1,0,0,0,0,1],"contentsRect":{"y":0,"x":0,"width":1,"height":1},"opacity":1,"edgeAntialiasingMask":251658240,"height":768,"hidden":false,"anchorPoint":{"pointX":0.5,"pointY":0.5}},"layers":[{"animations":[],"initialState":{"affineTransform":[1,0,0,1,0,0],"masksToBounds":false,"rotation":0,"scale":1,"position":{"pointX":512,"pointY":384},"width":1024,"sublayerTransform":[1,0,0,0,0,1,0,0,0,0,1,0,0,0,0,1],"contentsRect":{"y":0,"x":0,"width":1,"height":1},"opacity":1,"edgeAntialiasingMask":251658240,"height":768,"hidden":false,"anchorPoint":{"pointX":0.5,"pointY":0.5}},"layers":[{"animations":[],"layers":[],"initialState":{"affineTransform":[1,0,0,1,0,0],"masksToBounds":false,"rotation":0,"scale":1,"position":{"pointX":512,"pointY":384},"width":1024,"sublayerTransform":[1,0,0,0,0,1,0,0,0,0,1,0,0,0,0,1],"contentsRect":{"y":0,"x":0,"width":1,"height":1},"opacity":1,"edgeAntialiasingMask":0,"height":768,"hidden":false,"anchorPoint":{"pointX":0.5,"pointY":0.5}},"texture":"DB8451458D98EFA7506DBEBC2B1323F0"}]}]},{"animations":[],"initialState":{"affineTransform":[1,0,0,1,0,0],"masksToBounds":false,"rotation":0,"scale":1,"position":{"pointX":512,"pointY":384},"width":1024,"sublayerTransform":[1,0,0,0,0,1,0,0,0,0,1,0,0,0,0,1],"contentsRect":{"y":0,"x":0,"width":1,"height":1},"opacity":1,"edgeAntialiasingMask":251658240,"height":768,"hidden":false,"anchorPoint":{"pointX":0.5,"pointY":0.5}},"layers":[{"animations":[],"initialState":{"affineTransform":[1,0,0,1,0,0],"masksToBounds":false,"rotation":0,"scale":1,"position":{"pointX":511.9999976158142,"pointY":69.49999928474426},"width":884.8416242599487,"sublayerTransform":[1,0,0,0,0,1,0,0,0,0,1,0,0,0,0,1],"contentsRect":{"y":0,"x":0,"width":1,"height":1},"opacity":1,"edgeAntialiasingMask":251658240,"height":88.99999856948853,"hidden":false,"anchorPoint":{"pointX":0.5,"pointY":0.5}},"objectID":"6FC398EC-0D90-4029-8A41-A76F9240FF98","layers":[{"animations":[],"layers":[],"initialState":{"affineTransform":[1,0,0,1,0,0],"masksToBounds":false,"rotation":0,"scale":1,"position":{"pointX":101.9208145141602,"pointY":47},"width":191,"sublayerTransform":[1,0,0,0,0,1,0,0,0,0,1,0,0,0,0,1],"contentsRect":{"y":0,"x":0,"width":1,"height":1},"opacity":1,"edgeAntialiasingMask":0,"height":42,"hidden":false,"anchorPoint":{"pointX":0.5,"pointY":0.5}},"texture":"A195FFC70B722049AFF55E5FCD5FB274"}]}]},{"animations":[],"initialState":{"affineTransform":[1,0,0,1,0,0],"masksToBounds":false,"rotation":0,"scale":1,"position":{"pointX":512,"pointY":384},"width":1024,"sublayerTransform":[1,0,0,0,0,1,0,0,0,0,1,0,0,0,0,1],"contentsRect":{"y":0,"x":0,"width":1,"height":1},"opacity":1,"edgeAntialiasingMask":251658240,"height":768,"hidden":false,"anchorPoint":{"pointX":0.5,"pointY":0.5}},"layers":[{"animations":[],"initialState":{"affineTransform":[1,0,0,1,0,0],"masksToBounds":false,"rotation":0,"scale":1,"position":{"pointX":500.844831943512,"pointY":126.2444611787796},"width":862.9231233596802,"sublayerTransform":[1,0,0,0,0,1,0,0,0,0,1,0,0,0,0,1],"contentsRect":{"y":0,"x":0,"width":1,"height":1},"opacity":1,"edgeAntialiasingMask":251658240,"height":46.1318666934967,"hidden":false,"anchorPoint":{"pointX":0.5,"pointY":0.5}},"objectID":"52373DE7-F5CE-4023-9678-97ADCD841440","layers":[{"animations":[],"layers":[],"initialState":{"affineTransform":[1,0,0,1,0,0],"masksToBounds":false,"rotation":0,"scale":1,"position":{"pointX":431.1167297363281,"pointY":24.82147216796875},"width":857,"sublayerTransform":[1,0,0,0,0,1,0,0,0,0,1,0,0,0,0,1],"contentsRect":{"y":0,"x":0,"width":1,"height":1},"opacity":1,"edgeAntialiasingMask":0,"height":32,"hidden":false,"anchorPoint":{"pointX":0.5,"pointY":0.5}},"texture":"2F5273E48820B549F9C0D4E271FD3C8D"}]}]},{"animations":[],"initialState":{"affineTransform":[1,0,0,1,0,0],"masksToBounds":false,"rotation":0,"scale":1,"position":{"pointX":512,"pointY":384},"width":1024,"sublayerTransform":[1,0,0,0,0,1,0,0,0,0,1,0,0,0,0,1],"contentsRect":{"y":0,"x":0,"width":1,"height":1},"opacity":1,"edgeAntialiasingMask":251658240,"height":768,"hidden":false,"anchorPoint":{"pointX":0.5,"pointY":0.5}},"layers":[{"animations":[],"initialState":{"affineTransform":[1,0,0,1,0,0],"masksToBounds":false,"rotation":0,"scale":1,"position":{"pointX":-167.0513916015625,"pointY":-268.6939392089844},"width":236,"sublayerTransform":[1,0,0,0,0,1,0,0,0,0,1,0,0,0,0,1],"contentsRect":{"y":0,"x":0,"width":1,"height":1},"opacity":1,"edgeAntialiasingMask":251658240,"height":101,"hidden":false,"anchorPoint":{"pointX":0.5,"pointY":0.5}},"objectID":"BAAB8CF3-91DB-4F68-90D4-4D099A8E8F46","layers":[{"animations":[],"layers":[],"initialState":{"affineTransform":[1,0,0,1,0,0],"masksToBounds":false,"rotation":0,"scale":1,"position":{"pointX":117.5513916015625,"pointY":50.19393920898438},"width":239,"sublayerTransform":[1,0,0,0,0,1,0,0,0,0,1,0,0,0,0,1],"contentsRect":{"y":0,"x":0,"width":1,"height":1},"opacity":1,"edgeAntialiasingMask":0,"height":104,"hidden":false,"anchorPoint":{"pointX":0.5,"pointY":0.5}},"texture":"593E206575F248496DFDFB43E256EC77"}]}]},{"animations":[],"initialState":{"affineTransform":[1,0,0,1,0,0],"masksToBounds":false,"rotation":0,"scale":1,"position":{"pointX":512,"pointY":384},"width":1024,"sublayerTransform":[1,0,0,0,0,1,0,0,0,0,1,0,0,0,0,1],"contentsRect":{"y":0,"x":0,"width":1,"height":1},"opacity":1,"edgeAntialiasingMask":251658240,"height":768,"hidden":false,"anchorPoint":{"pointX":0.5,"pointY":0.5}},"layers":[{"animations":[],"initialState":{"affineTransform":[1,0,0,1,0,0],"masksToBounds":false,"rotation":0,"scale":1,"position":{"pointX":361.534772339277,"pointY":191.1910858154297},"width":576.2559918221086,"sublayerTransform":[1,0,0,0,0,1,0,0,0,0,1,0,0,0,0,1],"contentsRect":{"y":0,"x":0,"width":1,"height":1},"opacity":1,"edgeAntialiasingMask":251658240,"height":56,"hidden":false,"anchorPoint":{"pointX":0.5,"pointY":0.5}},"objectID":"09D018DF-398C-490F-AFA8-6070C8387118","layers":[{"animations":[],"layers":[],"initialState":{"affineTransform":[1,0,0,1,0,0],"masksToBounds":false,"rotation":0,"scale":1,"position":{"pointX":288.0932235717773,"pointY":29.80891418457031},"width":569,"sublayerTransform":[1,0,0,0,0,1,0,0,0,0,1,0,0,0,0,1],"contentsRect":{"y":0,"x":0,"width":1,"height":1},"opacity":1,"edgeAntialiasingMask":0,"height":38,"hidden":false,"anchorPoint":{"pointX":0.5,"pointY":0.5}},"texture":"5820E1EE8A72FE24254247CDF6CB0B8B"}]}]},{"animations":[],"initialState":{"affineTransform":[1,0,0,1,0,0],"masksToBounds":false,"rotation":0,"scale":1,"position":{"pointX":512,"pointY":384},"width":1024,"sublayerTransform":[1,0,0,0,0,1,0,0,0,0,1,0,0,0,0,1],"contentsRect":{"y":0,"x":0,"width":1,"height":1},"opacity":1,"edgeAntialiasingMask":251658240,"height":768,"hidden":false,"anchorPoint":{"pointX":0.5,"pointY":0.5}},"layers":[{"animations":[],"initialState":{"affineTransform":[1,0,0,1,0,0],"masksToBounds":false,"rotation":0,"scale":1,"position":{"pointX":511.9999847412109,"pointY":338.2596435546875},"width":316.6319885253906,"sublayerTransform":[1,0,0,0,0,1,0,0,0,0,1,0,0,0,0,1],"contentsRect":{"y":0,"x":0,"width":1,"height":1},"opacity":1,"edgeAntialiasingMask":251658240,"height":219,"hidden":false,"anchorPoint":{"pointX":0.5,"pointY":0.5}},"objectID":"9931E003-B75A-4D9F-98FE-A49D906E7793","layers":[{"animations":[],"layers":[],"initialState":{"affineTransform":[1,0,0,1,0,0],"masksToBounds":false,"rotation":0,"scale":1,"position":{"pointX":158.3160095214844,"pointY":109.2403564453125},"width":320,"sublayerTransform":[1,0,0,0,0,1,0,0,0,0,1,0,0,0,0,1],"contentsRect":{"y":0,"x":0,"width":1,"height":1},"opacity":1,"edgeAntialiasingMask":0,"height":222,"hidden":true,"anchorPoint":{"pointX":0.5,"pointY":0.5}},"texture":"7EB9D4543AF27DC02C5F607527A492DF"}]}]},{"animations":[],"initialState":{"affineTransform":[1,0,0,1,0,0],"masksToBounds":false,"rotation":0,"scale":1,"position":{"pointX":512,"pointY":384},"width":1024,"sublayerTransform":[1,0,0,0,0,1,0,0,0,0,1,0,0,0,0,1],"contentsRect":{"y":0,"x":0,"width":1,"height":1},"opacity":1,"edgeAntialiasingMask":251658240,"height":768,"hidden":false,"anchorPoint":{"pointX":0.5,"pointY":0.5}},"layers":[{"animations":[],"initialState":{"affineTransform":[1,0,0,1,0,0],"masksToBounds":false,"rotation":0,"scale":1,"position":{"pointX":771.3990478515625,"pointY":408.8540496826172},"width":258.4559326171875,"sublayerTransform":[1,0,0,0,0,1,0,0,0,0,1,0,0,0,0,1],"contentsRect":{"y":0,"x":0,"width":1,"height":1},"opacity":1,"edgeAntialiasingMask":251658240,"height":280.9437561035156,"hidden":false,"anchorPoint":{"pointX":0.5,"pointY":0.5}},"objectID":"B9E23BF4-9388-49BF-B29E-0868624AA910","layers":[{"animations":[],"layers":[],"initialState":{"affineTransform":[1,0,0,1,0,0],"masksToBounds":false,"rotation":0,"scale":1,"position":{"pointX":129.3289184570312,"pointY":149.6178283691406},"width":261,"sublayerTransform":[1,0,0,0,0,1,0,0,0,0,1,0,0,0,0,1],"contentsRect":{"y":0,"x":0,"width":1,"height":1},"opacity":1,"edgeAntialiasingMask":0,"height":302,"hidden":true,"anchorPoint":{"pointX":0.5,"pointY":0.5}},"texture":"406046A16F17B4A86A6F2F45D962920B"}]}]},{"animations":[],"initialState":{"affineTransform":[1,0,0,1,0,0],"masksToBounds":false,"rotation":0,"scale":1,"position":{"pointX":512,"pointY":384},"width":1024,"sublayerTransform":[1,0,0,0,0,1,0,0,0,0,1,0,0,0,0,1],"contentsRect":{"y":0,"x":0,"width":1,"height":1},"opacity":1,"edgeAntialiasingMask":251658240,"height":768,"hidden":false,"anchorPoint":{"pointX":0.5,"pointY":0.5}},"layers":[{"animations":[],"initialState":{"affineTransform":[1,0,0,1,0,0],"masksToBounds":false,"rotation":0,"scale":1,"position":{"pointX":297.0118713378906,"pointY":500.3906860351562},"width":321.5842895507812,"sublayerTransform":[1,0,0,0,0,1,0,0,0,0,1,0,0,0,0,1],"contentsRect":{"y":0,"x":0,"width":1,"height":1},"opacity":1,"edgeAntialiasingMask":251658240,"height":86.125,"hidden":false,"anchorPoint":{"pointX":0.5,"pointY":0.5}},"objectID":"089528D7-61B2-43E6-B8D3-73B7D6A2775C","layers":[{"animations":[],"layers":[],"initialState":{"affineTransform":[1,0,0,1,0,0],"masksToBounds":false,"rotation":0,"scale":1,"position":{"pointX":160.7802734375,"pointY":43.17181396484375},"width":324,"sublayerTransform":[1,0,0,0,0,1,0,0,0,0,1,0,0,0,0,1],"contentsRect":{"y":0,"x":0,"width":1,"height":1},"opacity":1,"edgeAntialiasingMask":0,"height":89,"hidden":true,"anchorPoint":{"pointX":0.5,"pointY":0.5}},"texture":"0C4C671DB5FCDA62CEDD8082A1DCA646"}]}]},{"animations":[],"initialState":{"affineTransform":[1,0,0,1,0,0],"masksToBounds":false,"rotation":0,"scale":1,"position":{"pointX":512,"pointY":384},"width":1024,"sublayerTransform":[1,0,0,0,0,1,0,0,0,0,1,0,0,0,0,1],"contentsRect":{"y":0,"x":0,"width":1,"height":1},"opacity":1,"edgeAntialiasingMask":251658240,"height":768,"hidden":false,"anchorPoint":{"pointX":0.5,"pointY":0.5}},"layers":[{"animations":[],"initialState":{"affineTransform":[1,0,0,1,0,0],"masksToBounds":false,"rotation":0,"scale":1,"position":{"pointX":408.7202453613281,"pointY":604.05419921875},"width":235.96875,"sublayerTransform":[1,0,0,0,0,1,0,0,0,0,1,0,0,0,0,1],"contentsRect":{"y":0,"x":0,"width":1,"height":1},"opacity":1,"edgeAntialiasingMask":251658240,"height":122.5,"hidden":false,"anchorPoint":{"pointX":0.5,"pointY":0.5}},"objectID":"3D7E1436-9C1D-4BC5-B5A4-CF032A0020A0","layers":[{"animations":[],"layers":[],"initialState":{"affineTransform":[1,0,0,1,0,0],"masksToBounds":false,"rotation":0,"scale":1,"position":{"pointX":117.7641296386719,"pointY":61.19580078125},"width":239,"sublayerTransform":[1,0,0,0,0,1,0,0,0,0,1,0,0,0,0,1],"contentsRect":{"y":0,"x":0,"width":1,"height":1},"opacity":1,"edgeAntialiasingMask":0,"height":126,"hidden":true,"anchorPoint":{"pointX":0.5,"pointY":0.5}},"texture":"02EDA08DF0C0CC2C48AF5DE0FB842DF8"}]}]},{"animations":[],"initialState":{"affineTransform":[1,0,0,1,0,0],"masksToBounds":false,"rotation":0,"scale":1,"position":{"pointX":512,"pointY":384},"width":1024,"sublayerTransform":[1,0,0,0,0,1,0,0,0,0,1,0,0,0,0,1],"contentsRect":{"y":0,"x":0,"width":1,"height":1},"opacity":1,"edgeAntialiasingMask":251658240,"height":768,"hidden":false,"anchorPoint":{"pointX":0.5,"pointY":0.5}},"layers":[{"animations":[],"initialState":{"affineTransform":[1,0,0,1,0,0],"masksToBounds":false,"rotation":0,"scale":1,"position":{"pointX":195.7087783813477,"pointY":366.8742980957031},"width":258.4559326171875,"sublayerTransform":[1,0,0,0,0,1,0,0,0,0,1,0,0,0,0,1],"contentsRect":{"y":0,"x":0,"width":1,"height":1},"opacity":1,"edgeAntialiasingMask":251658240,"height":157.5716552734375,"hidden":false,"anchorPoint":{"pointX":0.5,"pointY":0.5}},"objectID":"A7A21E8B-4424-4DB8-999A-0803AD54AC96","layers":[{"animations":[],"layers":[],"initialState":{"affineTransform":[1,0,0,1,0,0],"masksToBounds":false,"rotation":0,"scale":1,"position":{"pointX":129.0191879272461,"pointY":78.91152954101562},"width":261,"sublayerTransform":[1,0,0,0,0,1,0,0,0,0,1,0,0,0,0,1],"contentsRect":{"y":0,"x":0,"width":1,"height":1},"opacity":1,"edgeAntialiasingMask":0,"height":160,"hidden":false,"anchorPoint":{"pointX":0.5,"pointY":0.5}},"texture":"B3A13E702ACA53A0DAFEDA956B1155AB"}]}]},{"animations":[],"initialState":{"affineTransform":[1,0,0,1,0,0],"masksToBounds":false,"rotation":0,"scale":1,"position":{"pointX":512,"pointY":384},"width":1024,"sublayerTransform":[1,0,0,0,0,1,0,0,0,0,1,0,0,0,0,1],"contentsRect":{"y":0,"x":0,"width":1,"height":1},"opacity":1,"edgeAntialiasingMask":251658240,"height":768,"hidden":false,"anchorPoint":{"pointX":0.5,"pointY":0.5}},"layers":[{"animations":[],"initialState":{"affineTransform":[1,0,0,1,0,0],"masksToBounds":false,"rotation":0,"scale":1,"position":{"pointX":690.8702034652233,"pointY":616.019287109375},"width":95.23979657888412,"sublayerTransform":[1,0,0,0,0,1,0,0,0,0,1,0,0,0,0,1],"contentsRect":{"y":0,"x":0,"width":1,"height":1},"opacity":1,"edgeAntialiasingMask":251658240,"height":107.0000023841858,"hidden":false,"anchorPoint":{"pointX":0.5,"pointY":0.5}},"objectID":"60E0C033-B890-401D-B292-0DB3F1B90174","layers":[{"animations":[],"layers":[],"initialState":{"affineTransform":[1,0,0,1,0,0],"masksToBounds":false,"rotation":0,"scale":1,"position":{"pointX":25.24969482421875,"pointY":53.4807140827179},"width":43,"sublayerTransform":[1,0,0,0,0,1,0,0,0,0,1,0,0,0,0,1],"contentsRect":{"y":0,"x":0,"width":1,"height":1},"opacity":1,"edgeAntialiasingMask":0,"height":108,"hidden":true,"anchorPoint":{"pointX":0.5,"pointY":0.5}},"texture":"0F96A5C433180F7D0C121C8F4F593409"}]}]}]}},{"effects":[{"beginTime":0,"baseLayer":{"animations":[],"initialState":{"affineTransform":[1,0,0,1,0,0],"masksToBounds":false,"rotation":0,"scale":1,"position":{"pointX":512,"pointY":384},"width":1024,"sublayerTransform":[1,0,0,0,0,1,0,0,0,0,1,0,0,0,0,1],"contentsRect":{"y":0,"x":0,"width":1,"height":1},"opacity":1,"edgeAntialiasingMask":251658240,"height":768,"hidden":false,"anchorPoint":{"pointX":0.5,"pointY":0.5}},"objectID":"0","layers":[{"animations":[],"initialState":{"affineTransform":[1,0,0,1,0,0],"masksToBounds":false,"rotation":0,"scale":1,"position":{"pointX":512,"pointY":384},"width":1024,"sublayerTransform":[1,0,0,0,0,1,0,0,0,0,1,-0.0004922987690640373,0,0,0,1],"contentsRect":{"y":0,"x":0,"width":1,"height":1},"opacity":1,"edgeAntialiasingMask":251658240,"height":768,"hidden":false,"anchorPoint":{"pointX":0.5,"pointY":0.5}},"layers":[{"animations":[],"layers":[],"initialState":{"affineTransform":[1,0,0,1,0,0],"masksToBounds":false,"rotation":0,"scale":1,"position":{"pointX":512,"pointY":384},"width":1024,"sublayerTransform":[1,0,0,0,0,1,0,0,0,0,1,0,0,0,0,1],"contentsRect":{"y":0,"x":0,"width":1,"height":1},"opacity":1,"edgeAntialiasingMask":0,"height":768,"hidden":false,"anchorPoint":{"pointX":0.5,"pointY":0.5}},"texture":"80229E9AAF3251B88FDA684BABC5F089"},{"animations":[{"timeOffset":0,"from":{"scalar":1},"beginTime":0,"repeatCount":0,"fillMode":"both","duration":0.949999988079071,"autoreverses":false,"timingFunction":"EaseInEaseOut","property":"opacity","to":{"scalar":0}}],"layers":[],"initialState":{"affineTransform":[1,0,0,1,0,0],"masksToBounds":false,"rotation":0,"scale":1,"position":{"pointX":512,"pointY":384},"width":1024,"sublayerTransform":[1,0,0,0,0,1,0,0,0,0,1,0,0,0,0,1],"contentsRect":{"y":0,"x":0,"width":1,"height":1},"opacity":1,"edgeAntialiasingMask":0,"height":768,"hidden":false,"anchorPoint":{"pointX":0.5,"pointY":0.5}},"texture":"A11EF49796243746D2C6129DC5B27D6C"}]}]},"effects":[],"duration":0.949999988079071,"type":"transition","name":"apple:dissolve","objectID":"0"}],"automaticPlay":false,"hyperlinks":[],"accessibility":[{"text":"Scene level","targetRectangle":{"y":275.3821721531378,"x":685.6017837524414,"width":182.088,"height":49}},{"text":"connect","targetRectangle":{"y":595.30419921875,"x":330.7358703613281,"width":85.36799999999999,"height":33}},{"text":"disconnect","targetRectangle":{"y":628.30419921875,"x":330.7358703613281,"width":116.016,"height":33}},{"text":"Application level","targetRectangle":{"y":232.7596440315247,"x":396.6839904785156,"width":268.6319999999999,"height":49}},{"text":" ","targetRectangle":{"y":566.5192859172821,"x":683.2503051757812,"width":6.672000000000025,"height":33}},{"text":" ","targetRectangle":{"y":599.5192859172821,"x":683.2503051757812,"width":6.672000000000025,"height":33}},{"text":" ","targetRectangle":{"y":632.5192859172821,"x":683.2503051757812,"width":6.672000000000025,"height":33}},{"text":"pasted-image.tif","targetRectangle":{"y":-319.1939392089844,"x":-285.0513916015625,"width":236,"height":101}},{"text":"An environment for the design of interactive augmented music scores","targetRectangle":{"y":107.1785278320312,"x":74.31984863281264,"width":853.0499999999997,"height":38}},{"text":"hello","targetRectangle":{"y":278.7596399784088,"x":393.6839904785156,"width":52.44,"height":33}},{"text":"load","targetRectangle":{"y":311.7596399784088,"x":393.6839904785156,"width":47.11199999999997,"height":33}},{"text":"rootPath","targetRectangle":{"y":344.7596399784088,"x":393.6839904785156,"width":91.512,"height":33}},{"text":"forward","targetRectangle":{"y":377.7596399784088,"x":393.6839904785156,"width":81.28800000000001,"height":33}},{"text":"quit","targetRectangle":{"y":410.7596399784088,"x":393.6839904785156,"width":41.73599999999999,"height":33}},{"text":"Score level","targetRectangle":{"y":295.0884704589844,"x":104.508358001709,"width":174.708,"height":49}},{"text":"Javascript engine","targetRectangle":{"y":461.3281865119934,"x":172.7960052490234,"width":280.008,"height":49}},{"text":"page","targetRectangle":{"y":335.1601257324219,"x":106.4808120727539,"width":55.12799999999999,"height":33}},{"text":"dpage","targetRectangle":{"y":368.1601257324219,"x":106.4808120727539,"width":69.792,"height":33}},{"text":"pageFormat","targetRectangle":{"y":401.1601257324219,"x":106.4808120727539,"width":131.976,"height":33}},{"text":"new","targetRectangle":{"y":321.622314453125,"x":682.1710815429688,"width":44.01599999999996,"height":33}},{"text":"del","targetRectangle":{"y":354.622314453125,"x":682.1710815429688,"width":33.76800000000003,"height":33}},{"text":"load","targetRectangle":{"y":387.622314453125,"x":682.1710815429688,"width":47.11199999999997,"height":33}},{"text":"rootPath","targetRectangle":{"y":420.622314453125,"x":682.1710815429688,"width":91.51199999999994,"height":33}},{"text":"fullscreen","targetRectangle":{"y":453.622314453125,"x":682.1710815429688,"width":101.328,"height":33}},{"text":"forward","targetRectangle":{"y":486.622314453125,"x":682.1710815429688,"width":81.28800000000001,"height":33}},{"text":"foreground","targetRectangle":{"y":519.622314453125,"x":682.1710815429688,"width":120,"height":33}},{"text":"run","targetRectangle":{"y":506.4531850218773,"x":176.2197265625,"width":34.65600000000001,"height":33}},{"text":"Some useful type specific messages","targetRectangle":{"y":168.1910858154297,"x":77.40677642822266,"width":567.2559999999999,"height":46}},{"text":"INScore","targetRectangle":{"y":38,"x":73.57918548583984,"width":193.662,"height":72}},{"text":"Signals","targetRectangle":{"y":546.8041996955872,"x":331.7358703613281,"width":113.328,"height":49}}],"baseLayer":{"animations":[],"initialState":{"affineTransform":[1,0,0,1,0,0],"masksToBounds":false,"rotation":0,"scale":1,"position":{"pointX":512,"pointY":384},"width":1024,"sublayerTransform":[1,0,0,0,0,1,0,0,0,0,1,0,0,0,0,1],"contentsRect":{"y":0,"x":0,"width":1,"height":1},"opacity":1,"edgeAntialiasingMask":251658240,"height":768,"hidden":false,"anchorPoint":{"pointX":0.5,"pointY":0.5}},"objectID":"0","layers":[{"animations":[],"initialState":{"affineTransform":[1,0,0,1,0,0],"masksToBounds":false,"rotation":0,"scale":1,"position":{"pointX":512,"pointY":384},"width":1024,"sublayerTransform":[1,0,0,0,0,1,0,0,0,0,1,-0.0004922987690640373,0,0,0,1],"contentsRect":{"y":0,"x":0,"width":1,"height":1},"opacity":1,"edgeAntialiasingMask":251658240,"height":768,"hidden":false,"anchorPoint":{"pointX":0.5,"pointY":0.5}},"layers":[{"animations":[],"layers":[],"initialState":{"affineTransform":[1,0,0,1,0,0],"masksToBounds":false,"rotation":0,"scale":1,"position":{"pointX":512,"pointY":384},"width":1024,"sublayerTransform":[1,0,0,0,0,1,0,0,0,0,1,0,0,0,0,1],"contentsRect":{"y":0,"x":0,"width":1,"height":1},"opacity":1,"edgeAntialiasingMask":0,"height":768,"hidden":false,"anchorPoint":{"pointX":0.5,"pointY":0.5}},"texture":"A11EF49796243746D2C6129DC5B27D6C"}]}]}}]}