{"assets":{"669D3279ED2B9712A48618916DE4A146":{"type":"texture","index":1359,"assetRequest":{"type":"slide","state":"contents","slide":"D4CFFAA8-DFF9-4925-8EA0-D9BE3D689EE1"},"url":{"web":"assets/669D3279ED2B9712A48618916DE4A146.svg"},"width":555,"height":110},"C0BD86726DDC00B316E85C7E09E8768F":{"type":"texture","index":1353,"assetRequest":{"type":"slide","state":"contents","slide":"D4CFFAA8-DFF9-4925-8EA0-D9BE3D689EE1"},"url":{"web":"assets/C0BD86726DDC00B316E85C7E09E8768F.svg"},"width":23,"height":17},"11F1E9786A1712810FDDA72F2C0648B8":{"type":"texture","index":1375,"assetRequest":{"type":"slide","state":"contents","slide":"D4CFFAA8-DFF9-4925-8EA0-D9BE3D689EE1"},"url":{"web":"assets/11F1E9786A1712810FDDA72F2C0648B8.svg"},"width":532,"height":22},"C37A6C74E3B2F5040DE359F5FAD460A0":{"type":"texture","index":1361,"assetRequest":{"type":"slide","state":"contents","slide":"D4CFFAA8-DFF9-4925-8EA0-D9BE3D689EE1"},"url":{"web":"assets/C37A6C74E3B2F5040DE359F5FAD460A0.svg"},"width":384,"height":39},"00D16C07422EE09CB60B71A3B39C3F75":{"type":"texture","index":1357,"assetRequest":{"type":"slide","state":"contents","slide":"D4CFFAA8-DFF9-4925-8EA0-D9BE3D689EE1"},"url":{"web":"assets/00D16C07422EE09CB60B71A3B39C3F75.svg"},"width":79,"height":38},"A195FFC70B722049AFF55E5FCD5FB274":{"type":"texture","index":1352,"assetRequest":{"type":"slide","state":"contents","slide":"D4CFFAA8-DFF9-4925-8EA0-D9BE3D689EE1"},"url":{"web":"assets/A195FFC70B722049AFF55E5FCD5FB274.svg"},"width":191,"height":42},"F456DD54DF453DC8A1DFCC384820EB5A":{"type":"texture","index":1365,"assetRequest":{"type":"slide","state":"text","slide":"D4CFFAA8-DFF9-4925-8EA0-D9BE3D689EE1"},"url":{"web":"assets/F456DD54DF453DC8A1DFCC384820EB5A.svg"},"width":302,"height":34},"1C0DED6CF22CA545DD08E851BDA7DD2F":{"type":"texture","index":1371,"assetRequest":{"type":"slide","state":"text","slide":"D4CFFAA8-DFF9-4925-8EA0-D9BE3D689EE1"},"url":{"web":"assets/1C0DED6CF22CA545DD08E851BDA7DD2F.svg"},"width":426,"height":25},"510A3A213163D79829E94B4ADE0FA67A":{"type":"texture","index":1364,"assetRequest":{"type":"slide","state":"object","slide":"D4CFFAA8-DFF9-4925-8EA0-D9BE3D689EE1"},"url":{"web":"assets/510A3A213163D79829E94B4ADE0FA67A.svg"},"width":888,"height":477},"593E206575F248496DFDFB43E256EC77":{"type":"texture","index":1355,"assetRequest":{"type":"slide","state":"contents","slide":"D4CFFAA8-DFF9-4925-8EA0-D9BE3D689EE1"},"url":{"web":"assets/593E206575F248496DFDFB43E256EC77.svg"},"width":239,"height":104},"7C9271C860898E67CA1988CCE7CB2ABC":{"type":"texture","index":1372,"assetRequest":{"type":"slide","state":"text","slide":"D4CFFAA8-DFF9-4925-8EA0-D9BE3D689EE1"},"url":{"web":"assets/7C9271C860898E67CA1988CCE7CB2ABC.svg"},"width":545,"height":22},"0D0258A4E44BAB4B5C10C7767AA3FC79":{"type":"texture","index":1368,"assetRequest":{"type":"slide","state":"text","slide":"D4CFFAA8-DFF9-4925-8EA0-D9BE3D689EE1"},"url":{"web":"assets/0D0258A4E44BAB4B5C10C7767AA3FC79.svg"},"width":506,"height":34},"D213E1D0CB31F4DA1CEAB76273A004FB":{"type":"texture","index":1358,"assetRequest":{"type":"slide","state":"contents","slide":"D4CFFAA8-DFF9-4925-8EA0-D9BE3D689EE1"},"url":{"web":"assets/D213E1D0CB31F4DA1CEAB76273A004FB.svg"},"width":302,"height":72},"D0DA552900688ECEA18D47F73D2D4447":{"type":"texture","index":1377,"assetRequest":{"type":"slide","state":"contents","slide":"D4CFFAA8-DFF9-4925-8EA0-D9BE3D689EE1"},"url":{"web":"assets/D0DA552900688ECEA18D47F73D2D4447.svg"},"width":546,"height":22},"B1ED6FF8647FCC9B1A35BED7539996F0":{"type":"texture","index":1378,"assetRequest":{"type":"slide","state":"contents","slide":"D4CFFAA8-DFF9-4925-8EA0-D9BE3D689EE1"},"url":{"web":"assets/B1ED6FF8647FCC9B1A35BED7539996F0.svg"},"width":412,"height":25},"E75C696CE19769240126F6070494189B":{"type":"texture","index":1360,"assetRequest":{"type":"slide","state":"contents","slide":"D4CFFAA8-DFF9-4925-8EA0-D9BE3D689EE1"},"url":{"web":"assets/E75C696CE19769240126F6070494189B.svg"},"width":398,"height":38},"6C40DEB13946BF80025635D75267557D":{"type":"texture","index":1373,"assetRequest":{"type":"slide","state":"text","slide":"D4CFFAA8-DFF9-4925-8EA0-D9BE3D689EE1"},"url":{"web":"assets/6C40DEB13946BF80025635D75267557D.svg"},"width":411,"height":25},"2F5273E48820B549F9C0D4E271FD3C8D":{"type":"texture","index":1354,"assetRequest":{"type":"slide","state":"contents","slide":"D4CFFAA8-DFF9-4925-8EA0-D9BE3D689EE1"},"url":{"web":"assets/2F5273E48820B549F9C0D4E271FD3C8D.svg"},"width":857,"height":32},"329E946D698C94C1AC129D4CCD48CA0A":{"type":"texture","index":1374,"assetRequest":{"type":"slide","state":"contents","slide":"D4CFFAA8-DFF9-4925-8EA0-D9BE3D689EE1"},"url":{"web":"assets/329E946D698C94C1AC129D4CCD48CA0A.svg"},"width":23,"height":17},"AC035E7FD681FB96766503BAEB164BCE":{"type":"texture","index":1362,"assetRequest":{"type":"slide","state":"contents","slide":"D4CFFAA8-DFF9-4925-8EA0-D9BE3D689EE1"},"url":{"web":"assets/AC035E7FD681FB96766503BAEB164BCE.svg"},"width":651,"height":112},"49BC1725B4F4069C932E0DEA145E93C0":{"type":"texture","index":1356,"assetRequest":{"type":"slide","state":"contents","slide":"D4CFFAA8-DFF9-4925-8EA0-D9BE3D689EE1"},"url":{"web":"assets/49BC1725B4F4069C932E0DEA145E93C0.svg"},"width":888,"height":476},"B43CDAE8B1BCE9229017F785CC8CF8BB":{"type":"texture","index":1376,"assetRequest":{"type":"slide","state":"contents","slide":"D4CFFAA8-DFF9-4925-8EA0-D9BE3D689EE1"},"url":{"web":"assets/B43CDAE8B1BCE9229017F785CC8CF8BB.svg"},"width":427,"height":25},"6E030A051E23720D2AD7608B9DE19BAC":{"type":"texture","index":1366,"assetRequest":{"type":"slide","state":"text","slide":"D4CFFAA8-DFF9-4925-8EA0-D9BE3D689EE1"},"url":{"web":"assets/6E030A051E23720D2AD7608B9DE19BAC.svg"},"width":209,"height":28},"F74786B2A1F1741E119E98C9A171ECDF":{"type":"texture","index":1369,"assetRequest":{"type":"slide","state":"text","slide":"D4CFFAA8-DFF9-4925-8EA0-D9BE3D689EE1"},"url":{"web":"assets/F74786B2A1F1741E119E98C9A171ECDF.svg"},"width":553,"height":34},"2EAA4E2785B165B658078E55FF1C20F3":{"type":"texture","index":1370,"assetRequest":{"type":"slide","state":"text","slide":"D4CFFAA8-DFF9-4925-8EA0-D9BE3D689EE1"},"url":{"web":"assets/2EAA4E2785B165B658078E55FF1C20F3.svg"},"width":531,"height":22},"E2FBFEEC8BF2A9C5355678529EEF7F59":{"type":"texture","index":1367,"assetRequest":{"type":"slide","state":"text","slide":"D4CFFAA8-DFF9-4925-8EA0-D9BE3D689EE1"},"url":{"web":"assets/E2FBFEEC8BF2A9C5355678529EEF7F59.svg"},"width":535,"height":34},"DB8451458D98EFA7506DBEBC2B1323F0":{"type":"texture","index":1351,"assetRequest":{"type":"slide","state":"contents","slide":"D4CFFAA8-DFF9-4925-8EA0-D9BE3D689EE1"},"url":{"web":"assets/DB8451458D98EFA7506DBEBC2B1323F0.svg"},"width":1024,"height":768},"61CD49CA928B1F6093AF24D91B32445F":{"type":"texture","index":1363,"assetRequest":{"type":"slide","state":"contents","slide":"D4CFFAA8-DFF9-4925-8EA0-D9BE3D689EE1"},"url":{"web":"assets/61CD49CA928B1F6093AF24D91B32445F.svg"},"width":593,"height":39}},"events":[{"effects":[{"beginTime":0,"baseLayer":{"animations":[],"initialState":{"affineTransform":[1,0,0,1,0,0],"masksToBounds":false,"rotation":0,"scale":1,"position":{"pointX":554.1073694229126,"pointY":584.44873046875},"width":589.7240161895752,"sublayerTransform":[1,0,0,0,0,1,0,0,0,0,1,0,0,0,0,1],"contentsRect":{"y":0,"x":0,"width":1,"height":1},"opacity":1,"edgeAntialiasingMask":251658240,"height":122.0000028610229,"hidden":false,"anchorPoint":{"pointX":0.5,"pointY":0.5}},"objectID":"DE8D1C22-EAED-4FFA-84E6-2A30CBD40ECB","layers":[{"animations":[],"initialState":{"affineTransform":[1,0,0,1,0,0],"masksToBounds":false,"rotation":0,"scale":1,"position":{"pointX":252.754638671875,"pointY":-139.4487290382385},"width":589.7240161895752,"sublayerTransform":[1,0,0,0,0,1,0,0,0,0,1,-0.0004922987690640373,0,0,0,1],"contentsRect":{"y":0,"x":0,"width":1,"height":1},"opacity":1,"edgeAntialiasingMask":251658240,"height":122.0000028610229,"hidden":false,"anchorPoint":{"pointX":0.4285981776781216,"pointY":-1.143022342360864}},"layers":[{"animations":[{"timeOffset":0,"beginTime":1e-100,"repeatCount":0,"animations":[{"timeOffset":0,"from":{"scalar":0},"beginTime":0,"repeatCount":0,"fillMode":"both","duration":0.5,"autoreverses":false,"timingFunction":"EaseInEaseOut","property":"opacity","to":{"scalar":1}},{"timeOffset":0,"from":{"scalar":false},"beginTime":0,"repeatCount":0,"fillMode":"forwards","property":"hidden","autoreverses":false,"duration":0.5,"to":{"scalar":false}}],"fillMode":"both","autoreverses":false,"duration":0.5}],"layers":[],"initialState":{"affineTransform":[1,0,0,1,0,0],"masksToBounds":false,"rotation":0,"scale":1,"position":{"pointX":280.254638671875,"pointY":64.55127096176147},"width":555,"sublayerTransform":[1,0,0,0,0,1,0,0,0,0,1,0,0,0,0,1],"contentsRect":{"y":0,"x":0,"width":1,"height":1},"opacity":1,"edgeAntialiasingMask":0,"height":110,"hidden":true,"anchorPoint":{"pointX":0.5,"pointY":0.5}},"texture":"669D3279ED2B9712A48618916DE4A146"}]}]},"effects":[],"duration":0.5,"type":"buildIn","attributes":{"direction":0},"name":"com.apple.iWork.Keynote.FromDarkness","objectID":"DE8D1C22-EAED-4FFA-84E6-2A30CBD40ECB"},{"beginTime":0,"baseLayer":{"animations":[],"initialState":{"affineTransform":[1,0,0,1,0,0],"masksToBounds":false,"rotation":0,"scale":1,"position":{"pointX":528.2979941368103,"pointY":440.9999870657921},"width":389.3318891525269,"sublayerTransform":[1,0,0,0,0,1,0,0,0,0,1,0,0,0,0,1],"contentsRect":{"y":0,"x":0,"width":1,"height":1},"opacity":1,"edgeAntialiasingMask":251658240,"height":25.61130225658417,"hidden":false,"anchorPoint":{"pointX":0.5,"pointY":0.5}},"objectID":"7B1538F4-4D68-49D3-855F-5804068376ED","layers":[{"animations":[],"initialState":{"affineTransform":[1,0,0,1,0,0],"masksToBounds":false,"rotation":0,"scale":1,"position":{"pointX":178.3679504394531,"pointY":-44.1943359375},"width":389.3318891525269,"sublayerTransform":[1,0,0,0,0,1,0,0,0,0,1,-0.0004922987690640373,0,0,0,1],"contentsRect":{"y":0,"x":0,"width":1,"height":1},"opacity":1,"edgeAntialiasingMask":251658240,"height":25.61130225658417,"hidden":false,"anchorPoint":{"pointX":0.4581385584101864,"pointY":-1.725579413914359}},"layers":[{"animations":[{"timeOffset":0,"beginTime":1e-100,"repeatCount":0,"animations":[{"timeOffset":0,"from":{"scalar":0},"beginTime":0,"repeatCount":0,"fillMode":"both","duration":0.5,"autoreverses":false,"timingFunction":"EaseInEaseOut","property":"opacity","to":{"scalar":1}},{"timeOffset":0,"from":{"scalar":false},"beginTime":0,"repeatCount":0,"fillMode":"forwards","property":"hidden","autoreverses":false,"duration":0.5,"to":{"scalar":false}}],"fillMode":"both","autoreverses":false,"duration":0.5}],"layers":[],"initialState":{"affineTransform":[1,0,0,1,0,0],"masksToBounds":false,"rotation":0,"scale":1,"position":{"pointX":194.3679504394531,"pointY":12.8056640625},"width":398,"sublayerTransform":[1,0,0,0,0,1,0,0,0,0,1,0,0,0,0,1],"contentsRect":{"y":0,"x":0,"width":1,"height":1},"opacity":1,"edgeAntialiasingMask":0,"height":38,"hidden":true,"anchorPoint":{"pointX":0.5,"pointY":0.5}},"texture":"E75C696CE19769240126F6070494189B"}]}]},"effects":[],"duration":0.5,"type":"buildIn","attributes":{"direction":0},"name":"com.apple.iWork.Keynote.FromDarkness","objectID":"7B1538F4-4D68-49D3-855F-5804068376ED"},{"beginTime":0,"baseLayer":{"animations":[],"initialState":{"affineTransform":[1,0,0,1,0,0],"masksToBounds":false,"rotation":0,"scale":1,"position":{"pointX":520.9854102134705,"pointY":498.243364751339},"width":374.7067213058472,"sublayerTransform":[1,0,0,0,0,1,0,0,0,0,1,0,0,0,0,1],"contentsRect":{"y":0,"x":0,"width":1,"height":1},"opacity":1,"edgeAntialiasingMask":251658240,"height":25.61130225658417,"hidden":false,"anchorPoint":{"pointX":0.5,"pointY":0.5}},"objectID":"9C836960-6A75-424A-8E83-F5A9171042C9","layers":[{"animations":[],"initialState":{"affineTransform":[1,0,0,1,0,0],"masksToBounds":false,"rotation":0,"scale":1,"position":{"pointX":178.3679504394531,"pointY":-101.4377136230469},"width":374.7067213058472,"sublayerTransform":[1,0,0,0,0,1,0,0,0,0,1,-0.0004922987690640373,0,0,0,1],"contentsRect":{"y":0,"x":0,"width":1,"height":1},"opacity":1,"edgeAntialiasingMask":251658240,"height":25.61130225658417,"hidden":false,"anchorPoint":{"pointX":0.4760201520214091,"pointY":-3.960662078281053}},"layers":[{"animations":[{"timeOffset":0,"beginTime":1e-100,"repeatCount":0,"animations":[{"timeOffset":0,"from":{"scalar":0},"beginTime":0,"repeatCount":0,"fillMode":"both","duration":0.5,"autoreverses":false,"timingFunction":"EaseInEaseOut","property":"opacity","to":{"scalar":1}},{"timeOffset":0,"from":{"scalar":false},"beginTime":0,"repeatCount":0,"fillMode":"forwards","property":"hidden","autoreverses":false,"duration":0.5,"to":{"scalar":false}}],"fillMode":"both","autoreverses":false,"duration":0.5}],"layers":[],"initialState":{"affineTransform":[1,0,0,1,0,0],"masksToBounds":false,"rotation":0,"scale":1,"position":{"pointX":187.3679504394531,"pointY":13.06228637695312},"width":384,"sublayerTransform":[1,0,0,0,0,1,0,0,0,0,1,0,0,0,0,1],"contentsRect":{"y":0,"x":0,"width":1,"height":1},"opacity":1,"edgeAntialiasingMask":0,"height":39,"hidden":true,"anchorPoint":{"pointX":0.5,"pointY":0.5}},"texture":"C37A6C74E3B2F5040DE359F5FAD460A0"}]}]},"effects":[],"duration":0.5,"type":"buildIn","attributes":{"direction":0},"name":"com.apple.iWork.Keynote.FromDarkness","objectID":"9C836960-6A75-424A-8E83-F5A9171042C9"}],"automaticPlay":false,"hyperlinks":[],"accessibility":[{"text":"INScore","targetRectangle":{"y":38,"x":73.57918548583984,"width":193.662,"height":72}},{"text":"/ITL/scene/cursor watch timeEnter 2 3 ","targetRectangle":{"y":398.659758657217,"x":104,"width":547.2890625,"height":29}},{"text":"\t\t\t\t\t\t(/ITL/scene/cursor tempo -80);","targetRectangle":{"y":427.659758657217,"x":104,"width":648.0703125,"height":29}},{"text":"/ITL/scene/cursor watch timeEnter -1 0 ","targetRectangle":{"y":456.659758657217,"x":104,"width":561.69140625,"height":29}},{"text":"\t\t\t\t\t\t(/ITL/scene/cursor tempo 80);","targetRectangle":{"y":485.659758657217,"x":104,"width":633.66796875,"height":29}},{"text":"Time interval: ","targetRectangle":{"y":298.6244825124741,"x":494.0802917480469,"width":216.390625,"height":38}},{"text":"equivalent to 2 1 3 1","targetRectangle":{"y":336.6244825124741,"x":494.0802917480469,"width":304.109375,"height":38}},{"text":"An interaction sample (sample3.inscore)","targetRectangle":{"y":157.3436279296875,"x":77.40677642822266,"width":590.042,"height":46}},{"text":"￼","targetRectangle":{"y":721.5918579101562,"x":30.26875245571136,"width":20.016,"height":25}},{"text":"An environment for the design of interactive augmented music scores","targetRectangle":{"y":107.1785278320312,"x":74.31984863281264,"width":853.0499999999997,"height":38}},{"text":"pasted-image.tif","targetRectangle":{"y":-319.1939392089844,"x":-285.0513916015625,"width":236,"height":101}}],"baseLayer":{"animations":[],"initialState":{"affineTransform":[1,0,0,1,0,0],"masksToBounds":false,"rotation":0,"scale":1,"position":{"pointX":512,"pointY":384},"width":1024,"sublayerTransform":[1,0,0,0,0,1,0,0,0,0,1,0,0,0,0,1],"contentsRect":{"y":0,"x":0,"width":1,"height":1},"opacity":1,"edgeAntialiasingMask":251658240,"height":768,"hidden":false,"anchorPoint":{"pointX":0.5,"pointY":0.5}},"layers":[{"animations":[],"initialState":{"affineTransform":[1,0,0,1,0,0],"masksToBounds":false,"rotation":0,"scale":1,"position":{"pointX":512,"pointY":384},"width":1024,"sublayerTransform":[1,0,0,0,0,1,0,0,0,0,1,0,0,0,0,1],"contentsRect":{"y":0,"x":0,"width":1,"height":1},"opacity":1,"edgeAntialiasingMask":251658240,"height":768,"hidden":false,"anchorPoint":{"pointX":0.5,"pointY":0.5}},"layers":[{"animations":[],"initialState":{"affineTransform":[1,0,0,1,0,0],"masksToBounds":false,"rotation":0,"scale":1,"position":{"pointX":512,"pointY":384},"width":1024,"sublayerTransform":[1,0,0,0,0,1,0,0,0,0,1,0,0,0,0,1],"contentsRect":{"y":0,"x":0,"width":1,"height":1},"opacity":1,"edgeAntialiasingMask":251658240,"height":768,"hidden":false,"anchorPoint":{"pointX":0.5,"pointY":0.5}},"layers":[{"animations":[],"layers":[],"initialState":{"affineTransform":[1,0,0,1,0,0],"masksToBounds":false,"rotation":0,"scale":1,"position":{"pointX":512,"pointY":384},"width":1024,"sublayerTransform":[1,0,0,0,0,1,0,0,0,0,1,0,0,0,0,1],"contentsRect":{"y":0,"x":0,"width":1,"height":1},"opacity":1,"edgeAntialiasingMask":0,"height":768,"hidden":false,"anchorPoint":{"pointX":0.5,"pointY":0.5}},"texture":"DB8451458D98EFA7506DBEBC2B1323F0"}]}]},{"animations":[],"initialState":{"affineTransform":[1,0,0,1,0,0],"masksToBounds":false,"rotation":0,"scale":1,"position":{"pointX":512,"pointY":384},"width":1024,"sublayerTransform":[1,0,0,0,0,1,0,0,0,0,1,0,0,0,0,1],"contentsRect":{"y":0,"x":0,"width":1,"height":1},"opacity":1,"edgeAntialiasingMask":251658240,"height":768,"hidden":false,"anchorPoint":{"pointX":0.5,"pointY":0.5}},"layers":[{"animations":[],"initialState":{"affineTransform":[1,0,0,1,0,0],"masksToBounds":false,"rotation":0,"scale":1,"position":{"pointX":511.9999976158142,"pointY":69.49999928474426},"width":884.8416242599487,"sublayerTransform":[1,0,0,0,0,1,0,0,0,0,1,0,0,0,0,1],"contentsRect":{"y":0,"x":0,"width":1,"height":1},"opacity":1,"edgeAntialiasingMask":251658240,"height":88.99999856948853,"hidden":false,"anchorPoint":{"pointX":0.5,"pointY":0.5}},"objectID":"36D4539B-9B33-4FCE-8E45-07AC3884A873","layers":[{"animations":[],"layers":[],"initialState":{"affineTransform":[1,0,0,1,0,0],"masksToBounds":false,"rotation":0,"scale":1,"position":{"pointX":101.9208145141602,"pointY":47},"width":191,"sublayerTransform":[1,0,0,0,0,1,0,0,0,0,1,0,0,0,0,1],"contentsRect":{"y":0,"x":0,"width":1,"height":1},"opacity":1,"edgeAntialiasingMask":0,"height":42,"hidden":false,"anchorPoint":{"pointX":0.5,"pointY":0.5}},"texture":"A195FFC70B722049AFF55E5FCD5FB274"}]}]},{"animations":[],"initialState":{"affineTransform":[1,0,0,1,0,0],"masksToBounds":false,"rotation":0,"scale":1,"position":{"pointX":512,"pointY":384},"width":1024,"sublayerTransform":[1,0,0,0,0,1,0,0,0,0,1,0,0,0,0,1],"contentsRect":{"y":0,"x":0,"width":1,"height":1},"opacity":1,"edgeAntialiasingMask":251658240,"height":768,"hidden":false,"anchorPoint":{"pointX":0.5,"pointY":0.5}},"layers":[{"animations":[],"initialState":{"affineTransform":[1,0,0,1,0,0],"masksToBounds":false,"rotation":0,"scale":1,"position":{"pointX":40.27675247192383,"pointY":734.0918585658073},"width":29.01600003242493,"sublayerTransform":[1,0,0,0,0,1,0,0,0,0,1,0,0,0,0,1],"contentsRect":{"y":0,"x":0,"width":1,"height":1},"opacity":1,"edgeAntialiasingMask":251658240,"height":33.00000131130219,"hidden":false,"anchorPoint":{"pointX":0.5,"pointY":0.5}},"objectID":"A143EEDA-A682-493E-B512-F79E14AE14F7","layers":[{"animations":[],"layers":[],"initialState":{"affineTransform":[1,0,0,1,0,0],"masksToBounds":false,"rotation":0,"scale":1,"position":{"pointX":13.73124754428864,"pointY":15.90814208984375},"width":23,"sublayerTransform":[1,0,0,0,0,1,0,0,0,0,1,0,0,0,0,1],"contentsRect":{"y":0,"x":0,"width":1,"height":1},"opacity":1,"edgeAntialiasingMask":0,"height":17,"hidden":false,"anchorPoint":{"pointX":0.5,"pointY":0.5}},"texture":"C0BD86726DDC00B316E85C7E09E8768F"}]}]},{"animations":[],"initialState":{"affineTransform":[1,0,0,1,0,0],"masksToBounds":false,"rotation":0,"scale":1,"position":{"pointX":512,"pointY":384},"width":1024,"sublayerTransform":[1,0,0,0,0,1,0,0,0,0,1,0,0,0,0,1],"contentsRect":{"y":0,"x":0,"width":1,"height":1},"opacity":1,"edgeAntialiasingMask":251658240,"height":768,"hidden":false,"anchorPoint":{"pointX":0.5,"pointY":0.5}},"layers":[{"animations":[],"initialState":{"affineTransform":[1,0,0,1,0,0],"masksToBounds":false,"rotation":0,"scale":1,"position":{"pointX":500.844831943512,"pointY":126.2444611787796},"width":862.9231233596802,"sublayerTransform":[1,0,0,0,0,1,0,0,0,0,1,0,0,0,0,1],"contentsRect":{"y":0,"x":0,"width":1,"height":1},"opacity":1,"edgeAntialiasingMask":251658240,"height":46.1318666934967,"hidden":false,"anchorPoint":{"pointX":0.5,"pointY":0.5}},"objectID":"C2579A8B-4DF6-4DF5-88E3-D617A815B987","layers":[{"animations":[],"layers":[],"initialState":{"affineTransform":[1,0,0,1,0,0],"masksToBounds":false,"rotation":0,"scale":1,"position":{"pointX":431.1167297363281,"pointY":24.82147216796875},"width":857,"sublayerTransform":[1,0,0,0,0,1,0,0,0,0,1,0,0,0,0,1],"contentsRect":{"y":0,"x":0,"width":1,"height":1},"opacity":1,"edgeAntialiasingMask":0,"height":32,"hidden":false,"anchorPoint":{"pointX":0.5,"pointY":0.5}},"texture":"2F5273E48820B549F9C0D4E271FD3C8D"}]}]},{"animations":[],"initialState":{"affineTransform":[1,0,0,1,0,0],"masksToBounds":false,"rotation":0,"scale":1,"position":{"pointX":512,"pointY":384},"width":1024,"sublayerTransform":[1,0,0,0,0,1,0,0,0,0,1,0,0,0,0,1],"contentsRect":{"y":0,"x":0,"width":1,"height":1},"opacity":1,"edgeAntialiasingMask":251658240,"height":768,"hidden":false,"anchorPoint":{"pointX":0.5,"pointY":0.5}},"layers":[{"animations":[],"initialState":{"affineTransform":[1,0,0,1,0,0],"masksToBounds":false,"rotation":0,"scale":1,"position":{"pointX":-167.0513916015625,"pointY":-268.6939392089844},"width":236,"sublayerTransform":[1,0,0,0,0,1,0,0,0,0,1,0,0,0,0,1],"contentsRect":{"y":0,"x":0,"width":1,"height":1},"opacity":1,"edgeAntialiasingMask":251658240,"height":101,"hidden":false,"anchorPoint":{"pointX":0.5,"pointY":0.5}},"objectID":"C378C105-DF08-43AE-818D-D26B2B813002","layers":[{"animations":[],"layers":[],"initialState":{"affineTransform":[1,0,0,1,0,0],"masksToBounds":false,"rotation":0,"scale":1,"position":{"pointX":117.5513916015625,"pointY":50.19393920898438},"width":239,"sublayerTransform":[1,0,0,0,0,1,0,0,0,0,1,0,0,0,0,1],"contentsRect":{"y":0,"x":0,"width":1,"height":1},"opacity":1,"edgeAntialiasingMask":0,"height":104,"hidden":false,"anchorPoint":{"pointX":0.5,"pointY":0.5}},"texture":"593E206575F248496DFDFB43E256EC77"}]}]},{"animations":[],"initialState":{"affineTransform":[1,0,0,1,0,0],"masksToBounds":false,"rotation":0,"scale":1,"position":{"pointX":512,"pointY":384},"width":1024,"sublayerTransform":[1,0,0,0,0,1,0,0,0,0,1,0,0,0,0,1],"contentsRect":{"y":0,"x":0,"width":1,"height":1},"opacity":1,"edgeAntialiasingMask":251658240,"height":768,"hidden":false,"anchorPoint":{"pointX":0.5,"pointY":0.5}},"layers":[{"animations":[],"initialState":{"affineTransform":[1,0,0,1,0,0],"masksToBounds":false,"rotation":0,"scale":1,"position":{"pointX":516.7440586090088,"pointY":461.0811014175415},"width":884.8416328430176,"sublayerTransform":[1,0,0,0,0,1,0,0,0,0,1,0,0,0,0,1],"contentsRect":{"y":0,"x":0,"width":1,"height":1},"opacity":1,"edgeAntialiasingMask":251658240,"height":472.965669631958,"hidden":false,"anchorPoint":{"pointX":0.5,"pointY":0.5}},"objectID":"23AF3C62-D8B4-4C3E-B837-865CD1822562","layers":[{"animations":[],"layers":[],"initialState":{"affineTransform":[1,0,0,1,0,0],"masksToBounds":false,"rotation":0,"scale":1,"position":{"pointX":442.6767578125,"pointY":236.4017333984375},"width":888,"sublayerTransform":[1,0,0,0,0,1,0,0,0,0,1,0,0,0,0,1],"contentsRect":{"y":0,"x":0,"width":1,"height":1},"opacity":1,"edgeAntialiasingMask":0,"height":476,"hidden":false,"anchorPoint":{"pointX":0.5,"pointY":0.5}},"texture":"49BC1725B4F4069C932E0DEA145E93C0"}]}]},{"animations":[],"initialState":{"affineTransform":[1,0,0,1,0,0],"masksToBounds":false,"rotation":0,"scale":1,"position":{"pointX":512,"pointY":384},"width":1024,"sublayerTransform":[1,0,0,0,0,1,0,0,0,0,1,0,0,0,0,1],"contentsRect":{"y":0,"x":0,"width":1,"height":1},"opacity":1,"edgeAntialiasingMask":251658240,"height":768,"hidden":false,"anchorPoint":{"pointX":0.5,"pointY":0.5}},"layers":[{"animations":[],"initialState":{"affineTransform":[1,0,0,1,0,0],"masksToBounds":false,"rotation":0,"scale":1,"position":{"pointX":617.424437046051,"pointY":409.8515800833702},"width":70.26989459991455,"sublayerTransform":[1,0,0,0,0,1,0,0,0,0,1,0,0,0,0,1],"contentsRect":{"y":0,"x":0,"width":1,"height":1},"opacity":1,"edgeAntialiasingMask":251658240,"height":25.61130225658417,"hidden":false,"anchorPoint":{"pointX":0.5,"pointY":0.5}},"objectID":"A3DFD6D3-5233-4EB0-8888-0EC5610A286E","layers":[{"animations":[],"layers":[],"initialState":{"affineTransform":[1,0,0,1,0,0],"masksToBounds":false,"rotation":0,"scale":1,"position":{"pointX":35.21051025390625,"pointY":12.95407104492188},"width":79,"sublayerTransform":[1,0,0,0,0,1,0,0,0,0,1,0,0,0,0,1],"contentsRect":{"y":0,"x":0,"width":1,"height":1},"opacity":1,"edgeAntialiasingMask":0,"height":38,"hidden":false,"anchorPoint":{"pointX":0.5,"pointY":0.5}},"texture":"00D16C07422EE09CB60B71A3B39C3F75"}]}]},{"animations":[],"initialState":{"affineTransform":[1,0,0,1,0,0],"masksToBounds":false,"rotation":0,"scale":1,"position":{"pointX":512,"pointY":384},"width":1024,"sublayerTransform":[1,0,0,0,0,1,0,0,0,0,1,0,0,0,0,1],"contentsRect":{"y":0,"x":0,"width":1,"height":1},"opacity":1,"edgeAntialiasingMask":251658240,"height":768,"hidden":false,"anchorPoint":{"pointX":0.5,"pointY":0.5}},"layers":[{"animations":[],"initialState":{"affineTransform":[1,0,0,1,0,0],"masksToBounds":false,"rotation":0,"scale":1,"position":{"pointX":684.7462363243103,"pointY":336.6244812011719},"width":389.3318891525269,"sublayerTransform":[1,0,0,0,0,1,0,0,0,0,1,0,0,0,0,1],"contentsRect":{"y":0,"x":0,"width":1,"height":1},"opacity":1,"edgeAntialiasingMask":251658240,"height":83.99999737739563,"hidden":false,"anchorPoint":{"pointX":0.5,"pointY":0.5}},"objectID":"D1AE3BD0-F96F-4546-ADCA-97252AF0A475","layers":[{"animations":[],"layers":[],"initialState":{"affineTransform":[1,0,0,1,0,0],"masksToBounds":false,"rotation":0,"scale":1,"position":{"pointX":153.9197082519531,"pointY":45.37551748752594},"width":302,"sublayerTransform":[1,0,0,0,0,1,0,0,0,0,1,0,0,0,0,1],"contentsRect":{"y":0,"x":0,"width":1,"height":1},"opacity":1,"edgeAntialiasingMask":0,"height":72,"hidden":false,"anchorPoint":{"pointX":0.5,"pointY":0.5}},"texture":"D213E1D0CB31F4DA1CEAB76273A004FB"}]}]},{"animations":[],"initialState":{"affineTransform":[1,0,0,1,0,0],"masksToBounds":false,"rotation":0,"scale":1,"position":{"pointX":512,"pointY":384},"width":1024,"sublayerTransform":[1,0,0,0,0,1,0,0,0,0,1,0,0,0,0,1],"contentsRect":{"y":0,"x":0,"width":1,"height":1},"opacity":1,"edgeAntialiasingMask":251658240,"height":768,"hidden":false,"anchorPoint":{"pointX":0.5,"pointY":0.5}},"layers":[{"animations":[],"initialState":{"affineTransform":[1,0,0,1,0,0],"masksToBounds":false,"rotation":0,"scale":1,"position":{"pointX":554.1073694229126,"pointY":584.44873046875},"width":589.7240161895752,"sublayerTransform":[1,0,0,0,0,1,0,0,0,0,1,0,0,0,0,1],"contentsRect":{"y":0,"x":0,"width":1,"height":1},"opacity":1,"edgeAntialiasingMask":251658240,"height":122.0000028610229,"hidden":false,"anchorPoint":{"pointX":0.5,"pointY":0.5}},"objectID":"DE8D1C22-EAED-4FFA-84E6-2A30CBD40ECB","layers":[{"animations":[],"layers":[],"initialState":{"affineTransform":[1,0,0,1,0,0],"masksToBounds":false,"rotation":0,"scale":1,"position":{"pointX":280.254638671875,"pointY":64.55127096176147},"width":555,"sublayerTransform":[1,0,0,0,0,1,0,0,0,0,1,0,0,0,0,1],"contentsRect":{"y":0,"x":0,"width":1,"height":1},"opacity":1,"edgeAntialiasingMask":0,"height":110,"hidden":true,"anchorPoint":{"pointX":0.5,"pointY":0.5}},"texture":"669D3279ED2B9712A48618916DE4A146"}]}]},{"animations":[],"initialState":{"affineTransform":[1,0,0,1,0,0],"masksToBounds":false,"rotation":0,"scale":1,"position":{"pointX":512,"pointY":384},"width":1024,"sublayerTransform":[1,0,0,0,0,1,0,0,0,0,1,0,0,0,0,1],"contentsRect":{"y":0,"x":0,"width":1,"height":1},"opacity":1,"edgeAntialiasingMask":251658240,"height":768,"hidden":false,"anchorPoint":{"pointX":0.5,"pointY":0.5}},"layers":[{"animations":[],"initialState":{"affineTransform":[1,0,0,1,0,0],"masksToBounds":false,"rotation":0,"scale":1,"position":{"pointX":528.2979941368103,"pointY":440.9999870657921},"width":389.3318891525269,"sublayerTransform":[1,0,0,0,0,1,0,0,0,0,1,0,0,0,0,1],"contentsRect":{"y":0,"x":0,"width":1,"height":1},"opacity":1,"edgeAntialiasingMask":251658240,"height":25.61130225658417,"hidden":false,"anchorPoint":{"pointX":0.5,"pointY":0.5}},"objectID":"7B1538F4-4D68-49D3-855F-5804068376ED","layers":[{"animations":[],"layers":[],"initialState":{"affineTransform":[1,0,0,1,0,0],"masksToBounds":false,"rotation":0,"scale":1,"position":{"pointX":194.3679504394531,"pointY":12.8056640625},"width":398,"sublayerTransform":[1,0,0,0,0,1,0,0,0,0,1,0,0,0,0,1],"contentsRect":{"y":0,"x":0,"width":1,"height":1},"opacity":1,"edgeAntialiasingMask":0,"height":38,"hidden":true,"anchorPoint":{"pointX":0.5,"pointY":0.5}},"texture":"E75C696CE19769240126F6070494189B"}]}]},{"animations":[],"initialState":{"affineTransform":[1,0,0,1,0,0],"masksToBounds":false,"rotation":0,"scale":1,"position":{"pointX":512,"pointY":384},"width":1024,"sublayerTransform":[1,0,0,0,0,1,0,0,0,0,1,0,0,0,0,1],"contentsRect":{"y":0,"x":0,"width":1,"height":1},"opacity":1,"edgeAntialiasingMask":251658240,"height":768,"hidden":false,"anchorPoint":{"pointX":0.5,"pointY":0.5}},"layers":[{"animations":[],"initialState":{"affineTransform":[1,0,0,1,0,0],"masksToBounds":false,"rotation":0,"scale":1,"position":{"pointX":520.9854102134705,"pointY":498.243364751339},"width":374.7067213058472,"sublayerTransform":[1,0,0,0,0,1,0,0,0,0,1,0,0,0,0,1],"contentsRect":{"y":0,"x":0,"width":1,"height":1},"opacity":1,"edgeAntialiasingMask":251658240,"height":25.61130225658417,"hidden":false,"anchorPoint":{"pointX":0.5,"pointY":0.5}},"objectID":"9C836960-6A75-424A-8E83-F5A9171042C9","layers":[{"animations":[],"layers":[],"initialState":{"affineTransform":[1,0,0,1,0,0],"masksToBounds":false,"rotation":0,"scale":1,"position":{"pointX":187.3679504394531,"pointY":13.06228637695312},"width":384,"sublayerTransform":[1,0,0,0,0,1,0,0,0,0,1,0,0,0,0,1],"contentsRect":{"y":0,"x":0,"width":1,"height":1},"opacity":1,"edgeAntialiasingMask":0,"height":39,"hidden":true,"anchorPoint":{"pointX":0.5,"pointY":0.5}},"texture":"C37A6C74E3B2F5040DE359F5FAD460A0"}]}]},{"animations":[],"initialState":{"affineTransform":[1,0,0,1,0,0],"masksToBounds":false,"rotation":0,"scale":1,"position":{"pointX":512,"pointY":384},"width":1024,"sublayerTransform":[1,0,0,0,0,1,0,0,0,0,1,0,0,0,0,1],"contentsRect":{"y":0,"x":0,"width":1,"height":1},"opacity":1,"edgeAntialiasingMask":251658240,"height":768,"hidden":false,"anchorPoint":{"pointX":0.5,"pointY":0.5}},"layers":[{"animations":[],"initialState":{"affineTransform":[1,0,0,1,0,0],"masksToBounds":false,"rotation":0,"scale":1,"position":{"pointX":506.4668116569519,"pointY":456.6597595214844},"width":812.9336233139038,"sublayerTransform":[1,0,0,0,0,1,0,0,0,0,1,0,0,0,0,1],"contentsRect":{"y":0,"x":0,"width":1,"height":1},"opacity":1,"edgeAntialiasingMask":251658240,"height":124.0000017285347,"hidden":false,"anchorPoint":{"pointX":0.5,"pointY":0.5}},"objectID":"91254C5A-B4B1-4B66-93A2-CA7AE3D131AC","layers":[{"animations":[],"layers":[],"initialState":{"affineTransform":[1,0,0,1,0,0],"masksToBounds":false,"rotation":0,"scale":1,"position":{"pointX":328.5,"pointY":64.34024134278297},"width":651,"sublayerTransform":[1,0,0,0,0,1,0,0,0,0,1,0,0,0,0,1],"contentsRect":{"y":0,"x":0,"width":1,"height":1},"opacity":1,"edgeAntialiasingMask":0,"height":112,"hidden":false,"anchorPoint":{"pointX":0.5,"pointY":0.5}},"texture":"AC035E7FD681FB96766503BAEB164BCE"}]}]},{"animations":[],"initialState":{"affineTransform":[1,0,0,1,0,0],"masksToBounds":false,"rotation":0,"scale":1,"position":{"pointX":512,"pointY":384},"width":1024,"sublayerTransform":[1,0,0,0,0,1,0,0,0,0,1,0,0,0,0,1],"contentsRect":{"y":0,"x":0,"width":1,"height":1},"opacity":1,"edgeAntialiasingMask":251658240,"height":768,"hidden":false,"anchorPoint":{"pointX":0.5,"pointY":0.5}},"layers":[{"animations":[],"initialState":{"affineTransform":[1,0,0,1,0,0],"masksToBounds":false,"rotation":0,"scale":1,"position":{"pointX":372.9277621172369,"pointY":180.3436279296875},"width":599.0419713780284,"sublayerTransform":[1,0,0,0,0,1,0,0,0,0,1,0,0,0,0,1],"contentsRect":{"y":0,"x":0,"width":1,"height":1},"opacity":1,"edgeAntialiasingMask":251658240,"height":56,"hidden":false,"anchorPoint":{"pointX":0.5,"pointY":0.5}},"objectID":"D816780A-6182-4BCC-B9F6-0214DF011830","layers":[{"animations":[],"layers":[],"initialState":{"affineTransform":[1,0,0,1,0,0],"masksToBounds":false,"rotation":0,"scale":1,"position":{"pointX":299.0932235717773,"pointY":30.1563720703125},"width":593,"sublayerTransform":[1,0,0,0,0,1,0,0,0,0,1,0,0,0,0,1],"contentsRect":{"y":0,"x":0,"width":1,"height":1},"opacity":1,"edgeAntialiasingMask":0,"height":39,"hidden":false,"anchorPoint":{"pointX":0.5,"pointY":0.5}},"texture":"61CD49CA928B1F6093AF24D91B32445F"}]}]}]}},{"effects":[{"beginTime":0,"baseLayer":{"animations":[],"initialState":{"affineTransform":[1,0,0,1,0,0],"masksToBounds":false,"rotation":0,"scale":1,"position":{"pointX":512,"pointY":384},"width":1024,"sublayerTransform":[1,0,0,0,0,1,0,0,0,0,1,0,0,0,0,1],"contentsRect":{"y":0,"x":0,"width":1,"height":1},"opacity":1,"edgeAntialiasingMask":251658240,"height":768,"hidden":false,"anchorPoint":{"pointX":0.5,"pointY":0.5}},"objectID":"0","layers":[{"animations":[],"initialState":{"affineTransform":[1,0,0,1,0,0],"masksToBounds":false,"rotation":0,"scale":1,"position":{"pointX":512,"pointY":384},"width":1024,"sublayerTransform":[1,0,0,0,0,1,0,0,0,0,1,-0.0004922987690640373,0,0,0,1],"contentsRect":{"y":0,"x":0,"width":1,"height":1},"opacity":1,"edgeAntialiasingMask":251658240,"height":768,"hidden":false,"anchorPoint":{"pointX":0.5,"pointY":0.5}},"layers":[{"animations":[{"timeOffset":0,"beginTime":0,"repeatCount":0,"animations":[{"timeOffset":0,"from":{"scalar":0},"beginTime":0,"repeatCount":0,"fillMode":"both","duration":1,"autoreverses":false,"timingFunction":"EaseInEaseOut","property":"zPosition","to":{"scalar":0}}],"fillMode":"both","autoreverses":false,"duration":1}],"initialState":{"affineTransform":[1,0,0,1,0,0],"masksToBounds":false,"rotation":0,"scale":1,"position":{"pointX":512,"pointY":384},"width":1024,"sublayerTransform":[1,0,0,0,0,1,0,0,0,0,1,0,0,0,0,1],"contentsRect":{"y":0,"x":0,"width":1,"height":1},"opacity":1,"edgeAntialiasingMask":251658240,"height":768,"hidden":false,"anchorPoint":{"pointX":0.5,"pointY":0.5}},"layers":[{"animations":[],"layers":[],"initialState":{"affineTransform":[1,0,0,1,0,0],"masksToBounds":false,"rotation":0,"scale":1,"position":{"pointX":512,"pointY":384},"width":1024,"sublayerTransform":[1,0,0,0,0,1,0,0,0,0,1,0,0,0,0,1],"contentsRect":{"y":0,"x":0,"width":1,"height":1},"opacity":1,"edgeAntialiasingMask":0,"height":768,"hidden":false,"anchorPoint":{"pointX":0.5,"pointY":0.5}},"texture":"DB8451458D98EFA7506DBEBC2B1323F0"}]}]},{"animations":[{"timeOffset":0,"beginTime":0,"repeatCount":0,"animations":[{"timeOffset":0,"from":{"scalar":0.001},"beginTime":0,"repeatCount":0,"fillMode":"both","duration":1,"autoreverses":false,"timingFunction":"EaseInEaseOut","property":"zPosition","to":{"scalar":0.001}}],"fillMode":"both","autoreverses":false,"duration":1}],"initialState":{"affineTransform":[1,0,0,1,0,0],"masksToBounds":false,"rotation":0,"scale":1,"position":{"pointX":511.9999976158142,"pointY":69.49999928474426},"width":884.8416242599487,"sublayerTransform":[1,0,0,0,0,1,0,0,0,0,1,0,0,0,0,1],"contentsRect":{"y":0,"x":0,"width":1,"height":1},"opacity":1,"edgeAntialiasingMask":251658240,"height":88.99999856948853,"hidden":false,"anchorPoint":{"pointX":0.5,"pointY":0.5}},"layers":[{"animations":[{"timeOffset":0,"beginTime":0,"repeatCount":0,"animations":[{"timeOffset":0,"from":{"texture":"A195FFC70B722049AFF55E5FCD5FB274"},"beginTime":0,"repeatCount":0,"fillMode":"both","duration":1,"autoreverses":false,"timingFunction":"EaseInEaseOut","property":"contents","to":{"texture":"A195FFC70B722049AFF55E5FCD5FB274"}}],"fillMode":"both","autoreverses":false,"duration":1}],"layers":[],"initialState":{"affineTransform":[1,0,0,1,0,0],"masksToBounds":false,"rotation":0,"scale":1,"position":{"pointX":442.4208068847656,"pointY":44.5},"width":191,"sublayerTransform":[1,0,0,0,0,1,0,0,0,0,1,0,0,0,0,1],"contentsRect":{"y":0,"x":0,"width":1,"height":1},"opacity":1,"edgeAntialiasingMask":0,"height":42,"hidden":false,"anchorPoint":{"pointX":2.282722473144531,"pointY":0.4404761904761905}},"texture":"A195FFC70B722049AFF55E5FCD5FB274"}]},{"animations":[{"timeOffset":0,"beginTime":0,"repeatCount":0,"animations":[{"timeOffset":0,"from":{"scalar":0.002},"beginTime":0,"repeatCount":0,"fillMode":"both","duration":1,"autoreverses":false,"timingFunction":"EaseInEaseOut","property":"zPosition","to":{"scalar":0.002}}],"fillMode":"both","autoreverses":false,"duration":1}],"initialState":{"affineTransform":[1,0,0,1,0,0],"masksToBounds":false,"rotation":0,"scale":1,"position":{"pointX":40.27675247192383,"pointY":734.0918585658073},"width":29.01600003242493,"sublayerTransform":[1,0,0,0,0,1,0,0,0,0,1,0,0,0,0,1],"contentsRect":{"y":0,"x":0,"width":1,"height":1},"opacity":1,"edgeAntialiasingMask":251658240,"height":33.00000131130219,"hidden":false,"anchorPoint":{"pointX":0.5,"pointY":0.5}},"layers":[{"animations":[{"timeOffset":0,"beginTime":0,"repeatCount":0,"animations":[{"timeOffset":0,"from":{"texture":"C0BD86726DDC00B316E85C7E09E8768F"},"beginTime":0,"repeatCount":0,"fillMode":"both","duration":1,"autoreverses":false,"timingFunction":"EaseInEaseOut","property":"contents","to":{"texture":"329E946D698C94C1AC129D4CCD48CA0A"}}],"fillMode":"both","autoreverses":false,"duration":1}],"layers":[],"initialState":{"affineTransform":[1,0,0,1,0,0],"masksToBounds":false,"rotation":0,"scale":1,"position":{"pointX":14.50799999999999,"pointY":16.5},"width":23,"sublayerTransform":[1,0,0,0,0,1,0,0,0,0,1,0,0,0,0,1],"contentsRect":{"y":0,"x":0,"width":1,"height":1},"opacity":1,"edgeAntialiasingMask":0,"height":17,"hidden":false,"anchorPoint":{"pointX":0.5337718459004939,"pointY":0.5348151711856618}},"texture":"C0BD86726DDC00B316E85C7E09E8768F"}]},{"animations":[{"timeOffset":0,"beginTime":0,"repeatCount":0,"animations":[{"timeOffset":0,"from":{"scalar":0.003},"beginTime":0,"repeatCount":0,"fillMode":"both","duration":1,"autoreverses":false,"timingFunction":"EaseInEaseOut","property":"zPosition","to":{"scalar":0.003}}],"fillMode":"both","autoreverses":false,"duration":1}],"initialState":{"affineTransform":[1,0,0,1,0,0],"masksToBounds":false,"rotation":0,"scale":1,"position":{"pointX":500.844831943512,"pointY":126.2444611787796},"width":862.9231233596802,"sublayerTransform":[1,0,0,0,0,1,0,0,0,0,1,0,0,0,0,1],"contentsRect":{"y":0,"x":0,"width":1,"height":1},"opacity":1,"edgeAntialiasingMask":251658240,"height":46.1318666934967,"hidden":false,"anchorPoint":{"pointX":0.5,"pointY":0.5}},"layers":[{"animations":[{"timeOffset":0,"beginTime":0,"repeatCount":0,"animations":[{"timeOffset":0,"from":{"texture":"2F5273E48820B549F9C0D4E271FD3C8D"},"beginTime":0,"repeatCount":0,"fillMode":"both","duration":1,"autoreverses":false,"timingFunction":"EaseInEaseOut","property":"contents","to":{"texture":"2F5273E48820B549F9C0D4E271FD3C8D"}}],"fillMode":"both","autoreverses":false,"duration":1}],"layers":[],"initialState":{"affineTransform":[1,0,0,1,0,0],"masksToBounds":false,"rotation":0,"scale":1,"position":{"pointX":431.4615783691407,"pointY":23.06593322753906},"width":857,"sublayerTransform":[1,0,0,0,0,1,0,0,0,0,1,0,0,0,0,1],"contentsRect":{"y":0,"x":0,"width":1,"height":1},"opacity":1,"edgeAntialiasingMask":0,"height":32,"hidden":false,"anchorPoint":{"pointX":0.5004023904700263,"pointY":0.4451394081115723}},"texture":"2F5273E48820B549F9C0D4E271FD3C8D"}]},{"animations":[{"timeOffset":0,"beginTime":0,"repeatCount":0,"animations":[{"timeOffset":0,"from":{"scalar":0.004},"beginTime":0,"repeatCount":0,"fillMode":"both","duration":1,"autoreverses":false,"timingFunction":"EaseInEaseOut","property":"zPosition","to":{"scalar":0.004}}],"fillMode":"both","autoreverses":false,"duration":1}],"initialState":{"affineTransform":[1,0,0,1,0,0],"masksToBounds":false,"rotation":0,"scale":1,"position":{"pointX":-167.0513916015625,"pointY":-268.6939392089844},"width":236,"sublayerTransform":[1,0,0,0,0,1,0,0,0,0,1,0,0,0,0,1],"contentsRect":{"y":0,"x":0,"width":1,"height":1},"opacity":1,"edgeAntialiasingMask":251658240,"height":101,"hidden":false,"anchorPoint":{"pointX":0.5,"pointY":0.5}},"layers":[{"animations":[],"layers":[],"initialState":{"affineTransform":[1,0,0,1,0,0],"masksToBounds":false,"rotation":0,"scale":1,"position":{"pointX":118,"pointY":50.5},"width":239,"sublayerTransform":[1,0,0,0,0,1,0,0,0,0,1,0,0,0,0,1],"contentsRect":{"y":0,"x":0,"width":1,"height":1},"opacity":1,"edgeAntialiasingMask":0,"height":104,"hidden":false,"anchorPoint":{"pointX":0.5018770225876046,"pointY":0.5029428922213041}},"texture":"593E206575F248496DFDFB43E256EC77"}]},{"animations":[{"timeOffset":0,"beginTime":0,"repeatCount":0,"animations":[{"timeOffset":0,"from":{"scalar":0.005},"beginTime":0,"repeatCount":0,"fillMode":"both","duration":1,"autoreverses":false,"timingFunction":"EaseInEaseOut","property":"zPosition","to":{"scalar":0.005}}],"fillMode":"both","autoreverses":false,"duration":1}],"initialState":{"affineTransform":[1,0,0,1,0,0],"masksToBounds":false,"rotation":0,"scale":1,"position":{"pointX":516.7440586090088,"pointY":461.0811014175415},"width":884.8416328430176,"sublayerTransform":[1,0,0,0,0,1,0,0,0,0,1,0,0,0,0,1],"contentsRect":{"y":0,"x":0,"width":1,"height":1},"opacity":1,"edgeAntialiasingMask":251658240,"height":472.965669631958,"hidden":false,"anchorPoint":{"pointX":0.5,"pointY":0.5}},"layers":[{"animations":[{"timeOffset":0,"beginTime":0,"repeatCount":0,"animations":[{"timeOffset":0,"from":{"texture":"510A3A213163D79829E94B4ADE0FA67A"},"beginTime":0,"repeatCount":0,"fillMode":"both","duration":1,"autoreverses":false,"timingFunction":"EaseInEaseOut","property":"contents","to":{"texture":"510A3A213163D79829E94B4ADE0FA67A"}}],"fillMode":"both","autoreverses":false,"duration":1}],"layers":[],"initialState":{"affineTransform":[1,0,0,1,0,0],"masksToBounds":false,"rotation":0,"scale":1,"position":{"pointX":442.4208068847656,"pointY":236.4828338623047},"width":888,"sublayerTransform":[1,0,0,0,0,1,0,0,0,0,1,0,0,0,0,1],"contentsRect":{"y":0,"x":0,"width":1,"height":1},"opacity":1,"edgeAntialiasingMask":0,"height":477,"hidden":false,"anchorPoint":{"pointX":0.4997117669732721,"pointY":0.5012182399661786}},"texture":"510A3A213163D79829E94B4ADE0FA67A"}]},{"animations":[{"timeOffset":0,"beginTime":0,"repeatCount":0,"animations":[{"timeOffset":0,"from":{"scalar":0.006},"beginTime":0,"repeatCount":0,"fillMode":"both","duration":1,"autoreverses":false,"timingFunction":"EaseInEaseOut","property":"zPosition","to":{"scalar":0.006}}],"fillMode":"both","autoreverses":false,"duration":1}],"initialState":{"affineTransform":[1,0,0,1,0,0],"masksToBounds":false,"rotation":0,"scale":1,"position":{"pointX":617.424437046051,"pointY":409.8515800833702},"width":70.26989459991455,"sublayerTransform":[1,0,0,0,0,1,0,0,0,0,1,0,0,0,0,1],"contentsRect":{"y":0,"x":0,"width":1,"height":1},"opacity":1,"edgeAntialiasingMask":251658240,"height":25.61130225658417,"hidden":false,"anchorPoint":{"pointX":0.5,"pointY":0.5}},"layers":[{"animations":[{"timeOffset":0,"beginTime":0,"repeatCount":0,"animations":[{"timeOffset":0,"from":{"scalar":1},"beginTime":0,"repeatCount":0,"fillMode":"forwards","duration":0.3333,"autoreverses":false,"timingFunction":"EaseInEaseOut","property":"opacity","to":{"scalar":0}},{"timeOffset":0,"from":{"scalar":true},"beginTime":0.3333,"repeatCount":0,"fillMode":"forwards","property":"hidden","autoreverses":false,"duration":0.6667000000000001,"to":{"scalar":true}}],"fillMode":"both","autoreverses":false,"duration":1}],"layers":[],"initialState":{"affineTransform":[1,0,0,1,0,0],"masksToBounds":false,"rotation":0,"scale":1,"position":{"pointX":35.13494873046875,"pointY":12.80565166473389},"width":79,"sublayerTransform":[1,0,0,0,0,1,0,0,0,0,1,0,0,0,0,1],"contentsRect":{"y":0,"x":0,"width":1,"height":1},"opacity":1,"edgeAntialiasingMask":0,"height":38,"hidden":false,"anchorPoint":{"pointX":0.4990435250197785,"pointY":0.4960942268371582}},"texture":"00D16C07422EE09CB60B71A3B39C3F75"}]},{"animations":[{"timeOffset":0,"beginTime":0,"repeatCount":0,"animations":[{"timeOffset":0,"from":{"scalar":0.007},"beginTime":0,"repeatCount":0,"fillMode":"both","duration":1,"autoreverses":false,"timingFunction":"EaseInEaseOut","property":"zPosition","to":{"scalar":0.007}}],"fillMode":"both","autoreverses":false,"duration":1}],"initialState":{"affineTransform":[1,0,0,1,0,0],"masksToBounds":false,"rotation":0,"scale":1,"position":{"pointX":684.7462363243103,"pointY":336.6244812011719},"width":389.3318891525269,"sublayerTransform":[1,0,0,0,0,1,0,0,0,0,1,0,0,0,0,1],"contentsRect":{"y":0,"x":0,"width":1,"height":1},"opacity":1,"edgeAntialiasingMask":251658240,"height":83.99999737739563,"hidden":false,"anchorPoint":{"pointX":0.5,"pointY":0.5}},"layers":[{"animations":[{"timeOffset":0,"beginTime":0,"repeatCount":0,"animations":[{"timeOffset":0,"from":{"scalar":1},"beginTime":0,"repeatCount":0,"fillMode":"forwards","duration":0.3333,"autoreverses":false,"timingFunction":"EaseInEaseOut","property":"opacity","to":{"scalar":0}},{"timeOffset":0,"from":{"scalar":true},"beginTime":0.3333,"repeatCount":0,"fillMode":"forwards","property":"hidden","autoreverses":false,"duration":0.6667000000000001,"to":{"scalar":true}}],"fillMode":"both","autoreverses":false,"duration":1}],"layers":[],"initialState":{"affineTransform":[1,0,0,1,0,0],"masksToBounds":false,"rotation":0,"scale":1,"position":{"pointX":194.6659393310547,"pointY":42},"width":302,"sublayerTransform":[1,0,0,0,0,1,0,0,0,0,1,0,0,0,0,1],"contentsRect":{"y":0,"x":0,"width":1,"height":1},"opacity":1,"edgeAntialiasingMask":0,"height":34,"hidden":false,"anchorPoint":{"pointX":0.6349212949639125,"pointY":-0.1581034555154688}},"texture":"F456DD54DF453DC8A1DFCC384820EB5A"}]},{"animations":[{"timeOffset":0,"beginTime":0,"repeatCount":0,"animations":[{"timeOffset":0,"from":{"scalar":0.008},"beginTime":0,"repeatCount":0,"fillMode":"both","duration":1,"autoreverses":false,"timingFunction":"EaseInEaseOut","property":"zPosition","to":{"scalar":0.008}}],"fillMode":"both","autoreverses":false,"duration":1}],"initialState":{"affineTransform":[1,0,0,1,0,0],"masksToBounds":false,"rotation":0,"scale":1,"position":{"pointX":684.7462363243103,"pointY":336.6244812011719},"width":389.3318891525269,"sublayerTransform":[1,0,0,0,0,1,0,0,0,0,1,0,0,0,0,1],"contentsRect":{"y":0,"x":0,"width":1,"height":1},"opacity":1,"edgeAntialiasingMask":251658240,"height":83.99999737739563,"hidden":false,"anchorPoint":{"pointX":0.5,"pointY":0.5}},"layers":[{"animations":[{"timeOffset":0,"beginTime":0,"repeatCount":0,"animations":[{"timeOffset":0,"from":{"scalar":1},"beginTime":0,"repeatCount":0,"fillMode":"forwards","duration":0.3333,"autoreverses":false,"timingFunction":"EaseInEaseOut","property":"opacity","to":{"scalar":0}},{"timeOffset":0,"from":{"scalar":true},"beginTime":0.3333,"repeatCount":0,"fillMode":"forwards","property":"hidden","autoreverses":false,"duration":0.6667000000000001,"to":{"scalar":true}}],"fillMode":"both","autoreverses":false,"duration":1}],"layers":[],"initialState":{"affineTransform":[1,0,0,1,0,0],"masksToBounds":false,"rotation":0,"scale":1,"position":{"pointX":194.6659393310547,"pointY":42},"width":209,"sublayerTransform":[1,0,0,0,0,1,0,0,0,0,1,0,0,0,0,1],"contentsRect":{"y":0,"x":0,"width":1,"height":1},"opacity":1,"edgeAntialiasingMask":0,"height":28,"hidden":false,"anchorPoint":{"pointX":0.9174460817181893,"pointY":1.165160089731216}},"texture":"6E030A051E23720D2AD7608B9DE19BAC"}]},{"animations":[{"timeOffset":0,"beginTime":0,"repeatCount":0,"animations":[{"timeOffset":0,"from":{"scalar":0.009000000000000001},"beginTime":0,"repeatCount":0,"fillMode":"both","duration":1,"autoreverses":false,"timingFunction":"EaseInEaseOut","property":"zPosition","to":{"scalar":0.009000000000000001}}],"fillMode":"both","autoreverses":false,"duration":1}],"initialState":{"affineTransform":[1,0,0,1,0,0],"masksToBounds":false,"rotation":0,"scale":1,"position":{"pointX":554.1073694229126,"pointY":584.44873046875},"width":589.7240161895752,"sublayerTransform":[1,0,0,0,0,1,0,0,0,0,1,0,0,0,0,1],"contentsRect":{"y":0,"x":0,"width":1,"height":1},"opacity":1,"edgeAntialiasingMask":251658240,"height":122.0000028610229,"hidden":false,"anchorPoint":{"pointX":0.5,"pointY":0.5}},"layers":[{"animations":[{"timeOffset":0,"beginTime":0,"repeatCount":0,"animations":[{"timeOffset":0,"from":{"scalar":1},"beginTime":0,"repeatCount":0,"fillMode":"forwards","duration":0.3333,"autoreverses":false,"timingFunction":"EaseInEaseOut","property":"opacity","to":{"scalar":0}},{"timeOffset":0,"from":{"scalar":true},"beginTime":0.3333,"repeatCount":0,"fillMode":"forwards","property":"hidden","autoreverses":false,"duration":0.6667000000000001,"to":{"scalar":true}}],"fillMode":"both","autoreverses":false,"duration":1}],"layers":[],"initialState":{"affineTransform":[1,0,0,1,0,0],"masksToBounds":false,"rotation":0,"scale":1,"position":{"pointX":294.8619995117188,"pointY":61},"width":535,"sublayerTransform":[1,0,0,0,0,1,0,0,0,0,1,0,0,0,0,1],"contentsRect":{"y":0,"x":0,"width":1,"height":1},"opacity":1,"edgeAntialiasingMask":0,"height":34,"hidden":false,"anchorPoint":{"pointX":0.5459950669903622,"pointY":0.395550854065839}},"texture":"E2FBFEEC8BF2A9C5355678529EEF7F59"}]},{"animations":[{"timeOffset":0,"beginTime":0,"repeatCount":0,"animations":[{"timeOffset":0,"from":{"scalar":0.01},"beginTime":0,"repeatCount":0,"fillMode":"both","duration":1,"autoreverses":false,"timingFunction":"EaseInEaseOut","property":"zPosition","to":{"scalar":0.01}}],"fillMode":"both","autoreverses":false,"duration":1}],"initialState":{"affineTransform":[1,0,0,1,0,0],"masksToBounds":false,"rotation":0,"scale":1,"position":{"pointX":554.1073694229126,"pointY":584.44873046875},"width":589.7240161895752,"sublayerTransform":[1,0,0,0,0,1,0,0,0,0,1,0,0,0,0,1],"contentsRect":{"y":0,"x":0,"width":1,"height":1},"opacity":1,"edgeAntialiasingMask":251658240,"height":122.0000028610229,"hidden":false,"anchorPoint":{"pointX":0.5,"pointY":0.5}},"layers":[{"animations":[{"timeOffset":0,"beginTime":0,"repeatCount":0,"animations":[{"timeOffset":0,"from":{"scalar":1},"beginTime":0,"repeatCount":0,"fillMode":"forwards","duration":0.3333,"autoreverses":false,"timingFunction":"EaseInEaseOut","property":"opacity","to":{"scalar":0}},{"timeOffset":0,"from":{"scalar":true},"beginTime":0.3333,"repeatCount":0,"fillMode":"forwards","property":"hidden","autoreverses":false,"duration":0.6667000000000001,"to":{"scalar":true}}],"fillMode":"both","autoreverses":false,"duration":1}],"layers":[],"initialState":{"affineTransform":[1,0,0,1,0,0],"masksToBounds":false,"rotation":0,"scale":1,"position":{"pointX":294.8619995117188,"pointY":61},"width":506,"sublayerTransform":[1,0,0,0,0,1,0,0,0,0,1,0,0,0,0,1],"contentsRect":{"y":0,"x":0,"width":1,"height":1},"opacity":1,"edgeAntialiasingMask":0,"height":34,"hidden":false,"anchorPoint":{"pointX":0.577287274387043,"pointY":-0.7220962047576904}},"texture":"0D0258A4E44BAB4B5C10C7767AA3FC79"}]},{"animations":[{"timeOffset":0,"beginTime":0,"repeatCount":0,"animations":[{"timeOffset":0,"from":{"scalar":0.011},"beginTime":0,"repeatCount":0,"fillMode":"both","duration":1,"autoreverses":false,"timingFunction":"EaseInEaseOut","property":"zPosition","to":{"scalar":0.011}}],"fillMode":"both","autoreverses":false,"duration":1}],"initialState":{"affineTransform":[1,0,0,1,0,0],"masksToBounds":false,"rotation":0,"scale":1,"position":{"pointX":554.1073694229126,"pointY":584.44873046875},"width":589.7240161895752,"sublayerTransform":[1,0,0,0,0,1,0,0,0,0,1,0,0,0,0,1],"contentsRect":{"y":0,"x":0,"width":1,"height":1},"opacity":1,"edgeAntialiasingMask":251658240,"height":122.0000028610229,"hidden":false,"anchorPoint":{"pointX":0.5,"pointY":0.5}},"layers":[{"animations":[{"timeOffset":0,"beginTime":0,"repeatCount":0,"animations":[{"timeOffset":0,"from":{"scalar":1},"beginTime":0,"repeatCount":0,"fillMode":"forwards","duration":0.3333,"autoreverses":false,"timingFunction":"EaseInEaseOut","property":"opacity","to":{"scalar":0}},{"timeOffset":0,"from":{"scalar":true},"beginTime":0.3333,"repeatCount":0,"fillMode":"forwards","property":"hidden","autoreverses":false,"duration":0.6667000000000001,"to":{"scalar":true}}],"fillMode":"both","autoreverses":false,"duration":1}],"layers":[],"initialState":{"affineTransform":[1,0,0,1,0,0],"masksToBounds":false,"rotation":0,"scale":1,"position":{"pointX":294.8619995117188,"pointY":61},"width":553,"sublayerTransform":[1,0,0,0,0,1,0,0,0,0,1,0,0,0,0,1],"contentsRect":{"y":0,"x":0,"width":1,"height":1},"opacity":1,"edgeAntialiasingMask":0,"height":34,"hidden":false,"anchorPoint":{"pointX":0.5282230756597536,"pointY":1.513197912889368}},"texture":"F74786B2A1F1741E119E98C9A171ECDF"}]},{"animations":[{"timeOffset":0,"beginTime":0,"repeatCount":0,"animations":[{"timeOffset":0,"from":{"scalar":0.012},"beginTime":0,"repeatCount":0,"fillMode":"both","duration":1,"autoreverses":false,"timingFunction":"EaseInEaseOut","property":"zPosition","to":{"scalar":0.012}}],"fillMode":"both","autoreverses":false,"duration":1}],"initialState":{"affineTransform":[1,0,0,1,0,0],"masksToBounds":false,"rotation":0,"scale":1,"position":{"pointX":528.2979941368103,"pointY":440.9999870657921},"width":389.3318891525269,"sublayerTransform":[1,0,0,0,0,1,0,0,0,0,1,0,0,0,0,1],"contentsRect":{"y":0,"x":0,"width":1,"height":1},"opacity":1,"edgeAntialiasingMask":251658240,"height":25.61130225658417,"hidden":false,"anchorPoint":{"pointX":0.5,"pointY":0.5}},"layers":[{"animations":[{"timeOffset":0,"beginTime":0,"repeatCount":0,"animations":[{"timeOffset":0,"from":{"scalar":1},"beginTime":0,"repeatCount":0,"fillMode":"forwards","duration":0.3333,"autoreverses":false,"timingFunction":"EaseInEaseOut","property":"opacity","to":{"scalar":0}},{"timeOffset":0,"from":{"scalar":true},"beginTime":0.3333,"repeatCount":0,"fillMode":"forwards","property":"hidden","autoreverses":false,"duration":0.6667000000000001,"to":{"scalar":true}}],"fillMode":"both","autoreverses":false,"duration":1}],"layers":[],"initialState":{"affineTransform":[1,0,0,1,0,0],"masksToBounds":false,"rotation":0,"scale":1,"position":{"pointX":194.6659393310547,"pointY":12.80565166473389},"width":398,"sublayerTransform":[1,0,0,0,0,1,0,0,0,0,1,0,0,0,0,1],"contentsRect":{"y":0,"x":0,"width":1,"height":1},"opacity":1,"edgeAntialiasingMask":0,"height":38,"hidden":false,"anchorPoint":{"pointX":0.5007487158080441,"pointY":0.499999673742997}},"texture":"E75C696CE19769240126F6070494189B"}]},{"animations":[{"timeOffset":0,"beginTime":0,"repeatCount":0,"animations":[{"timeOffset":0,"from":{"scalar":0.013},"beginTime":0,"repeatCount":0,"fillMode":"both","duration":1,"autoreverses":false,"timingFunction":"EaseInEaseOut","property":"zPosition","to":{"scalar":0.013}}],"fillMode":"both","autoreverses":false,"duration":1}],"initialState":{"affineTransform":[1,0,0,1,0,0],"masksToBounds":false,"rotation":0,"scale":1,"position":{"pointX":520.9854102134705,"pointY":498.243364751339},"width":374.7067213058472,"sublayerTransform":[1,0,0,0,0,1,0,0,0,0,1,0,0,0,0,1],"contentsRect":{"y":0,"x":0,"width":1,"height":1},"opacity":1,"edgeAntialiasingMask":251658240,"height":25.61130225658417,"hidden":false,"anchorPoint":{"pointX":0.5,"pointY":0.5}},"layers":[{"animations":[{"timeOffset":0,"beginTime":0,"repeatCount":0,"animations":[{"timeOffset":0,"from":{"scalar":1},"beginTime":0,"repeatCount":0,"fillMode":"forwards","duration":0.3333,"autoreverses":false,"timingFunction":"EaseInEaseOut","property":"opacity","to":{"scalar":0}},{"timeOffset":0,"from":{"scalar":true},"beginTime":0.3333,"repeatCount":0,"fillMode":"forwards","property":"hidden","autoreverses":false,"duration":0.6667000000000001,"to":{"scalar":true}}],"fillMode":"both","autoreverses":false,"duration":1}],"layers":[],"initialState":{"affineTransform":[1,0,0,1,0,0],"masksToBounds":false,"rotation":0,"scale":1,"position":{"pointX":187.3533630371094,"pointY":12.80565166473389},"width":384,"sublayerTransform":[1,0,0,0,0,1,0,0,0,0,1,0,0,0,0,1],"contentsRect":{"y":0,"x":0,"width":1,"height":1},"opacity":1,"edgeAntialiasingMask":0,"height":39,"hidden":false,"anchorPoint":{"pointX":0.4999620119730632,"pointY":0.4934196227636093}},"texture":"C37A6C74E3B2F5040DE359F5FAD460A0"}]},{"animations":[{"timeOffset":0,"beginTime":0,"repeatCount":0,"animations":[{"timeOffset":0,"from":{"scalar":0.014},"beginTime":0,"repeatCount":0,"fillMode":"both","duration":1,"autoreverses":false,"timingFunction":"EaseInEaseOut","property":"zPosition","to":{"scalar":0.014}}],"fillMode":"both","autoreverses":false,"duration":1}],"initialState":{"affineTransform":[1,0,0,1,0,0],"masksToBounds":false,"rotation":0,"scale":1,"position":{"pointX":506.4668116569519,"pointY":456.6597595214844},"width":812.9336233139038,"sublayerTransform":[1,0,0,0,0,1,0,0,0,0,1,0,0,0,0,1],"contentsRect":{"y":0,"x":0,"width":1,"height":1},"opacity":1,"edgeAntialiasingMask":251658240,"height":124.0000017285347,"hidden":false,"anchorPoint":{"pointX":0.5,"pointY":0.5}},"layers":[{"animations":[{"timeOffset":0,"beginTime":0,"repeatCount":0,"animations":[{"timeOffset":0,"from":{"scalar":1},"beginTime":0,"repeatCount":0,"fillMode":"both","duration":1,"autoreverses":false,"timingFunction":"EaseInEaseOut","property":"transform.scale.x","to":{"scalar":1.001883239171375}},{"timeOffset":0,"from":{"scalar":1},"beginTime":0,"repeatCount":0,"fillMode":"both","duration":1,"autoreverses":false,"timingFunction":"EaseInEaseOut","property":"transform.scale.y","to":{"scalar":1}},{"timeOffset":0,"from":{"texture":"2EAA4E2785B165B658078E55FF1C20F3"},"beginTime":0,"repeatCount":0,"fillMode":"both","duration":1,"autoreverses":false,"timingFunction":"EaseInEaseOut","property":"contents","to":{"texture":"11F1E9786A1712810FDDA72F2C0648B8"}},{"timeOffset":0,"from":{"pointX":0,"pointY":0},"beginTime":0,"repeatCount":0,"fillMode":"both","duration":1,"autoreverses":false,"timingFunction":"EaseInEaseOut","property":"transform.translation","to":{"pointX":-5.243941944646792,"pointY":-150}}],"fillMode":"both","autoreverses":false,"duration":1}],"layers":[],"initialState":{"affineTransform":[1,0,0,1,0,0],"masksToBounds":false,"rotation":0,"scale":1,"position":{"pointX":406.4668273925781,"pointY":62},"width":531,"sublayerTransform":[1,0,0,0,0,1,0,0,0,0,1,0,0,0,0,1],"contentsRect":{"y":0,"x":0,"width":1,"height":1},"opacity":1,"edgeAntialiasingMask":0,"height":22,"hidden":false,"anchorPoint":{"pointX":0.7560580553532544,"pointY":2.43907993896441}},"texture":"2EAA4E2785B165B658078E55FF1C20F3"}]},{"animations":[{"timeOffset":0,"beginTime":0,"repeatCount":0,"animations":[{"timeOffset":0,"from":{"scalar":0.015},"beginTime":0,"repeatCount":0,"fillMode":"both","duration":1,"autoreverses":false,"timingFunction":"EaseInEaseOut","property":"zPosition","to":{"scalar":0.015}}],"fillMode":"both","autoreverses":false,"duration":1}],"initialState":{"affineTransform":[1,0,0,1,0,0],"masksToBounds":false,"rotation":0,"scale":1,"position":{"pointX":506.4668116569519,"pointY":456.6597595214844},"width":812.9336233139038,"sublayerTransform":[1,0,0,0,0,1,0,0,0,0,1,0,0,0,0,1],"contentsRect":{"y":0,"x":0,"width":1,"height":1},"opacity":1,"edgeAntialiasingMask":251658240,"height":124.0000017285347,"hidden":false,"anchorPoint":{"pointX":0.5,"pointY":0.5}},"layers":[{"animations":[{"timeOffset":0,"beginTime":0,"repeatCount":0,"animations":[{"timeOffset":0,"from":{"scalar":1},"beginTime":0,"repeatCount":0,"fillMode":"both","duration":1,"autoreverses":false,"timingFunction":"EaseInEaseOut","property":"transform.scale.x","to":{"scalar":1.002347417840376}},{"timeOffset":0,"from":{"scalar":1},"beginTime":0,"repeatCount":0,"fillMode":"both","duration":1,"autoreverses":false,"timingFunction":"EaseInEaseOut","property":"transform.scale.y","to":{"scalar":1}},{"timeOffset":0,"from":{"texture":"1C0DED6CF22CA545DD08E851BDA7DD2F"},"beginTime":0,"repeatCount":0,"fillMode":"both","duration":1,"autoreverses":false,"timingFunction":"EaseInEaseOut","property":"contents","to":{"texture":"B43CDAE8B1BCE9229017F785CC8CF8BB"}},{"timeOffset":0,"from":{"pointX":0,"pointY":0},"beginTime":0,"repeatCount":0,"fillMode":"both","duration":1,"autoreverses":false,"timingFunction":"EaseInEaseOut","property":"transform.translation","to":{"pointX":-5.569326696261555,"pointY":-150}}],"fillMode":"both","autoreverses":false,"duration":1}],"layers":[],"initialState":{"affineTransform":[1,0,0,1,0,0],"masksToBounds":false,"rotation":0,"scale":1,"position":{"pointX":406.4668273925781,"pointY":62},"width":426,"sublayerTransform":[1,0,0,0,0,1,0,0,0,0,1,0,0,0,0,1],"contentsRect":{"y":0,"x":0,"width":1,"height":1},"opacity":1,"edgeAntialiasingMask":0,"height":25,"hidden":false,"anchorPoint":{"pointX":0.4306733037384463,"pointY":0.9863903462886811}},"texture":"1C0DED6CF22CA545DD08E851BDA7DD2F"}]},{"animations":[{"timeOffset":0,"beginTime":0,"repeatCount":0,"animations":[{"timeOffset":0,"from":{"scalar":0.016},"beginTime":0,"repeatCount":0,"fillMode":"both","duration":1,"autoreverses":false,"timingFunction":"EaseInEaseOut","property":"zPosition","to":{"scalar":0.016}}],"fillMode":"both","autoreverses":false,"duration":1}],"initialState":{"affineTransform":[1,0,0,1,0,0],"masksToBounds":false,"rotation":0,"scale":1,"position":{"pointX":506.4668116569519,"pointY":456.6597595214844},"width":812.9336233139038,"sublayerTransform":[1,0,0,0,0,1,0,0,0,0,1,0,0,0,0,1],"contentsRect":{"y":0,"x":0,"width":1,"height":1},"opacity":1,"edgeAntialiasingMask":251658240,"height":124.0000017285347,"hidden":false,"anchorPoint":{"pointX":0.5,"pointY":0.5}},"layers":[{"animations":[{"timeOffset":0,"beginTime":0,"repeatCount":0,"animations":[{"timeOffset":0,"from":{"scalar":1},"beginTime":0,"repeatCount":0,"fillMode":"both","duration":1,"autoreverses":false,"timingFunction":"EaseInEaseOut","property":"transform.scale.x","to":{"scalar":1.001834862385321}},{"timeOffset":0,"from":{"scalar":1},"beginTime":0,"repeatCount":0,"fillMode":"both","duration":1,"autoreverses":false,"timingFunction":"EaseInEaseOut","property":"transform.scale.y","to":{"scalar":1}},{"timeOffset":0,"from":{"texture":"7C9271C860898E67CA1988CCE7CB2ABC"},"beginTime":0,"repeatCount":0,"fillMode":"both","duration":1,"autoreverses":false,"timingFunction":"EaseInEaseOut","property":"contents","to":{"texture":"D0DA552900688ECEA18D47F73D2D4447"}},{"timeOffset":0,"from":{"pointX":0,"pointY":0},"beginTime":0,"repeatCount":0,"fillMode":"both","duration":1,"autoreverses":false,"timingFunction":"EaseInEaseOut","property":"transform.translation","to":{"pointX":-5.263363619463178,"pointY":-150}}],"fillMode":"both","autoreverses":false,"duration":1}],"layers":[],"initialState":{"affineTransform":[1,0,0,1,0,0],"masksToBounds":false,"rotation":0,"scale":1,"position":{"pointX":406.4668273925781,"pointY":62},"width":545,"sublayerTransform":[1,0,0,0,0,1,0,0,0,0,1,0,0,0,0,1],"contentsRect":{"y":0,"x":0,"width":1,"height":1},"opacity":1,"edgeAntialiasingMask":0,"height":22,"hidden":false,"anchorPoint":{"pointX":0.7366363805368406,"pointY":-0.1972836973992261}},"texture":"7C9271C860898E67CA1988CCE7CB2ABC"}]},{"animations":[{"timeOffset":0,"beginTime":0,"repeatCount":0,"animations":[{"timeOffset":0,"from":{"scalar":0.017},"beginTime":0,"repeatCount":0,"fillMode":"both","duration":1,"autoreverses":false,"timingFunction":"EaseInEaseOut","property":"zPosition","to":{"scalar":0.017}}],"fillMode":"both","autoreverses":false,"duration":1}],"initialState":{"affineTransform":[1,0,0,1,0,0],"masksToBounds":false,"rotation":0,"scale":1,"position":{"pointX":506.4668116569519,"pointY":456.6597595214844},"width":812.9336233139038,"sublayerTransform":[1,0,0,0,0,1,0,0,0,0,1,0,0,0,0,1],"contentsRect":{"y":0,"x":0,"width":1,"height":1},"opacity":1,"edgeAntialiasingMask":251658240,"height":124.0000017285347,"hidden":false,"anchorPoint":{"pointX":0.5,"pointY":0.5}},"layers":[{"animations":[{"timeOffset":0,"beginTime":0,"repeatCount":0,"animations":[{"timeOffset":0,"from":{"scalar":1},"beginTime":0,"repeatCount":0,"fillMode":"both","duration":1,"autoreverses":false,"timingFunction":"EaseInEaseOut","property":"transform.scale.x","to":{"scalar":1.002433090024331}},{"timeOffset":0,"from":{"scalar":1},"beginTime":0,"repeatCount":0,"fillMode":"both","duration":1,"autoreverses":false,"timingFunction":"EaseInEaseOut","property":"transform.scale.y","to":{"scalar":1}},{"timeOffset":0,"from":{"texture":"6C40DEB13946BF80025635D75267557D"},"beginTime":0,"repeatCount":0,"fillMode":"both","duration":1,"autoreverses":false,"timingFunction":"EaseInEaseOut","property":"contents","to":{"texture":"B1ED6FF8647FCC9B1A35BED7539996F0"}},{"timeOffset":0,"from":{"pointX":0,"pointY":0},"beginTime":0,"repeatCount":0,"fillMode":"both","duration":1,"autoreverses":false,"timingFunction":"EaseInEaseOut","property":"transform.translation","to":{"pointX":-5.55360869247545,"pointY":-150}}],"fillMode":"both","autoreverses":false,"duration":1}],"layers":[],"initialState":{"affineTransform":[1,0,0,1,0,0],"masksToBounds":false,"rotation":0,"scale":1,"position":{"pointX":406.4668273925781,"pointY":62},"width":411,"sublayerTransform":[1,0,0,0,0,1,0,0,0,0,1,0,0,0,0,1],"contentsRect":{"y":0,"x":0,"width":1,"height":1},"opacity":1,"edgeAntialiasingMask":0,"height":25,"hidden":false,"anchorPoint":{"pointX":0.446391307524521,"pointY":-1.333609653711319}},"texture":"6C40DEB13946BF80025635D75267557D"}]},{"animations":[{"timeOffset":0,"beginTime":0,"repeatCount":0,"animations":[{"timeOffset":0,"from":{"scalar":0.018},"beginTime":0,"repeatCount":0,"fillMode":"both","duration":1,"autoreverses":false,"timingFunction":"EaseInEaseOut","property":"zPosition","to":{"scalar":0.018}}],"fillMode":"both","autoreverses":false,"duration":1}],"initialState":{"affineTransform":[1,0,0,1,0,0],"masksToBounds":false,"rotation":0,"scale":1,"position":{"pointX":372.9277621172369,"pointY":180.3436279296875},"width":599.0419713780284,"sublayerTransform":[1,0,0,0,0,1,0,0,0,0,1,0,0,0,0,1],"contentsRect":{"y":0,"x":0,"width":1,"height":1},"opacity":1,"edgeAntialiasingMask":251658240,"height":56,"hidden":false,"anchorPoint":{"pointX":0.5,"pointY":0.5}},"layers":[{"animations":[{"timeOffset":0,"beginTime":0,"repeatCount":0,"animations":[{"timeOffset":0,"from":{"texture":"61CD49CA928B1F6093AF24D91B32445F"},"beginTime":0,"repeatCount":0,"fillMode":"both","duration":1,"autoreverses":false,"timingFunction":"EaseInEaseOut","property":"contents","to":{"texture":"61CD49CA928B1F6093AF24D91B32445F"}}],"fillMode":"both","autoreverses":false,"duration":1}],"layers":[],"initialState":{"affineTransform":[1,0,0,1,0,0],"masksToBounds":false,"rotation":0,"scale":1,"position":{"pointX":299.521,"pointY":28},"width":593,"sublayerTransform":[1,0,0,0,0,1,0,0,0,0,1,0,0,0,0,1],"contentsRect":{"y":0,"x":0,"width":1,"height":1},"opacity":1,"edgeAntialiasingMask":0,"height":39,"hidden":false,"anchorPoint":{"pointX":0.5007213767760922,"pointY":0.4447084084535257}},"texture":"61CD49CA928B1F6093AF24D91B32445F"}]}]},"effects":[],"duration":1,"type":"transition","name":"apple:magic-move-implied-motion-path","objectID":"0"}],"automaticPlay":false,"hyperlinks":[],"accessibility":[{"text":"These messages are triggered when the events occur i.e. when entering the corresponding time intervals.","targetRectangle":{"y":527.4487290382385,"x":263.245361328125,"width":560.234375,"height":114}},{"text":"INScore","targetRectangle":{"y":38,"x":73.57918548583984,"width":193.662,"height":72}},{"text":"/ITL/scene/cursor watch timeEnter 2 3 ","targetRectangle":{"y":398.659758657217,"x":104,"width":547.2890625,"height":29}},{"text":"\t\t\t\t\t\t(/ITL/scene/cursor tempo -80);","targetRectangle":{"y":427.659758657217,"x":104,"width":648.0703125,"height":29}},{"text":"/ITL/scene/cursor watch timeEnter -1 0 ","targetRectangle":{"y":456.659758657217,"x":104,"width":561.69140625,"height":29}},{"text":"\t\t\t\t\t\t(/ITL/scene/cursor tempo 80);","targetRectangle":{"y":485.659758657217,"x":104,"width":633.66796875,"height":29}},{"text":"Time interval: ","targetRectangle":{"y":298.6244825124741,"x":494.0802917480469,"width":216.390625,"height":38}},{"text":"equivalent to 2 1 3 1","targetRectangle":{"y":336.6244825124741,"x":494.0802917480469,"width":304.109375,"height":38}},{"text":"An interaction sample (sample3.inscore)","targetRectangle":{"y":157.3436279296875,"x":77.40677642822266,"width":590.042,"height":46}},{"text":"￼","targetRectangle":{"y":721.5918579101562,"x":30.26875245571136,"width":20.016,"height":25}},{"text":"An environment for the design of interactive augmented music scores","targetRectangle":{"y":107.1785278320312,"x":74.31984863281264,"width":853.0499999999997,"height":38}},{"text":"pasted-image.tif","targetRectangle":{"y":-319.1939392089844,"x":-285.0513916015625,"width":236,"height":101}}],"baseLayer":{"animations":[],"initialState":{"affineTransform":[1,0,0,1,0,0],"masksToBounds":false,"rotation":0,"scale":1,"position":{"pointX":512,"pointY":384},"width":1024,"sublayerTransform":[1,0,0,0,0,1,0,0,0,0,1,0,0,0,0,1],"contentsRect":{"y":0,"x":0,"width":1,"height":1},"opacity":1,"edgeAntialiasingMask":251658240,"height":768,"hidden":false,"anchorPoint":{"pointX":0.5,"pointY":0.5}},"objectID":"0","layers":[{"animations":[],"initialState":{"affineTransform":[1,0,0,1,0,0],"masksToBounds":false,"rotation":0,"scale":1,"position":{"pointX":512,"pointY":384},"width":1024,"sublayerTransform":[1,0,0,0,0,1,0,0,0,0,1,-0.0004922987690640373,0,0,0,1],"contentsRect":{"y":0,"x":0,"width":1,"height":1},"opacity":1,"edgeAntialiasingMask":251658240,"height":768,"hidden":false,"anchorPoint":{"pointX":0.5,"pointY":0.5}},"layers":[{"animations":[],"initialState":{"affineTransform":[1,0,0,1,0,0],"masksToBounds":false,"rotation":0,"scale":1,"position":{"pointX":512,"pointY":384},"width":1024,"sublayerTransform":[1,0,0,0,0,1,0,0,0,0,1,0,0,0,0,1],"contentsRect":{"y":0,"x":0,"width":1,"height":1},"opacity":1,"edgeAntialiasingMask":251658240,"height":768,"hidden":false,"anchorPoint":{"pointX":0.5,"pointY":0.5}},"layers":[{"animations":[],"layers":[],"initialState":{"affineTransform":[1,0,0,1,0,0],"masksToBounds":false,"rotation":0,"scale":1,"position":{"pointX":512,"pointY":384},"width":1024,"sublayerTransform":[1,0,0,0,0,1,0,0,0,0,1,0,0,0,0,1],"contentsRect":{"y":0,"x":0,"width":1,"height":1},"opacity":1,"edgeAntialiasingMask":0,"height":768,"hidden":false,"anchorPoint":{"pointX":0.5,"pointY":0.5}},"texture":"DB8451458D98EFA7506DBEBC2B1323F0"}]}]},{"animations":[],"initialState":{"affineTransform":[1,0,0,1,0,0],"masksToBounds":false,"rotation":0,"scale":1,"position":{"pointX":511.9999976158142,"pointY":69.49999928474426},"width":884.8416242599487,"sublayerTransform":[1,0,0,0,0,1,0,0,0,0,1,0,0,0,0,1],"contentsRect":{"y":0,"x":0,"width":1,"height":1},"opacity":1,"edgeAntialiasingMask":251658240,"height":88.99999856948853,"hidden":false,"anchorPoint":{"pointX":0.5,"pointY":0.5}},"layers":[{"animations":[],"layers":[],"initialState":{"affineTransform":[1,0,0,1,0,0],"masksToBounds":false,"rotation":0,"scale":1,"position":{"pointX":442.4208068847656,"pointY":44.5},"width":191,"sublayerTransform":[1,0,0,0,0,1,0,0,0,0,1,0,0,0,0,1],"contentsRect":{"y":0,"x":0,"width":1,"height":1},"opacity":1,"edgeAntialiasingMask":0,"height":42,"hidden":false,"anchorPoint":{"pointX":2.282722473144531,"pointY":0.4404761904761905}},"texture":"A195FFC70B722049AFF55E5FCD5FB274"}]},{"animations":[],"initialState":{"affineTransform":[1,0,0,1,0,0],"masksToBounds":false,"rotation":0,"scale":1,"position":{"pointX":40.27675247192383,"pointY":734.0918585658073},"width":29.01600003242493,"sublayerTransform":[1,0,0,0,0,1,0,0,0,0,1,0,0,0,0,1],"contentsRect":{"y":0,"x":0,"width":1,"height":1},"opacity":1,"edgeAntialiasingMask":251658240,"height":33.00000131130219,"hidden":false,"anchorPoint":{"pointX":0.5,"pointY":0.5}},"layers":[{"animations":[],"layers":[],"initialState":{"affineTransform":[1,0,0,1,0,0],"masksToBounds":false,"rotation":0,"scale":1,"position":{"pointX":14.50799999999999,"pointY":16.5},"width":23,"sublayerTransform":[1,0,0,0,0,1,0,0,0,0,1,0,0,0,0,1],"contentsRect":{"y":0,"x":0,"width":1,"height":1},"opacity":1,"edgeAntialiasingMask":0,"height":17,"hidden":false,"anchorPoint":{"pointX":0.5337718459004939,"pointY":0.5348151711856618}},"texture":"C0BD86726DDC00B316E85C7E09E8768F"}]},{"animations":[],"initialState":{"affineTransform":[1,0,0,1,0,0],"masksToBounds":false,"rotation":0,"scale":1,"position":{"pointX":500.844831943512,"pointY":126.2444611787796},"width":862.9231233596802,"sublayerTransform":[1,0,0,0,0,1,0,0,0,0,1,0,0,0,0,1],"contentsRect":{"y":0,"x":0,"width":1,"height":1},"opacity":1,"edgeAntialiasingMask":251658240,"height":46.1318666934967,"hidden":false,"anchorPoint":{"pointX":0.5,"pointY":0.5}},"layers":[{"animations":[],"layers":[],"initialState":{"affineTransform":[1,0,0,1,0,0],"masksToBounds":false,"rotation":0,"scale":1,"position":{"pointX":431.4615783691407,"pointY":23.06593322753906},"width":857,"sublayerTransform":[1,0,0,0,0,1,0,0,0,0,1,0,0,0,0,1],"contentsRect":{"y":0,"x":0,"width":1,"height":1},"opacity":1,"edgeAntialiasingMask":0,"height":32,"hidden":false,"anchorPoint":{"pointX":0.5004023904700263,"pointY":0.4451394081115723}},"texture":"2F5273E48820B549F9C0D4E271FD3C8D"}]},{"animations":[],"initialState":{"affineTransform":[1,0,0,1,0,0],"masksToBounds":false,"rotation":0,"scale":1,"position":{"pointX":-167.0513916015625,"pointY":-268.6939392089844},"width":236,"sublayerTransform":[1,0,0,0,0,1,0,0,0,0,1,0,0,0,0,1],"contentsRect":{"y":0,"x":0,"width":1,"height":1},"opacity":1,"edgeAntialiasingMask":251658240,"height":101,"hidden":false,"anchorPoint":{"pointX":0.5,"pointY":0.5}},"layers":[{"animations":[],"layers":[],"initialState":{"affineTransform":[1,0,0,1,0,0],"masksToBounds":false,"rotation":0,"scale":1,"position":{"pointX":118,"pointY":50.5},"width":239,"sublayerTransform":[1,0,0,0,0,1,0,0,0,0,1,0,0,0,0,1],"contentsRect":{"y":0,"x":0,"width":1,"height":1},"opacity":1,"edgeAntialiasingMask":0,"height":104,"hidden":false,"anchorPoint":{"pointX":0.5018770225876046,"pointY":0.5029428922213041}},"texture":"593E206575F248496DFDFB43E256EC77"}]},{"animations":[],"initialState":{"affineTransform":[1,0,0,1,0,0],"masksToBounds":false,"rotation":0,"scale":1,"position":{"pointX":516.7440586090088,"pointY":461.0811014175415},"width":884.8416328430176,"sublayerTransform":[1,0,0,0,0,1,0,0,0,0,1,0,0,0,0,1],"contentsRect":{"y":0,"x":0,"width":1,"height":1},"opacity":1,"edgeAntialiasingMask":251658240,"height":472.965669631958,"hidden":false,"anchorPoint":{"pointX":0.5,"pointY":0.5}},"layers":[{"animations":[],"layers":[],"initialState":{"affineTransform":[1,0,0,1,0,0],"masksToBounds":false,"rotation":0,"scale":1,"position":{"pointX":442.4208068847656,"pointY":236.4828338623047},"width":888,"sublayerTransform":[1,0,0,0,0,1,0,0,0,0,1,0,0,0,0,1],"contentsRect":{"y":0,"x":0,"width":1,"height":1},"opacity":1,"edgeAntialiasingMask":0,"height":477,"hidden":false,"anchorPoint":{"pointX":0.4997117669732721,"pointY":0.5012182399661786}},"texture":"510A3A213163D79829E94B4ADE0FA67A"}]},{"animations":[],"initialState":{"affineTransform":[1,0,0,1,0,0],"masksToBounds":false,"rotation":0,"scale":1,"position":{"pointX":617.424437046051,"pointY":409.8515800833702},"width":70.26989459991455,"sublayerTransform":[1,0,0,0,0,1,0,0,0,0,1,0,0,0,0,1],"contentsRect":{"y":0,"x":0,"width":1,"height":1},"opacity":1,"edgeAntialiasingMask":251658240,"height":25.61130225658417,"hidden":false,"anchorPoint":{"pointX":0.5,"pointY":0.5}},"layers":[{"animations":[],"layers":[],"initialState":{"affineTransform":[1,0,0,1,0,0],"masksToBounds":false,"rotation":0,"scale":1,"position":{"pointX":35.13494873046875,"pointY":12.80565166473389},"width":79,"sublayerTransform":[1,0,0,0,0,1,0,0,0,0,1,0,0,0,0,1],"contentsRect":{"y":0,"x":0,"width":1,"height":1},"opacity":1,"edgeAntialiasingMask":0,"height":38,"hidden":false,"anchorPoint":{"pointX":0.4990435250197785,"pointY":0.4960942268371582}},"texture":"00D16C07422EE09CB60B71A3B39C3F75"}]},{"animations":[],"initialState":{"affineTransform":[1,0,0,1,0,0],"masksToBounds":false,"rotation":0,"scale":1,"position":{"pointX":684.7462363243103,"pointY":336.6244812011719},"width":389.3318891525269,"sublayerTransform":[1,0,0,0,0,1,0,0,0,0,1,0,0,0,0,1],"contentsRect":{"y":0,"x":0,"width":1,"height":1},"opacity":1,"edgeAntialiasingMask":251658240,"height":83.99999737739563,"hidden":false,"anchorPoint":{"pointX":0.5,"pointY":0.5}},"layers":[{"animations":[],"layers":[],"initialState":{"affineTransform":[1,0,0,1,0,0],"masksToBounds":false,"rotation":0,"scale":1,"position":{"pointX":194.6659393310547,"pointY":42},"width":302,"sublayerTransform":[1,0,0,0,0,1,0,0,0,0,1,0,0,0,0,1],"contentsRect":{"y":0,"x":0,"width":1,"height":1},"opacity":1,"edgeAntialiasingMask":0,"height":34,"hidden":false,"anchorPoint":{"pointX":0.6349212949639125,"pointY":-0.1581034555154688}},"texture":"F456DD54DF453DC8A1DFCC384820EB5A"}]},{"animations":[],"initialState":{"affineTransform":[1,0,0,1,0,0],"masksToBounds":false,"rotation":0,"scale":1,"position":{"pointX":684.7462363243103,"pointY":336.6244812011719},"width":389.3318891525269,"sublayerTransform":[1,0,0,0,0,1,0,0,0,0,1,0,0,0,0,1],"contentsRect":{"y":0,"x":0,"width":1,"height":1},"opacity":1,"edgeAntialiasingMask":251658240,"height":83.99999737739563,"hidden":false,"anchorPoint":{"pointX":0.5,"pointY":0.5}},"layers":[{"animations":[],"layers":[],"initialState":{"affineTransform":[1,0,0,1,0,0],"masksToBounds":false,"rotation":0,"scale":1,"position":{"pointX":194.6659393310547,"pointY":42},"width":209,"sublayerTransform":[1,0,0,0,0,1,0,0,0,0,1,0,0,0,0,1],"contentsRect":{"y":0,"x":0,"width":1,"height":1},"opacity":1,"edgeAntialiasingMask":0,"height":28,"hidden":false,"anchorPoint":{"pointX":0.9174460817181893,"pointY":1.165160089731216}},"texture":"6E030A051E23720D2AD7608B9DE19BAC"}]},{"animations":[],"initialState":{"affineTransform":[1,0,0,1,0,0],"masksToBounds":false,"rotation":0,"scale":1,"position":{"pointX":554.1073694229126,"pointY":584.44873046875},"width":589.7240161895752,"sublayerTransform":[1,0,0,0,0,1,0,0,0,0,1,0,0,0,0,1],"contentsRect":{"y":0,"x":0,"width":1,"height":1},"opacity":1,"edgeAntialiasingMask":251658240,"height":122.0000028610229,"hidden":false,"anchorPoint":{"pointX":0.5,"pointY":0.5}},"layers":[{"animations":[],"layers":[],"initialState":{"affineTransform":[1,0,0,1,0,0],"masksToBounds":false,"rotation":0,"scale":1,"position":{"pointX":294.8619995117188,"pointY":61},"width":535,"sublayerTransform":[1,0,0,0,0,1,0,0,0,0,1,0,0,0,0,1],"contentsRect":{"y":0,"x":0,"width":1,"height":1},"opacity":1,"edgeAntialiasingMask":0,"height":34,"hidden":false,"anchorPoint":{"pointX":0.5459950669903622,"pointY":0.395550854065839}},"texture":"E2FBFEEC8BF2A9C5355678529EEF7F59"}]},{"animations":[],"initialState":{"affineTransform":[1,0,0,1,0,0],"masksToBounds":false,"rotation":0,"scale":1,"position":{"pointX":554.1073694229126,"pointY":584.44873046875},"width":589.7240161895752,"sublayerTransform":[1,0,0,0,0,1,0,0,0,0,1,0,0,0,0,1],"contentsRect":{"y":0,"x":0,"width":1,"height":1},"opacity":1,"edgeAntialiasingMask":251658240,"height":122.0000028610229,"hidden":false,"anchorPoint":{"pointX":0.5,"pointY":0.5}},"layers":[{"animations":[],"layers":[],"initialState":{"affineTransform":[1,0,0,1,0,0],"masksToBounds":false,"rotation":0,"scale":1,"position":{"pointX":294.8619995117188,"pointY":61},"width":506,"sublayerTransform":[1,0,0,0,0,1,0,0,0,0,1,0,0,0,0,1],"contentsRect":{"y":0,"x":0,"width":1,"height":1},"opacity":1,"edgeAntialiasingMask":0,"height":34,"hidden":false,"anchorPoint":{"pointX":0.577287274387043,"pointY":-0.7220962047576904}},"texture":"0D0258A4E44BAB4B5C10C7767AA3FC79"}]},{"animations":[],"initialState":{"affineTransform":[1,0,0,1,0,0],"masksToBounds":false,"rotation":0,"scale":1,"position":{"pointX":554.1073694229126,"pointY":584.44873046875},"width":589.7240161895752,"sublayerTransform":[1,0,0,0,0,1,0,0,0,0,1,0,0,0,0,1],"contentsRect":{"y":0,"x":0,"width":1,"height":1},"opacity":1,"edgeAntialiasingMask":251658240,"height":122.0000028610229,"hidden":false,"anchorPoint":{"pointX":0.5,"pointY":0.5}},"layers":[{"animations":[],"layers":[],"initialState":{"affineTransform":[1,0,0,1,0,0],"masksToBounds":false,"rotation":0,"scale":1,"position":{"pointX":294.8619995117188,"pointY":61},"width":553,"sublayerTransform":[1,0,0,0,0,1,0,0,0,0,1,0,0,0,0,1],"contentsRect":{"y":0,"x":0,"width":1,"height":1},"opacity":1,"edgeAntialiasingMask":0,"height":34,"hidden":false,"anchorPoint":{"pointX":0.5282230756597536,"pointY":1.513197912889368}},"texture":"F74786B2A1F1741E119E98C9A171ECDF"}]},{"animations":[],"initialState":{"affineTransform":[1,0,0,1,0,0],"masksToBounds":false,"rotation":0,"scale":1,"position":{"pointX":528.2979941368103,"pointY":440.9999870657921},"width":389.3318891525269,"sublayerTransform":[1,0,0,0,0,1,0,0,0,0,1,0,0,0,0,1],"contentsRect":{"y":0,"x":0,"width":1,"height":1},"opacity":1,"edgeAntialiasingMask":251658240,"height":25.61130225658417,"hidden":false,"anchorPoint":{"pointX":0.5,"pointY":0.5}},"layers":[{"animations":[],"layers":[],"initialState":{"affineTransform":[1,0,0,1,0,0],"masksToBounds":false,"rotation":0,"scale":1,"position":{"pointX":194.6659393310547,"pointY":12.80565166473389},"width":398,"sublayerTransform":[1,0,0,0,0,1,0,0,0,0,1,0,0,0,0,1],"contentsRect":{"y":0,"x":0,"width":1,"height":1},"opacity":1,"edgeAntialiasingMask":0,"height":38,"hidden":false,"anchorPoint":{"pointX":0.5007487158080441,"pointY":0.499999673742997}},"texture":"E75C696CE19769240126F6070494189B"}]},{"animations":[],"initialState":{"affineTransform":[1,0,0,1,0,0],"masksToBounds":false,"rotation":0,"scale":1,"position":{"pointX":520.9854102134705,"pointY":498.243364751339},"width":374.7067213058472,"sublayerTransform":[1,0,0,0,0,1,0,0,0,0,1,0,0,0,0,1],"contentsRect":{"y":0,"x":0,"width":1,"height":1},"opacity":1,"edgeAntialiasingMask":251658240,"height":25.61130225658417,"hidden":false,"anchorPoint":{"pointX":0.5,"pointY":0.5}},"layers":[{"animations":[],"layers":[],"initialState":{"affineTransform":[1,0,0,1,0,0],"masksToBounds":false,"rotation":0,"scale":1,"position":{"pointX":187.3533630371094,"pointY":12.80565166473389},"width":384,"sublayerTransform":[1,0,0,0,0,1,0,0,0,0,1,0,0,0,0,1],"contentsRect":{"y":0,"x":0,"width":1,"height":1},"opacity":1,"edgeAntialiasingMask":0,"height":39,"hidden":false,"anchorPoint":{"pointX":0.4999620119730632,"pointY":0.4934196227636093}},"texture":"C37A6C74E3B2F5040DE359F5FAD460A0"}]},{"animations":[],"initialState":{"affineTransform":[1,0,0,1,0,0],"masksToBounds":false,"rotation":0,"scale":1,"position":{"pointX":506.4668116569519,"pointY":456.6597595214844},"width":812.9336233139038,"sublayerTransform":[1,0,0,0,0,1,0,0,0,0,1,0,0,0,0,1],"contentsRect":{"y":0,"x":0,"width":1,"height":1},"opacity":1,"edgeAntialiasingMask":251658240,"height":124.0000017285347,"hidden":false,"anchorPoint":{"pointX":0.5,"pointY":0.5}},"layers":[{"animations":[],"layers":[],"initialState":{"affineTransform":[1,0,0,1,0,0],"masksToBounds":false,"rotation":0,"scale":1,"position":{"pointX":406.4668273925781,"pointY":62},"width":531,"sublayerTransform":[1,0,0,0,0,1,0,0,0,0,1,0,0,0,0,1],"contentsRect":{"y":0,"x":0,"width":1,"height":1},"opacity":1,"edgeAntialiasingMask":0,"height":22,"hidden":false,"anchorPoint":{"pointX":0.7560580553532544,"pointY":2.43907993896441}},"texture":"2EAA4E2785B165B658078E55FF1C20F3"}]},{"animations":[],"initialState":{"affineTransform":[1,0,0,1,0,0],"masksToBounds":false,"rotation":0,"scale":1,"position":{"pointX":506.4668116569519,"pointY":456.6597595214844},"width":812.9336233139038,"sublayerTransform":[1,0,0,0,0,1,0,0,0,0,1,0,0,0,0,1],"contentsRect":{"y":0,"x":0,"width":1,"height":1},"opacity":1,"edgeAntialiasingMask":251658240,"height":124.0000017285347,"hidden":false,"anchorPoint":{"pointX":0.5,"pointY":0.5}},"layers":[{"animations":[],"layers":[],"initialState":{"affineTransform":[1,0,0,1,0,0],"masksToBounds":false,"rotation":0,"scale":1,"position":{"pointX":406.4668273925781,"pointY":62},"width":426,"sublayerTransform":[1,0,0,0,0,1,0,0,0,0,1,0,0,0,0,1],"contentsRect":{"y":0,"x":0,"width":1,"height":1},"opacity":1,"edgeAntialiasingMask":0,"height":25,"hidden":false,"anchorPoint":{"pointX":0.4306733037384463,"pointY":0.9863903462886811}},"texture":"1C0DED6CF22CA545DD08E851BDA7DD2F"}]},{"animations":[],"initialState":{"affineTransform":[1,0,0,1,0,0],"masksToBounds":false,"rotation":0,"scale":1,"position":{"pointX":506.4668116569519,"pointY":456.6597595214844},"width":812.9336233139038,"sublayerTransform":[1,0,0,0,0,1,0,0,0,0,1,0,0,0,0,1],"contentsRect":{"y":0,"x":0,"width":1,"height":1},"opacity":1,"edgeAntialiasingMask":251658240,"height":124.0000017285347,"hidden":false,"anchorPoint":{"pointX":0.5,"pointY":0.5}},"layers":[{"animations":[],"layers":[],"initialState":{"affineTransform":[1,0,0,1,0,0],"masksToBounds":false,"rotation":0,"scale":1,"position":{"pointX":406.4668273925781,"pointY":62},"width":545,"sublayerTransform":[1,0,0,0,0,1,0,0,0,0,1,0,0,0,0,1],"contentsRect":{"y":0,"x":0,"width":1,"height":1},"opacity":1,"edgeAntialiasingMask":0,"height":22,"hidden":false,"anchorPoint":{"pointX":0.7366363805368406,"pointY":-0.1972836973992261}},"texture":"7C9271C860898E67CA1988CCE7CB2ABC"}]},{"animations":[],"initialState":{"affineTransform":[1,0,0,1,0,0],"masksToBounds":false,"rotation":0,"scale":1,"position":{"pointX":506.4668116569519,"pointY":456.6597595214844},"width":812.9336233139038,"sublayerTransform":[1,0,0,0,0,1,0,0,0,0,1,0,0,0,0,1],"contentsRect":{"y":0,"x":0,"width":1,"height":1},"opacity":1,"edgeAntialiasingMask":251658240,"height":124.0000017285347,"hidden":false,"anchorPoint":{"pointX":0.5,"pointY":0.5}},"layers":[{"animations":[],"layers":[],"initialState":{"affineTransform":[1,0,0,1,0,0],"masksToBounds":false,"rotation":0,"scale":1,"position":{"pointX":406.4668273925781,"pointY":62},"width":411,"sublayerTransform":[1,0,0,0,0,1,0,0,0,0,1,0,0,0,0,1],"contentsRect":{"y":0,"x":0,"width":1,"height":1},"opacity":1,"edgeAntialiasingMask":0,"height":25,"hidden":false,"anchorPoint":{"pointX":0.446391307524521,"pointY":-1.333609653711319}},"texture":"6C40DEB13946BF80025635D75267557D"}]},{"animations":[],"initialState":{"affineTransform":[1,0,0,1,0,0],"masksToBounds":false,"rotation":0,"scale":1,"position":{"pointX":372.9277621172369,"pointY":180.3436279296875},"width":599.0419713780284,"sublayerTransform":[1,0,0,0,0,1,0,0,0,0,1,0,0,0,0,1],"contentsRect":{"y":0,"x":0,"width":1,"height":1},"opacity":1,"edgeAntialiasingMask":251658240,"height":56,"hidden":false,"anchorPoint":{"pointX":0.5,"pointY":0.5}},"layers":[{"animations":[],"layers":[],"initialState":{"affineTransform":[1,0,0,1,0,0],"masksToBounds":false,"rotation":0,"scale":1,"position":{"pointX":299.521,"pointY":28},"width":593,"sublayerTransform":[1,0,0,0,0,1,0,0,0,0,1,0,0,0,0,1],"contentsRect":{"y":0,"x":0,"width":1,"height":1},"opacity":1,"edgeAntialiasingMask":0,"height":39,"hidden":false,"anchorPoint":{"pointX":0.5007213767760922,"pointY":0.4447084084535257}},"texture":"61CD49CA928B1F6093AF24D91B32445F"}]}]}}]}